long_dte,short_delta,front_vol_mult,n_days,sharpe,ann_return,maxdd_frac,win_rate,short_itm_rate,short_leg_sharpe,short_leg_ann_return,long_leg_ann_return,worst_year_sharpe,stress_year_sharpe_mean
45,0.1,0.85,3787,-1.399758585183466,-0.10346034384889873,-1.5608888049904066,0.4121996303142329,0.05862160021124901,-1.882354766577226,-0.08147196674511213,-0.021988377103786576,-5.1037467216732155,-0.6614683815624642
45,0.1,1.0,3787,-0.8316841055221162,-0.06584863936161532,-0.9956713605735358,0.4129918141008714,0.040401373118563504,-1.1283972845294379,-0.0445079431929176,-0.021340696168697708,-4.86634902234399,-0.07007136881949683
45,0.1,1.1,3787,-0.5291480384689949,-0.043705610372272406,-0.6958638042662639,0.4151043041985741,0.031687351465540005,-0.6159825153795313,-0.02284019294726022,-0.020865417425012182,-4.738106344166959,0.24350466405494942
45,0.1,1.2,3787,-0.26360104913862886,-0.02268052918759437,-0.5554310026561577,0.4156324267229997,0.02667018748349617,-0.06665632856615314,-0.0023239683475210033,-0.02035656084007337,-4.597875639090875,0.5120444258941822
45,0.1,1.3,3787,-0.02287964359025741,-0.002048964471055718,-0.43583059028556,0.4172167942962767,0.022181146025878003,0.5412138909811988,0.01776555535915387,-0.01981451983020959,-4.444669992715093,0.7563506446386412
45,0.2,0.85,3787,-1.6933397139414355,-0.10601640711414755,-1.5994370905842503,0.4333245312912596,0.10905730129390019,-1.6241951418543263,-0.08295436288335571,-0.023062044230791834,-5.206798570082432,-1.0786781056793233
45,0.2,1.0,3787,-0.7348622669876901,-0.04875074474531261,-0.740570427051213,0.44573541061526273,0.09242144177449169,-0.5408246898083103,-0.026023072448699926,-0.02272767229661268,-4.493896043406855,-0.08367668705985398
45,0.2,1.1,3787,-0.1674838597707195,-0.011535680977038698,-0.3696252412592362,0.45365724848164773,0.07895431740163718,0.23646503532850655,0.010954570548109234,-0.022490251525147928,-3.981164217251101,0.49242576423967693
45,0.2,1.2,3787,0.3451566814502927,0.024638379198044465,-0.1660914449580476,0.45709004489041455,0.068127805650911,1.049431085492806,0.04687860751303709,-0.022240228314992616,-3.445985291585511,1.0073254262374847
45,0.2,1.3,3787,0.811604653771205,0.05993548316839538,-0.11958541529349065,0.46105096382360705,0.05862160021124901,1.8986203601791358,0.08191374790143148,-0.021978264733036105,-2.9393743257945584,1.4690959659695075
45,0.3,0.85,3787,-1.9289007992419527,-0.10440056406692359,-1.5753285522997016,0.4526010034327964,0.1542117771322947,-1.4120879108802298,-0.08070661428664595,-0.023693949780277637,-5.036478874301233,-1.4813476849626996
45,0.3,1.0,3787,-0.6315931622246918,-0.035574238355545414,-0.5466427520341638,0.4721415368365461,0.14153683654607868,-0.21863415772696593,-0.012053056828109901,-0.023521181527435514,-3.9978666421549858,-0.1549067169444252
45,0.3,1.1,3787,0.18601352583764316,0.010774959508639584,-0.1525097943990811,0.4834961711116979,0.1320306311064167,0.6337600877061187,0.03417596819408517,-0.023401008685445587,-3.2837184600505194,0.6604884708321164
45,0.3,1.2,3787,0.9647413287799608,0.05752697624899439,-0.08021777616848014,0.4953789279112754,0.12410879324003168,1.5290108728695904,0.08080378599292523,-0.02327680974393083,-2.5386982120760493,1.4320812364681514
45,0.3,1.3,3787,1.7040262865738038,0.10462907663460458,-0.07181078530135554,0.5091101135463427,0.11539477158700819,2.462563110502804,0.127777634826567,-0.02314855819196241,-1.7817204034049907,2.1572937256216638
60,0.1,0.85,3846,-1.3036944461191198,-0.08450012784300305,-1.2930695470975622,0.4110764430577223,0.04966198647945918,-1.7530636970539832,-0.06100217597320988,-0.023497951869793154,-5.325231994978605,-0.7268141384325972
60,0.1,1.0,3846,-0.8264229678147592,-0.05676541053129738,-0.8697407612404165,0.4123764950598024,0.03380135205408216,-1.0591770869819779,-0.0335079398544862,-0.023257470676811186,-5.255029185347072,-0.18474861768932704
60,0.1,1.1,3846,-0.5681547693728447,-0.04046451892213185,-0.6209279359806833,0.4131565262610504,0.02704108164326573,-0.5851180849093243,-0.017386704276688838,-0.02307781464544301,-5.202230457909352,0.1124182820496312
60,0.1,1.2,3846,-0.3397388040463007,-0.025055825539475954,-0.39902000898709,0.4139365574622985,0.0218408736349454,-0.0778611488145621,-0.002175708959619947,-0.02288011657985601,-5.144058326646209,0.3601932425594073
60,0.1,1.3,3846,-0.13395310709029346,-0.010219801958132482,-0.2723871468242533,0.41445657826313054,0.017420696827873113,0.4726955157844777,0.012446726299594578,-0.022666528257727064,-5.079954320914445,0.5787064048877065
60,0.2,0.85,3846,-1.5730617737018817,-0.08757139150173018,-1.3400257132689533,0.42875715028601147,0.09750390015600624,-1.5386499341490827,-0.0637042934493165,-0.023867098052413688,-4.863679518518308,-1.1575179506962343
60,0.2,1.0,3846,-0.7171796461161176,-0.04210084406437241,-0.6460316548398183,0.43551742069682786,0.08502340093603744,-0.4720095665450893,-0.018345235689158107,-0.023755608375214305,-4.665114609829085,-0.22383505150779773
60,0.2,1.1,3846,-0.20811584042332876,-0.01264356188702443,-0.27172751055246497,0.43993759750390016,0.0720228809152366,0.29516306923479996,0.011030262073470654,-0.02367382396049508,-4.516846845079891,0.3218692684403758
60,0.2,1.2,3846,0.2490727841983203,0.015630914119950153,-0.1455436808541079,0.4459178367134685,0.059542381695267814,1.088634268104784,0.039216759906683385,-0.023585845786733225,-4.354568231909603,0.8119137834970394
60,0.2,1.3,3846,0.6583311567809993,0.04255009448797921,-0.11083090383679184,0.44929797191887677,0.04966198647945918,1.8976571672179936,0.06604117206525123,-0.023491077577272014,-4.177146452709134,1.2456534588317303
60,0.3,0.85,3846,-1.7602092176674509,-0.08583293582432557,-1.3135499472101346,0.4425377015080603,0.13624544981799272,-1.3199958127272435,-0.061775458430546534,-0.024057477393779024,-4.318647293624007,-1.5403800842593092
60,0.3,1.0,3846,-0.6298769851077894,-0.03179546758531108,-0.48881954582251314,0.4594383775351014,0.12558502340093602,-0.172982331023055,-0.007788627835886216,-0.02400683974942486,-3.9236151694444823,-0.3202985445273044
60,0.3,1.1,3846,0.08893660189602348,0.004601623121606306,-0.1574764109325651,0.4713988559542382,0.11778471138845553,0.6495374320242134,0.028571936045143836,-0.02397031292353753,-3.6578716905944995,0.4423762648335082
60,0.3,1.2,3846,0.7774088334386903,0.04127455554799454,-0.0935645214409595,0.4823192927717109,0.109464378575143,1.5138094619142122,0.06520612291405113,-0.023931567366056585,-3.368559810806898,1.1720808490922636
60,0.3,1.3,3846,1.434505240141945,0.0782142540670676,-0.08749649258335368,0.4908996359854394,0.1029641185647426,2.414739912795623,0.10210485378279947,-0.023890599715731896,-3.054126177802627,1.8624712009471653
90,0.1,0.85,3888,-1.3433787501785341,-0.07725926286814301,-1.196347603991318,0.4133230452674897,0.04552469135802469,-2.05324486338153,-0.049059889465797216,-0.028199373402345792,-4.715071342327952,-0.7284923684964321
90,0.1,1.0,3888,-0.9295273660603226,-0.05620093691353203,-0.8714433933244988,0.4138374485596708,0.03292181069958848,-1.3129601909858692,-0.02778539089023722,-0.028415546023294807,-4.648517937236054,-0.24436234547202784
90,0.1,1.1,3888,-0.6999016284381663,-0.04365329577560135,-0.6836598047599382,0.41435185185185186,0.02726337448559671,-0.7720200920053032,-0.015098715503442413,-0.028554580272158927,-4.596609102092204,0.030863068388962245
90,0.1,1.2,3888,-0.5004777016947427,-0.032122803654012225,-0.5241593144008484,0.4161522633744856,0.021604938271604937,-0.18951888230057606,-0.003433712773148845,-0.028689090880863383,-4.538499084864425,0.2684148370529749
90,0.1,1.3,3888,-0.3228598203942123,-0.021277554875417635,-0.41634960806113375,0.4166666666666667,0.01748971193415638,0.44799826895851375,0.007541651014603191,-0.028819205890020825,-4.474029181033551,0.4740534394322566
90,0.2,0.85,3888,-1.5242398797450831,-0.0769234073607976,-1.191171835584173,0.43106995884773663,0.08487654320987655,-1.6451771763389935,-0.049173762640994316,-0.02774964471980328,-4.313308694915045,-1.0043125487732105
90,0.2,1.0,3888,-0.8258450982091986,-0.04353780676373344,-0.6760780861310408,0.43544238683127573,0.06995884773662552,-0.563971720609895,-0.01563575214955512,-0.027902054614178315,-4.112338791596184,-0.1995510178745024
90,0.2,1.1,3888,-0.4102028446073855,-0.02224065892765279,-0.42774319288705137,0.43930041152263377,0.06147119341563786,0.217757754502887,0.005760985372859624,-0.028001644300512413,-3.95898129856816,0.26614197188536604
90,0.2,1.2,3888,-0.027763067076190265,-0.001546346807515663,-0.24506477099300245,0.44290123456790126,0.05298353909465021,1.0482381638279221,0.026553108600985233,-0.0280994554085009,-3.7901429994481615,0.6882584239328189
90,0.2,1.3,3888,0.3244873824835997,0.01853303671226022,-0.14906752343229854,0.448559670781893,0.045781893004115226,1.9195873142588546,0.04672832609483381,-0.028195289382573586,-3.605833855536188,1.0726475976135372
90,0.3,0.85,3888,-1.659348452239443,-0.07446555654276879,-1.1532530124847664,0.4462448559670782,0.1190843621399177,-1.352633027137343,-0.047059122737260095,-0.0274064338055087,-3.767514634417438,-1.2488532063787114
90,0.3,1.0,3888,-0.7276215539837819,-0.03358405295689147,-0.5226854833838513,0.46039094650205764,0.1095679012345679,-0.18255476359876383,-0.006078938610144464,-0.027505114346747003,-3.3834410278801723,-0.18993426234199903
90,0.3,1.1,3888,-0.12925367046625622,-0.0060902544823901485,-0.24972938288715252,0.4678497942386831,0.102880658436214,0.6617399458133132,0.021479744339519293,-0.027569998821909438,-3.094572626296276,0.47529111329942114
90,0.3,1.2,3888,0.44925464775130747,0.0216343872178496,-0.11998725352529677,0.4737654320987654,0.09619341563786009,1.5516875006708484,0.0492685477958078,-0.027634160577958197,-2.78086857989379,1.1158042421604577
90,0.3,1.3,3888,1.005182958231481,0.049497972080835194,-0.08380042509914437,0.4843106995884774,0.09079218106995884,2.4765303209623357,0.07719543476902897,-0.027697462688193782,-2.4433456988238356,1.7235777941025425
120,0.1,0.85,3905,-1.0155346950123054,-0.05356963161952977,-0.8315359788072917,0.4102432778489116,0.042509603072983355,-1.7362895447907882,-0.041665573903876166,-0.011904057715653596,-4.882987587093868,-0.39068082913850083
120,0.1,1.0,3905,-0.6392435825320956,-0.03541252948761364,-0.5501395596916299,0.41101152368758004,0.031241997439180536,-1.0910811976123689,-0.02355230942905634,-0.011860220058557306,-4.883868783627203,0.07067663514055633
120,0.1,1.1,3905,-0.43645566493008187,-0.02491128790527507,-0.3891345347436041,0.4115236875800256,0.024583866837387964,-0.648675707870056,-0.013084441400922582,-0.011826846504352485,-4.8829032647248525,0.3147767060083369
120,0.1,1.2,3905,-0.2640297704967202,-0.015485414423248012,-0.32232975340768694,0.4115236875800256,0.018437900128040974,-0.19563158889209192,-0.0036953350015974927,-0.011790079421650517,-4.880556233547246,0.5154124121208505
120,0.1,1.3,3905,-0.11153104792877497,-0.00671079367618604,-0.2598575316558918,0.41357234314980795,0.014596670934699104,0.2841680200858071,0.005039059078735126,-0.011749852754921165,-4.876678544818039,0.6898637047455406
120,0.2,0.85,3905,-1.1894314458662985,-0.055351051443992785,-0.8592063259401604,0.4253521126760563,0.08117797695262484,-1.4882515547581991,-0.04338361051682571,-0.011967440927167073,-4.800918758107636,-0.7299979385152466
120,0.2,1.0,3905,-0.5534891260926325,-0.026893334408451815,-0.41820314564798655,0.4312419974391805,0.0678617157490397,-0.549811678334742,-0.014945110985066004,-0.011948223423385813,-4.769049862334784,0.023676783638649862
120,0.2,1.1,3905,-0.17881398258409067,-0.008931173791354826,-0.23250983834701014,0.43354673495518564,0.05813060179257362,0.11536368696085948,0.0030025408802768832,-0.011933714671631707,-4.742255667129027,0.4565803445417037
120,0.2,1.2,3905,0.1624943729188226,0.008332667111000353,-0.1294234020794595,0.43585147247119077,0.05019206145966709,0.8102401235189846,0.02025049996546421,-0.011917832854463855,-4.710535589365544,0.843098413679563
120,0.2,1.3,3905,0.47319614460257664,0.024865515148037424,-0.10577703244819522,0.43866837387964147,0.04276568501920615,1.527621187374341,0.036766079651838965,-0.011900564503801536,-4.67341299745689,1.1893570821100528
120,0.3,0.85,3905,-1.3229912182779788,-0.05502870826376677,-0.8542579492035508,0.4381562099871959,0.11293213828425096,-1.2891776860921587,-0.04303168353911832,-0.011997024724648437,-4.6962943225958504,-1.067651494639491
120,0.3,1.0,3905,-0.48442918259154083,-0.020728495914039777,-0.33891348545358907,0.44865556978233034,0.10422535211267606,-0.2732962322079355,-0.008739617930272503,-0.011988877983767273,-4.617981186086759,-0.08991453472808529
120,0.3,1.1,3905,0.048659451055328616,0.00212500692233382,-0.11933649834527066,0.45556978233034573,0.09654289372599231,0.45256303080834,0.014107783913304105,-0.011982776990970282,-4.553839406108869,0.5132445712497139
120,0.3,1.2,3905,0.5609443349340244,0.025027228661367765,-0.092926623640074,0.46274007682458385,0.09065300896286811,1.214098453613078,0.0370033675112011,-0.01197613884983333,-4.479107570869479,1.084373626337388
120,0.3,1.3,3905,1.051505860734487,0.047959350042042354,-0.07977413582735454,0.4701664532650448,0.08604353393085787,2.0045589687440524,0.05992831249271393,-0.01196896245067157,-4.392843336599712,1.6204446610784053
180,0.1,0.85,3920,-1.0508839241446428,-0.04278073472128774,-0.6681381417341159,0.40153061224489794,0.03469387755102041,-1.8384198672193421,-0.03223984466864552,-0.01054089005264222,-4.438104254905073,-0.4948316348863905
180,0.1,1.0,3920,-0.7397968748059063,-0.0313243499115136,-0.5043713118238887,0.4020408163265306,0.02346938775510204,-1.3148413252468512,-0.020737969766335324,-0.010586380145178277,-4.433985584490183,-0.09603222020819498
180,0.1,1.1,3920,-0.5732571408213211,-0.02484636831625396,-0.4189466095904065,0.40280612244897956,0.018877551020408164,-0.9658357301263444,-0.014230615859332194,-0.010615752456921765,-4.4297403999713865,0.11817982582746096
180,0.1,1.2,3920,-0.4311447447757204,-0.01909299248604469,-0.3445203134612188,0.40255102040816326,0.013520408163265307,-0.6126235243477747,-0.008448619918876663,-0.01064437256716803,-4.424196575292377,0.29488984217397124
180,0.1,1.3,3920,-0.3056986130596815,-0.013809243958164252,-0.29036814786760223,0.4030612244897959,0.011989795918367347,-0.2426320707804454,-0.003136992961072369,-0.010672250997091884,-4.417247236920356,0.4525890125285881
180,0.2,0.85,3920,-1.209540351192307,-0.0442991302478997,-0.6917948541120464,0.4142857142857143,0.06581632653061224,-1.5799020658846552,-0.03385285025644667,-0.010446279991453027,-4.3688555546919,-0.7658778083645672
180,0.2,1.0,3920,-0.6747128650224201,-0.025620151055488354,-0.4114569688664174,0.4176020408163265,0.0548469387755102,-0.7589997047052471,-0.015141946899315237,-0.010478204156173116,-4.337219195615747,-0.11505748140510956
180,0.2,1.1,3920,-0.36004302664467985,-0.013987029017139496,-0.28484312651788607,0.4193877551020408,0.047193877551020405,-0.18261528487558454,-0.0034879955408191154,-0.010499033476320382,-4.311449108980183,0.2617865239978918
180,0.2,1.2,3920,-0.0707959290565257,-0.002812161697968971,-0.1881008186436937,0.4219387755102041,0.0413265306122449,0.4197811560431897,0.007707341732755362,-0.01051950343072433,-4.281604333754229,0.6031397440426969
180,0.2,1.3,3920,0.19266162815161694,0.007813007246960166,-0.1297801502651994,0.42678571428571427,0.03494897959183674,1.0358153453766596,0.01835262438034286,-0.010539617133382691,-4.247359621139794,0.9137823224408674
180,0.3,0.85,3920,-1.364136019051086,-0.04534037693847784,-0.7080179482248832,0.425765306122449,0.09438775510204081,-1.415876384043244,-0.034966289385312814,-0.010374087553165027,-4.277688223717024,-1.0604501875503494
180,0.3,1.0,3920,-0.6573875628632984,-0.022383717950411833,-0.35950770410453753,0.43214285714285716,0.08852040816326531,-0.5072548722237717,-0.011988992702899605,-0.010394725247512226,-4.2067572777260365,-0.20267776045544011
180,0.3,1.1,3920,-0.20781636425442873,-0.007202998637809748,-0.19887280682626496,0.439030612244898,0.08163265306122448,0.13907059550407616,0.003205268829233684,-0.01040826746704343,-4.1497948781380085,0.32939531207549444
180,0.3,1.2,3920,0.22353820309195324,0.007894507477310794,-0.11007808650754637,0.44260204081632654,0.075,0.8118550992812972,0.018316145656894798,-0.010421638179584003,-4.08438706325461,0.8340935517793409
180,0.3,1.3,3920,0.6347056156707008,0.02285067657185201,-0.0827773446190872,0.4479591836734694,0.07066326530612245,1.501347606593536,0.033285515262582846,-0.010434838690730835,-4.009897853855132,1.3096514118910647
252,0.1,0.85,3927,-0.936750878158954,-0.04377431362991512,-0.6821497207328444,0.40005092946269416,0.03972498090145149,-1.6371033690424197,-0.03320329325769808,-0.010571020372217042,-4.0479459873958605,-0.6566301131885512
252,0.1,1.0,3927,-0.6205140361437931,-0.03027831433085312,-0.4718370649891277,0.4013241660300484,0.02928444104914693,-1.082694377252971,-0.01968413251880941,-0.010594181812043715,-4.0414063114616265,-0.16489604508511252
252,0.1,1.1,3927,-0.4462974175541965,-0.022371301693726073,-0.3486194513938977,0.40106951871657753,0.02291825821237586,-0.6942427552311563,-0.011761601903938271,-0.0106096997897878,-4.0356706390019035,0.09584536257961766
252,0.1,1.2,3927,-0.29913958587407946,-0.015371302764743598,-0.23953613475058738,0.40157881334351925,0.017316017316017316,-0.3000093980564533,-0.004745993418719457,-0.010625309346024143,-4.028759288567657,0.3084303322612629
252,0.1,1.3,3927,-0.1708691571613645,-0.008985852527667162,-0.158993402048724,0.4031066972243443,0.013496307613954673,0.11179849599663086,0.001655183349731942,-0.0106410358773991,-4.02059050121201,0.48671743175783233
252,0.2,0.85,3927,-1.0805211803466026,-0.04515766389209692,-0.7037069289851793,0.41609371021135727,0.07639419404125286,-1.4001944299225144,-0.03463211362617793,-0.010525550265918988,-3.987777844575971,-0.9448690207006042
252,0.2,1.0,3927,-0.5556479693171384,-0.02410017035522657,-0.375560988035614,0.41787624140565316,0.06493506493506493,-0.5880355867970906,-0.013559619688631652,-0.010540550666594919,-3.957198355170724,-0.125344458915613
252,0.2,1.1,3927,-0.24588004703238736,-0.010921730114845228,-0.19854082265020864,0.4206773618538324,0.05474917239623122,-0.016819241580629526,-0.00037121057582315686,-0.010550519539022071,-3.9327392167087973,0.34673187859205157
252,0.2,1.2,3927,0.034286487177619764,0.0015580148521969922,-0.11562266281166064,0.4232238349885409,0.04787369493251846,0.572129585701218,0.012118486675383788,-0.010560471823186795,-3.904774682646264,0.7665214134708347
252,0.2,1.3,3927,0.2894489987178191,0.013440382819912586,-0.09906941765387609,0.4247517188693659,0.03997962821492233,1.1775203108796648,0.02401079758075114,-0.010570414760838552,-3.873060472041867,1.1414746978113999
252,0.3,0.85,3927,-1.186192728216177,-0.044852809291586596,-0.6989562781272237,0.4272981920040744,0.10618792971734148,-1.2112189005334575,-0.034360148574044805,-0.010492660717541792,-3.906556288085044,-1.2279628553466448
252,0.3,1.0,3927,-0.5055069760889692,-0.019575004679479945,-0.305043822921896,0.43570155334861216,0.09676597911892029,-0.333597337733425,-0.009073070021961342,-0.010501934657518601,-3.841443375212203,-0.1543935642241681
252,0.3,1.1,3927,-0.07366485168757106,-0.0029028641500437958,-0.1389104922849219,0.44155844155844154,0.0914183855360326,0.28663808917661393,0.007605209264286765,-0.01050807341433056,-3.789772132736828,0.5086289699989295
252,0.3,1.2,3927,0.3408714100335685,0.01368350979924075,-0.09807645378483937,0.44639674051438755,0.08530685001273236,0.9317886741614686,0.024197689019237443,-0.010514179219996688,-3.7309613640019035,1.136425736967523
252,0.3,1.3,3927,0.7357973292298701,0.03010677478364285,-0.07638972730436708,0.45047109752992104,0.08021390374331551,1.592876933767754,0.040627028670286246,-0.010520253886643394,-3.6645326476692253,1.7258572981037557
