front_dte,long_dte,short_delta,front_vol_mult,n_days,start,end,sharpe,ann_return,ann_vol,maxdd_frac,win_rate,short_itm_rate,mean_short_prem,mean_long_decay,net_theta,worst_year_sharpe,stress_year_sharpe_mean
0,7,0.1,0.85,2632,2010-09-02,2026-05-22,-7.507722019452957,-0.7251978144999672,0.09659358892363575,-7.57428828477744,0.32978723404255317,0.1838905775075988,1.6567246956380066,0.7648274155366537,0.8918972801013529,-9.933288791415466,-7.777626646252807
0,7,0.1,1.0,2632,2010-09-02,2026-05-22,-5.608079477660542,-0.588091475587738,0.10486503943647127,-6.142288745027497,0.35790273556231,0.15653495440729484,1.6370940243662908,0.7319918650556981,0.9051021593105927,-7.779575816160183,-5.647452131179399
0,7,0.1,1.15,2632,2010-09-02,2026-05-22,-3.951406022306749,-0.4491246736948109,0.1136619904812063,-4.6908577030346965,0.3768996960486322,0.12613981762917933,1.6482126018437302,0.6985462282998063,0.9496663735439239,-6.535783297037372,-3.7671936676798525
0,7,0.1,1.3,2632,2010-09-02,2026-05-22,-2.5324987863119204,-0.3101477761073978,0.12246709762853085,-3.2393212171217094,0.38753799392097266,0.10448328267477204,1.6822795354437496,0.6646826907383182,1.0175968447054315,-5.166099719864598,-2.196385450251299
0,7,0.1,1.5,2632,2010-09-02,2026-05-22,-0.9108239328446426,-0.12228947033550225,0.13426246931563768,-1.2781734887293403,0.4088145896656535,0.07560790273556231,1.7539948733479358,0.6191718749247379,1.134822998423198,-3.422129502566618,-0.36046771992108806
0,7,0.2,0.85,2632,2010-09-02,2026-05-22,-8.810399854521371,-0.7182337853707864,0.08152113379986939,-7.501552869428196,0.3066109422492401,0.25,2.763506436250052,0.8266447265933049,1.936861709656747,-11.437996759412918,-9.61013022624781
0,7,0.2,1.0,2632,2010-09-02,2026-05-22,-6.627762122587881,-0.5671273817872028,0.08556845754231171,-5.923330431999673,0.3586626139817629,0.22720364741641338,2.8840138415374788,0.806553790626971,2.0774600509105077,-9.190149389358385,-7.269078197025311
0,7,0.2,1.15,2632,2010-09-02,2026-05-22,-4.527829421394232,-0.4077637828874622,0.09005723160876089,-4.2588661768246086,0.39969604863221886,0.2013677811550152,3.033054036120191,0.7860188117370464,2.247035224383145,-7.112500146277737,-5.018357398241001
0,7,0.2,1.3,2632,2010-09-02,2026-05-22,-2.5261823726806356,-0.23989579712299974,0.09496376814174207,-2.5055783255068875,0.4338905775075988,0.1838905775075988,3.2045855337552602,0.7651149788750423,2.439470554880218,-5.005861878153988,-2.8821686440929173
0,7,0.2,1.5,2632,2010-09-02,2026-05-22,0.017802591012703293,0.0018273843609684802,0.10264710118120021,-0.3050650049277963,0.4726443768996961,0.16033434650455927,3.46052976553147,0.7367638234535219,2.7237659420779483,-2.328272095636412,-0.1403720701891624
0,7,0.3,0.85,2632,2010-09-02,2026-05-22,-9.610395062823628,-0.6923889548412719,0.07204583685843205,-7.231617972786619,0.2993920972644377,0.314209726443769,3.930204102227028,0.8683863125194426,3.061817789707585,-12.412668583184061,-10.510286574278497
0,7,0.3,1.0,2632,2010-09-02,2026-05-22,-7.18851722405614,-0.5311364437075745,0.07388678737948122,-5.5474250787235775,0.3537234042553192,0.2944528875379939,4.228993317471009,0.8567772779729566,3.372216039498052,-9.939702976410514,-8.141360170417162
0,7,0.3,1.15,2632,2010-09-02,2026-05-22,-4.737829441494091,-0.3602689779267775,0.0760409344354037,-3.762809325013005,0.4065349544072948,0.2762158054711246,4.555104967166,0.844989135370401,3.7101158317955987,-7.387690026437203,-5.7155730806318505
0,7,0.3,1.3,2632,2010-09-02,2026-05-22,-2.2948544498412615,-0.18009242787819488,0.0784766231647729,-1.8899005080289144,0.4551671732522796,0.25835866261398177,4.90350169033584,0.8330443072002941,4.070457383135547,-4.746504244292072,-3.230428194813226
0,7,0.3,1.5,2632,2010-09-02,2026-05-22,0.908520199431126,0.07465038077338407,0.0821670017024682,-0.1519872549111434,0.5140577507598785,0.23708206686930092,5.395897795424064,0.8168803197126677,4.579017475711396,-1.4474173190408433,0.10038615887847122
0,14,0.1,0.85,3554,2010-09-02,2026-05-26,-5.524534299779898,-0.35983666588884256,0.06513429845175887,-5.074839327654545,0.33680360157568934,0.26955543050084413,7.751941637667508,0.4943127187949093,7.257628918872598,-7.129412822430235,-5.5517280235853566
0,14,0.1,1.0,3554,2010-09-02,2026-05-26,-4.377779572034698,-0.29745009197908745,0.06794542463471705,-4.194990582911421,0.35875070343275184,0.24873382104670794,7.308414859938557,0.4776020162515623,6.830812843686995,-5.733451724356687,-4.4115721829802865
0,14,0.1,1.15,3554,2010-09-02,2026-05-26,-3.160168804836844,-0.2257723390642391,0.07144312630346832,-3.1841067183901037,0.3787281935846933,0.22763083849184018,6.934952705966299,0.4607058152241051,6.474246890742194,-5.044227936593231,-3.181535177249166
0,14,0.1,1.3,3554,2010-09-02,2026-05-26,-1.9502699592547854,-0.1471702740079458,0.07546148845167099,-2.0907112510796932,0.3995498030388295,0.20624648283624086,6.621946384232583,0.44368351512058063,6.178262869112002,-4.485218824626256,-1.9232773123067166
0,14,0.1,1.5,3554,2010-09-02,2026-05-26,-0.41126520073240946,-0.03346093896361006,0.08136097803563373,-0.6445145138483155,0.4192459200900394,0.18204839617332583,6.284609302446471,0.4208767151199059,5.863732587326565,-3.9614705946315873,-0.3558688620380404
0,14,0.2,0.85,3554,2010-09-02,2026-05-26,-6.1634285410121485,-0.3601897466804162,0.05843983495284695,-5.0798188877071295,0.33117613956105796,0.3221722003376477,9.420684563004968,0.5262284464138751,8.894456116591094,-8.052152044366224,-6.2447149314367305
0,14,0.2,1.0,3554,2010-09-02,2026-05-26,-4.901457041305099,-0.2943664983848691,0.06005693733602302,-4.151502124046916,0.35734383792909397,0.3052898142937535,9.172739225532265,0.5157641301051324,8.656975095427132,-6.623132907689076,-5.01655977076786
0,14,0.2,1.15,3554,2010-09-02,2026-05-26,-3.5617608107590955,-0.22070826424691034,0.06196605442460136,-3.1126871870377784,0.3866066404051773,0.2867191896454699,8.978950343146163,0.5051764684420061,8.473773874704158,-5.208176081652496,-3.6951451697777324
0,14,0.2,1.3,3554,2010-09-02,2026-05-26,-2.1825747318220277,-0.1399698887667197,0.06413062825568036,-1.9875733413196321,0.41643218908272367,0.26955543050084413,8.833214640407212,0.4944688007203956,8.338745839686815,-4.1415736778068295,-2.3229207576040922
0,14,0.2,1.5,3554,2010-09-02,2026-05-26,-0.31927470077420345,-0.021516148535575205,0.06739070926509706,-0.48403911578679193,0.44935284186831737,0.2504220596510974,8.704385425898206,0.48004026291042684,8.22434516298778,-2.499301374615049,-0.4595297477470954
0,14,0.3,0.85,3554,2010-09-02,2026-05-26,-6.584140808983351,-0.3553869167206863,0.05397620236733077,-5.012083738195719,0.3297692740574001,0.3610016882386044,10.846973486769597,0.548315169131055,10.298658317638543,-8.696667657838015,-6.6958576482884995
0,14,0.3,1.0,3554,2010-09-02,2026-05-26,-5.300985485991858,-0.2895921485977685,0.05462987011811888,-4.084248194185101,0.35537422622397297,0.34805852560495215,10.803378505776669,0.5421181566360338,10.261260349140635,-7.432069323579733,-5.486454865994694
0,14,0.3,1.15,3554,2010-09-02,2026-05-26,-3.882247874291154,-0.2156803176090852,0.055555524683870296,-3.043053252756058,0.3843556555993247,0.3382104670793472,10.80616045366712,0.5358739234684898,10.27028653019863,-6.004418732243011,-4.1159954687077285
0,14,0.3,1.3,3554,2010-09-02,2026-05-26,-2.351668178673908,-0.13361534743645787,0.056817262166553945,-1.895150197640579,0.4133370849746764,0.32836240855374227,10.850883693408052,0.5295860645018918,10.32129762890616,-4.476404648471411,-2.616188471204329
0,14,0.3,1.5,3554,2010-09-02,2026-05-26,-0.21329248802790526,-0.012575708933024642,0.05895992423033366,-0.39573330793240447,0.4577940348902645,0.3134496342149691,10.968788397808074,0.5211353255217774,10.447653072286297,-2.40560196033442,-0.5116244982798874
0,21,0.1,0.85,3716,2010-09-02,2026-05-26,-4.982385267174658,-0.2623495726350336,0.052655416746566285,-3.8686151266340785,0.3474165769644779,0.29278794402583425,11.08890478741072,0.4719314042581102,10.616973383152608,-7.995103737885644,-5.738740496045938
0,21,0.1,1.0,3716,2010-09-02,2026-05-26,-4.010042033079254,-0.21971082510591852,0.054790155138899066,-3.2398628019586986,0.370021528525296,0.27152852529601723,10.54100178923532,0.460192607343894,10.080809181891427,-6.647959510620219,-4.823941902885862
0,21,0.1,1.15,3716,2010-09-02,2026-05-26,-3.0169607979489195,-0.17247458804608334,0.05716832255935847,-2.553317117175397,0.383745963401507,0.25215285252960173,10.059899893552956,0.44819949845313656,9.611700395099819,-6.5339344196749245,-3.875669865827741
0,21,0.1,1.3,3716,2010-09-02,2026-05-26,-2.003356228491349,-0.11993169134958676,0.059865384719872176,-1.7982119896855966,0.39693218514531753,0.23654467168998924,9.638047490260977,0.4359847344434301,9.202062755817547,-6.383732144891103,-2.896188483276325
0,21,0.1,1.5,3716,2010-09-02,2026-05-26,-0.6623848705799262,-0.042399753576281826,0.06401075184455877,-0.7893204476293461,0.41846071044133476,0.21286329386437028,9.156739979334699,0.41941112308670364,8.737328856247995,-6.125186363843211,-1.5829893785126266
0,21,0.2,0.85,3716,2010-09-02,2026-05-26,-5.532498504279393,-0.26577867387136256,0.04803953831452146,-3.9191807623253245,0.34203444564047364,0.33934337997847147,12.842807348153212,0.4941298576456697,12.348677490507542,-9.214904304288758,-6.453636466226828
0,21,0.2,1.0,3716,2010-09-02,2026-05-26,-4.482281267970339,-0.22087853372300106,0.0492781511283916,-3.257081870296313,0.3611410118406889,0.32534983853606025,12.512167540022933,0.48690694548743313,12.0252605945355,-8.052513859739515,-5.463746717637403
0,21,0.2,1.15,3716,2010-09-02,2026-05-26,-3.3671690949748014,-0.17089769001595553,0.05075411575587489,-2.5397917113109356,0.3856297093649085,0.3081270182992465,12.231678070214777,0.47955591303533684,11.75212215717944,-6.789556921577269,-4.444054673545895
0,21,0.2,1.3,3716,2010-09-02,2026-05-26,-2.210922484687044,-0.11597829450389298,0.05245697002367305,-1.7592276061253447,0.4055435952637244,0.29278794402583425,11.99662374707778,0.4720913633510682,11.524532383726712,-5.475507163237754,-3.3846864472309384
0,21,0.2,1.5,3716,2010-09-02,2026-05-26,-0.6421387795320619,-0.03536109475836969,0.055067683007928546,-0.7561708147395456,0.4297631862217438,0.27475780409041983,11.74679050994436,0.46197650292315884,11.2848140070212,-4.148853075159619,-1.9318745328467084
0,21,0.3,0.85,3716,2010-09-02,2026-05-26,-5.93717340632615,-0.2673271274978177,0.0450259928761684,-3.9420143086582975,0.33772874058127017,0.37055974165769645,14.289749794117498,0.5092824147879638,13.780467379329533,-9.657183896285142,-6.851624853603629
0,21,0.3,1.0,3716,2010-09-02,2026-05-26,-4.899537272180693,-0.2231770658463753,0.04555064150926305,-3.290976097956879,0.36033369214208827,0.3641011840688913,14.169862837072214,0.5050587526798117,13.664804084392403,-8.849520518670015,-5.9865156299215725
0,21,0.3,1.15,3716,2010-09-02,2026-05-26,-3.7301147701616397,-0.1729835604460799,0.046374862733401606,-2.5610971398391755,0.3821313240043057,0.35522066738428415,14.091992596532755,0.5007971309990524,13.591195465533703,-7.831356867076224,-4.976076938587736
0,21,0.3,1.3,3716,2010-09-02,2026-05-26,-2.473031317447823,-0.11739037644828758,0.04746821264254545,-1.7752828123505242,0.40635091496232506,0.3441872981700754,14.052818753030804,0.4964960910874293,13.556322661943375,-6.611692514496061,-3.856670647493896
0,21,0.3,1.5,3716,2010-09-02,2026-05-26,-0.7147335802111956,-0.03524198732292071,0.04930786561407554,-0.7238892386829825,0.4459095801937567,0.3326157158234661,14.05562712609158,0.49069911520555815,13.564928010886021,-4.768278888595461,-2.2455959923474107
0,30,0.1,0.85,3797,2010-09-02,2026-05-26,-4.282644072915655,-0.19847293562514817,0.04634355137760173,-2.9904830816217736,0.35212009481169343,0.2770608375032921,11.743330099312864,0.31064728733522606,11.432682811977639,-6.795378437888255,-4.077724744520401
0,30,0.1,1.0,3797,2010-09-02,2026-05-26,-3.5275694076273503,-0.16903524129630973,0.04791833179265583,-2.5469317904844724,0.36581511719778775,0.25572820647879907,11.181704993558824,0.299952613430349,10.881752380128475,-5.6466358805720365,-3.326953669657828
0,30,0.1,1.15,3797,2010-09-02,2026-05-26,-2.792233734780358,-0.13818174759731272,0.04948788701895056,-2.082047998519826,0.37977350539899923,0.2386094284961812,10.680949570007092,0.2892257300003777,10.391723840006714,-4.699066560747127,-2.5941286305563027
0,30,0.1,1.3,3797,2010-09-02,2026-05-26,-2.0304404547758215,-0.10391914905954919,0.051180594247479574,-1.565797654679001,0.3937318936002107,0.2246510402949697,10.235131367636908,0.27848449644085466,9.956646871196053,-4.60647064568854,-1.8350339257639365
0,30,0.1,1.5,3797,2010-09-02,2026-05-26,-1.0032806282986304,-0.05376449361587575,0.0535886890461046,-0.8223711408264268,0.4097972083223598,0.2048986041611799,9.717647011469387,0.26419285672295506,9.453454154746431,-4.456360723364641,-0.8610611867874525
0,30,0.2,0.85,3797,2010-09-02,2026-05-26,-4.6290958928884915,-0.1984702762494279,0.04287452255079236,-2.9904430115836336,0.3571240452989202,0.31419541743481694,13.453582099521807,0.33142650634494114,13.122155593176865,-7.851008664030845,-4.459661243721074
0,30,0.2,1.0,3797,2010-09-02,2026-05-26,-3.819631550903618,-0.16717291392082426,0.043766764331307245,-2.5188712466562366,0.3692388727943113,0.3020805899394259,13.109402631532697,0.3245564147347306,12.784846216797966,-6.846542514579074,-3.6538443340511235
0,30,0.2,1.15,3797,2010-09-02,2026-05-26,-2.9541339626442977,-0.13238487122706105,0.044813428538142866,-1.9949534735622538,0.38767447985251513,0.288912299183566,12.81066203346564,0.31766984311692564,12.492992190348714,-5.704156578140084,-2.7953377315968937
0,30,0.2,1.3,3797,2010-09-02,2026-05-26,-2.0427579817620654,-0.0940283268211695,0.046030086608723715,-1.4245357635987388,0.404793257835133,0.27758756913352645,12.55342850118557,0.3107678716424648,12.242660629543105,-4.463800978396582,-1.8970472502467335
0,30,0.2,1.5,3797,2010-09-02,2026-05-26,-0.7897418100891311,-0.03783133228091308,0.047903418304070036,-0.6151215061896093,0.42612588885962605,0.25915196207532265,12.269381202178103,0.3015357062525361,11.967845495925566,-3.573412055804531,-0.6680791786503069
0,30,0.3,0.85,3797,2010-09-02,2026-05-26,-4.855874286672304,-0.19684355973336187,0.040537202594727255,-2.965932525030057,0.35159336318145906,0.3455359494337635,14.849697407557128,0.3461897597642939,14.503507647792835,-8.250067427009792,-4.7629647071886065
0,30,0.3,1.0,3797,2010-09-02,2026-05-26,-4.021148750640232,-0.16496110222291685,0.04102337726169727,-2.485544861668312,0.37029233605478007,0.3352646826441928,14.710868433176566,0.3420153121970114,14.368853120979555,-7.506137931386707,-3.9297564911265406
0,30,0.3,1.15,3797,2010-09-02,2026-05-26,-3.10789958778693,-0.1294199437347654,0.04164225390142757,-1.950029866511522,0.3921516987095075,0.32393995259415326,14.610103305615826,0.33784012050052487,14.272263185115301,-6.579078373937457,-3.014347822130923
0,30,0.3,1.3,3797,2010-09-02,2026-05-26,-2.1300594445723844,-0.09031180634360494,0.042398725807267466,-1.3735574656770806,0.41295759810376614,0.3163023439557545,14.54450092698519,0.33366505374438105,14.210835873240809,-5.506908348924169,-2.039683033269259
0,30,0.3,1.5,3797,2010-09-02,2026-05-26,-0.737843007902843,-0.03224245942511408,0.043698265186189404,-0.5719046899116572,0.4406110086910719,0.30866473531735583,14.5074545141059,0.32810123569621846,14.179353278409682,-3.9239123260460573,-0.6692426373246088
0,45,0.1,0.85,3852,2010-09-02,2026-05-26,-4.023666951550492,-0.16714957631170846,0.04154160329977075,-2.555000666478972,0.35851505711318793,0.29543094496365524,18.637625696435478,0.35681118448544213,18.280814511950037,-6.946479304827986,-5.1834849733240755
0,45,0.1,1.0,3852,2010-09-02,2026-05-26,-3.408275074488126,-0.14544336742362754,0.04267360006013337,-2.223364942970285,0.37227414330218067,0.2801142263759086,17.943853576078066,0.34997337159022307,17.593880204487842,-6.208797174935098,-4.57497913840527
0,45,0.1,1.15,3852,2010-09-02,2026-05-26,-2.7778882749270837,-0.1218431057000801,0.04386177327570107,-1.8750612807134093,0.3857736240913811,0.2614226375908619,17.31130288974155,0.34307941549672627,16.968223474244823,-5.4526059354256295,-3.9568207905662063
0,45,0.1,1.3,3852,2010-09-02,2026-05-26,-2.128415259618645,-0.09616082845250412,0.045179542863141076,-1.4948658959353338,0.39641744548286606,0.2512980269989616,16.734652634649922,0.3361508306547658,16.398501803995156,-4.950972432061021,-3.3187812269001826
0,45,0.1,1.5,3852,2010-09-02,2026-05-26,-1.2266821738089513,-0.057824453757497084,0.04713890443027088,-0.9222134235696345,0.4164070612668744,0.23416407061266875,16.044771151143642,0.3268776085900104,15.717893542553632,-4.465139363640991,-2.4342299549584587
0,45,0.2,0.85,3852,2010-09-02,2026-05-26,-4.3253081685961305,-0.16904664898170232,0.039083145614701935,-2.583998777291737,0.3543613707165109,0.32554517133956384,20.525878725175808,0.37003110119497845,20.15584762398083,-7.518612430963205,-5.500238596433945
0,45,0.2,1.0,3852,2010-09-02,2026-05-26,-3.710357694971971,-0.14743259914928677,0.03973541401387731,-2.2536125869962382,0.37019730010384216,0.31490134994807895,20.085792725602964,0.36568054484827966,19.720112180754683,-6.839648409973251,-4.92339649716601
0,45,0.2,1.15,3852,2010-09-02,2026-05-26,-3.0393773532572093,-0.12308358400683102,0.04049631542951587,-1.8890708471839903,0.3857736240913811,0.3047767393561786,19.690373995824803,0.3612973067861701,19.329076689038633,-6.170833778092044,-4.291361490088672
0,45,0.2,1.3,3852,2010-09-02,2026-05-26,-2.316829528994998,-0.09590659227392394,0.04139561891527108,-1.487517903343516,0.40212876427829697,0.29543094496365524,19.336309517812065,0.3568914719071239,18.979418045904943,-5.377254453015128,-3.594841224856464
0,45,0.2,1.5,3852,2010-09-02,2026-05-26,-1.293260893809183,-0.05534864219050284,0.04279773899872471,-0.8873741990316314,0.4236760124610592,0.2819314641744548,18.923545970954585,0.35099029331994164,18.572555677634643,-4.225178713434053,-2.6103307963534146
0,45,0.3,0.85,3852,2010-09-02,2026-05-26,-4.57144641971453,-0.17045904576849824,0.03728777067874784,-2.6059602775861497,0.35020768431983385,0.35020768431983385,22.022472037300016,0.37932817974979083,21.643143857550225,-7.876599115233387,-5.7090729968182865
0,45,0.3,1.0,3852,2010-09-02,2026-05-26,-3.948911451715112,-0.14868536252462813,0.03765224020408215,-2.2736635875357525,0.3655244029075805,0.3444963655244029,21.80904649351539,0.3767069803246205,21.43233951319077,-7.344599527304225,-5.1307364982792745
0,45,0.3,1.15,3852,2010-09-02,2026-05-26,-3.2479673476905893,-0.12388670045625197,0.03814284048894133,-1.8978510181100003,0.3805815160955348,0.33852544132917967,21.632330214483307,0.3740810304826832,21.258249184000626,-6.697130396663826,-4.482056651332167
0,45,0.3,1.3,3852,2010-09-02,2026-05-26,-2.485744018626409,-0.09630801025722524,0.03874413838897372,-1.4897268067305527,0.39823468328141226,0.3299584631360332,21.490007102367414,0.3714505903418469,21.118556512025567,-5.955693332497187,-3.7803498656715986
0,45,0.3,1.5,3852,2010-09-02,2026-05-26,-1.397296727463275,-0.05549546683480396,0.03971630774198786,-0.8885337520138512,0.4234164070612669,0.32087227414330216,21.350145791024108,0.3679365796855187,20.98220921133859,-4.842639287377055,-2.7673344215441604
0,60,0.1,0.85,3878,2010-09-02,2026-05-26,-4.481573928529912,-0.18369016559288967,0.04098786911078481,-2.8267875482905778,0.3486333161423414,0.3401237751418257,23.780982460373746,0.31319274870188296,23.467789711671863,-9.52196425385587,-5.997432493446861
0,60,0.1,1.0,3878,2010-09-02,2026-05-26,-3.959600681460717,-0.16661833944384208,0.04207958146486017,-2.5640711125524587,0.3553378029912326,0.32645693656523983,22.997968316753436,0.3056388392658444,22.692329477487593,-9.225200933896929,-5.4638085563300525
0,60,0.1,1.15,3878,2010-09-02,2026-05-26,-3.3957578260825834,-0.14705131955498135,0.043304418950459375,-2.2629564175961,0.369778236204229,0.3140794223826715,22.268163996985084,0.298076440890445,21.97008755609464,-8.736578764707136,-4.895832003125731
0,60,0.1,1.3,3878,2010-09-02,2026-05-26,-2.817806509892704,-0.1256226542381829,0.04458171765774164,-1.9331930679986995,0.3813821557503868,0.30144404332129965,21.588448914018304,0.29051952378922324,21.297929390229083,-8.115378836411939,-4.302191581334798
0,60,0.1,1.5,3878,2010-09-02,2026-05-26,-2.0210558403790246,-0.09382650399273457,0.04642449858047393,-1.4438856447770805,0.3996905621454358,0.2839092315626612,20.7556202745685,0.28047549939444183,20.47514477517406,-7.1896460537674365,-3.4920323567365847
0,60,0.2,0.85,3878,2010-09-02,2026-05-26,-4.789348220733156,-0.18620679171194837,0.038879359597587114,-2.865515628011652,0.3432181536874678,0.36823104693140796,25.752356293389138,0.32794136644953337,25.424414926939605,-9.835315486542003,-6.419555490332304
0,60,0.2,1.0,3878,2010-09-02,2026-05-26,-4.276307719426263,-0.1690790751675267,0.039538566038978006,-2.6019391011891617,0.3574007220216607,0.3592057761732852,25.249452756302492,0.3230521687965964,24.926400587505896,-9.351912472642764,-5.871434152710138
0,60,0.2,1.15,3878,2010-09-02,2026-05-26,-3.713796067965201,-0.14965029685651912,0.04029577664411524,-2.302951790514219,0.36926250644662195,0.34992264053635896,24.78439890751112,0.3181570132653864,24.466241894245734,-8.877415517898362,-5.2786835718476555
0,60,0.2,1.3,3878,2010-09-02,2026-05-26,-3.1063547573696466,-0.1278722101641925,0.04116471560784328,-1.9678112341934044,0.3818978855079938,0.3401237751418257,24.355301057637913,0.31325965188101246,24.0420414057569,-8.44673564241523,-4.651944706150244
0,60,0.2,1.5,3878,2010-09-02,2026-05-26,-2.2513575536330586,-0.09562379246870364,0.042473836425668474,-1.4733254275915637,0.4002062919030428,0.32723053120165035,23.836358563370283,0.3067301868472164,23.529628376523068,-7.860429458796115,-3.800418157143222
0,60,0.3,0.85,3878,2010-09-02,2026-05-26,-4.990414789669809,-0.18714948687623603,0.037501789884006584,-2.880022659150968,0.33806085611139763,0.38963383187209905,27.284742909729857,0.33845867102720606,26.946284238702653,-10.311034201271736,-6.6807814592041455
0,60,0.3,1.0,3878,2010-09-02,2026-05-26,-4.495347431288283,-0.1703367440103427,0.037891786255445745,-2.6212932272702756,0.3488911810211449,0.38344507478081485,27.01957922693159,0.3354753618521876,26.684103865079404,-9.837774623058191,-6.170030337907741
0,60,0.3,1.15,3878,2010-09-02,2026-05-26,-3.9460519185233127,-0.15134228594982047,0.03835283698103385,-2.328989622672238,0.3653945332645694,0.3751933986591026,26.784943209716527,0.3324938200885782,26.452449389627947,-9.319889900210466,-5.60757555140153
0,60,0.3,1.3,3878,2010-09-02,2026-05-26,-3.3410136023406536,-0.13000653358319872,0.03891230298856566,-2.000656100141446,0.37622485817431667,0.37055183084063953,26.579585517300192,0.329514938603331,26.25007057869686,-8.773350965656176,-4.986647179362414
0,60,0.3,1.5,3878,2010-09-02,2026-05-26,-2.4556972935786785,-0.09782624811213438,0.03983644416106863,-1.514209722703709,0.39814337287261475,0.3635894791129448,26.349436903995684,0.32554748200120387,26.02388942199448,-8.010590491296558,-4.090907287964511
1,7,0.1,0.85,2632,2010-09-02,2026-05-22,-3.4938395901374886,-0.4064736143511608,0.11634009056928839,-4.245391083223233,0.37955927051671734,0.11702127659574468,1.6576423043927178,0.6880371818642925,0.9696051225284252,-6.136966018763846,-3.2459556369816602
1,7,0.1,1.0,2632,2010-09-02,2026-05-22,-1.611957308794986,-0.20779619700085208,0.12890924335718887,-2.1706532478815213,0.4004559270516717,0.08472644376899696,1.7199568585018266,0.6399617532868308,1.0799951052149956,-4.145448468496122,-1.164962324139744
1,7,0.1,1.15,2632,2010-09-02,2026-05-22,-0.020499367078764357,-0.002902291968834102,0.14157958914939553,-0.48648509832220355,0.41717325227963525,0.06458966565349544,1.8108904244111477,0.5917066604228841,1.2191837639882634,-2.573229538709995,0.6635634355047354
1,7,0.1,1.3,2632,2010-09-02,2026-05-22,1.4171187418709288,0.21936014635149642,0.15479305993927484,-0.16905936190167692,0.43958966565349544,0.04939209726443769,1.9221640996279787,0.5438439804829519,1.3783201191450267,-1.107466336969104,2.2076964243909782
1,7,0.1,1.5,2632,2010-09-02,2026-05-22,3.233546688396663,0.5664220063547608,0.17517050500223896,-0.11540844245423187,0.47188449848024316,0.03533434650455927,2.093231956693638,0.4815336568250448,1.6116982998685931,0.8323259954060271,4.100664398819555
1,7,0.2,0.85,2632,2010-09-02,2026-05-22,-3.9215347377083036,-0.35829424734020154,0.09136582264462721,-3.7421843611087664,0.4122340425531915,0.19338905775075987,3.090157000855822,0.7799262849793467,2.310230715876475,-6.440806865237099,-4.360497958764926
1,7,0.2,1.0,2632,2010-09-02,2026-05-22,-1.1340381429222703,-0.11207528708235308,0.09882849865485963,-1.1796010864175188,0.45592705167173253,0.17097264437689969,3.347197653504638,0.7501462375807313,2.5970514159239064,-3.5248780438970675,-1.3863383395772122
1,7,0.2,1.15,2632,2010-09-02,2026-05-22,1.4450799877764264,0.15535317793778838,0.10750489886503337,-0.14006153463643523,0.49772036474164133,0.14361702127659576,3.634809336687191,0.7198275490474535,2.9149817876397375,-1.0487956867904793,1.3962485742170183
1,7,0.2,1.3,2632,2010-09-02,2026-05-22,3.7769440591469343,0.44021311554924547,0.11655272322160701,-0.0654574885284851,0.5334346504559271,0.11778115501519756,3.9454721156273234,0.6891010044838463,3.256371111143477,1.178252226654153,3.880749574331014
1,7,0.2,1.5,2632,2010-09-02,2026-05-22,6.605790173882264,0.8532208216461511,0.12916256786653396,-0.04369924199132147,0.584726443768997,0.09080547112462006,4.386766621316092,0.6477826070472281,3.7389840142688637,4.149568710594512,6.83960708941621
1,7,0.3,0.85,2632,2010-09-02,2026-05-22,-4.023470474942401,-0.30815947371299995,0.07659046478212607,-3.2185545032246705,0.41793313069908816,0.2712765957446808,4.673574223979504,0.8418860307492619,3.831688193230242,-6.598739966450554,-4.9885044396554346
1,7,0.3,1.0,2632,2010-09-02,2026-05-22,-0.580684004556017,-0.0465751835674151,0.08020745052728954,-0.5213360175018895,0.4851823708206687,0.24772036474164133,5.180977057202647,0.8248988085023317,4.356078248700315,-2.9174828445948453,-1.447409154436343
1,7,0.3,1.15,2632,2010-09-02,2026-05-22,2.771956030562004,0.23393295744119105,0.08439273742511783,-0.08542674019704366,0.5474924012158054,0.22796352583586627,5.720116032820026,0.8076233181432598,4.912492714676766,0.41488519339021745,2.057761431007509
1,7,0.3,1.3,2632,2010-09-02,2026-05-22,5.981026652793813,0.5324101679655991,0.08901651821212062,-0.04547535861904145,0.6219604863221885,0.20630699088145896,6.283846410032442,0.7900709652450233,5.493775444787419,3.5535326064457444,5.408036356365696
1,7,0.3,1.5,2632,2010-09-02,2026-05-22,10.012841928203466,0.959614951228466,0.09583842011182564,-0.027305031708096728,0.692629179331307,0.18465045592705168,7.065103577452699,0.7663420195835886,6.29876155786911,7.511269104319992,9.614872164268025
1,14,0.1,0.85,3554,2010-09-02,2026-05-26,-2.831556872564899,-0.20574982638606995,0.07266314456883796,-2.9017257260956013,0.38351153629713,0.2217220033764772,6.819796640051229,0.455369066833798,6.364427573217431,-4.844923372495176,-2.841092775572348
1,14,0.1,1.0,3554,2010-09-02,2026-05-26,-1.145463709830321,-0.09004014383920049,0.07860584588274583,-1.3424718934369269,0.40911648846370285,0.19330332020258864,6.418942239967697,0.4312360507896612,5.987706189178035,-4.119921010870498,-1.1037672591985714
1,14,0.1,1.15,3554,2010-09-02,2026-05-26,0.44365488253363927,0.037812346272900886,0.08522918998876078,-0.1521919203692344,0.43472144063027574,0.16657287563308948,6.111777771237046,0.40704580531707224,5.704731965919974,-3.705096585410842,0.5272469811368617
1,14,0.1,1.3,3554,2010-09-02,2026-05-26,1.9167696954729434,0.17734386580533706,0.09252226087682343,-0.11432182588872442,0.4594822734946539,0.1457512661789533,5.880976742420695,0.38295499015521034,5.498021752265485,-3.1662062868836287,2.0752494105224013
1,14,0.1,1.5,3554,2010-09-02,2026-05-26,3.710937815420409,0.38586815496971044,0.1039813045010553,-0.10293489235116393,0.48733821046707937,0.12014631401238042,5.668458908100005,0.35118421994690063,5.317274688153105,-2.2505615579173486,4.037432222347764
1,14,0.2,0.85,3554,2010-09-02,2026-05-26,-3.207577805024381,-0.20082189425184924,0.06260858082297485,-2.8322262387740946,0.3958919527293191,0.2810917276308385,8.92310577011745,0.5020050154385731,8.421100754678877,-4.9232281396765245,-3.3399874986339455
1,14,0.2,1.0,3554,2010-09-02,2026-05-26,-1.2376440519357148,-0.08142723825917486,0.06579212991960011,-1.228860522756348,0.4335959482273495,0.25717501406865506,8.75099913944129,0.4867928917736945,8.264206247667596,-3.3297862027536933,-1.388730690276473
1,14,0.2,1.15,3554,2010-09-02,2026-05-26,0.7703637063603894,0.053748218197547805,0.06976992523633177,-0.15789554139652173,0.4665166010129432,0.24001125492402925,8.656823718732577,0.4714129577751362,8.18541076095744,-1.4311047310608225,0.6467843965851129
1,14,0.2,1.3,3554,2010-09-02,2026-05-26,2.7412431224495717,0.20452480485503907,0.0746102391211021,-0.0902912094182644,0.49774901519414744,0.22200337647720877,8.628552490173982,0.4559314210955923,8.17262106907839,-0.025663707618064108,2.6713487143732895
1,14,0.2,1.5,3554,2010-09-02,2026-05-26,5.202677740684142,0.4273869318098924,0.08214749271664325,-0.07270135808760703,0.5450196961170513,0.1963984243106359,8.67628272603998,0.43519273696066524,8.241089989079315,1.58914919235168,5.252260319457138
1,14,0.3,0.85,3554,2010-09-02,2026-05-26,-3.506356618393285,-0.1960079336822775,0.05590074114369293,-2.7659322483672684,0.39223410241980866,0.33595948227349465,10.817055297156564,0.5341965198708486,10.282858777285716,-5.686495744496282,-3.7507435988416207
1,14,0.3,1.0,3554,2010-09-02,2026-05-26,-1.280431182169662,-0.07413869577566969,0.05790135136356438,-1.1321322486427947,0.4361283061339336,0.3207653348339899,10.910416810548357,0.5252784999888229,10.385138310559533,-3.454029102581406,-1.5664092973383712
1,14,0.3,1.15,3554,2010-09-02,2026-05-26,1.0299155109930123,0.062256549885282286,0.060448210771441316,-0.16692362591632137,0.4845244794597636,0.3066966797974114,11.073907143423755,0.5162855479530915,10.557621595470664,-1.3575436134080805,0.7096178613995882
1,14,0.3,1.3,3554,2010-09-02,2026-05-26,3.3443162918771394,0.21233163854108644,0.06349029816851035,-0.09097838188796237,0.5287000562746201,0.29009566685424876,11.298059280554016,0.5072332978697599,10.790825982684256,0.7459682204540777,3.0254476509803947
1,14,0.3,1.5,3554,2010-09-02,2026-05-26,6.3401367730564155,0.43225518286151926,0.06817758012705147,-0.06620338681840798,0.5917276308384919,0.27096229600450195,11.677388683903567,0.4950770570607573,11.182311626842809,3.7399647615227187,6.079193695932295
1,21,0.1,0.85,3716,2010-09-02,2026-05-26,-2.7727880712687973,-0.16089483608020566,0.05802637343523408,-2.3882270712104283,0.38805166846071043,0.24677072120559743,9.907005092181118,0.44436578663672954,9.462639305544387,-6.486748320199692,-3.6389072203477504
1,21,0.1,1.0,3716,2010-09-02,2026-05-26,-1.32534989380827,-0.0823340119718488,0.06212247222902751,-1.271004376713438,0.4085037674919268,0.22282023681377824,9.3524842260496,0.4269538936252803,8.925530332424321,-6.24581541727886,-2.24213117804044
1,21,0.1,1.15,3716,2010-09-02,2026-05-26,0.06898055077536046,0.004605411768246016,0.06676391702414541,-0.42505812027217005,0.43057050592034446,0.2007534983853606,8.895049147005846,0.40920996687746813,8.485839180128378,-5.927302803816901,-0.8351451673834246
1,21,0.1,1.3,3716,2010-09-02,2026-05-26,1.414422647689847,0.10179769641039468,0.07197120081233087,-0.1659204654008375,0.4477933261571582,0.18353067814854682,8.520631039256676,0.39121990693856623,8.12941113231811,-5.521871079659897,0.5648094951610251
1,21,0.1,1.5,3716,2010-09-02,2026-05-26,3.0998173667743125,0.24784977750173265,0.07995625166770602,-0.143245160657834,0.47793326157158234,0.15904198062432723,8.130196851451972,0.3669672303907569,7.763229621061215,-4.826121122906684,2.3551564591194922
1,21,0.2,0.85,3716,2010-09-02,2026-05-26,-3.0968012403927916,-0.1588802613375331,0.05130463630187035,-2.3698588416772823,0.3904736275565124,0.3038213132400431,12.145068929834778,0.477328336294241,11.667740593540538,-6.480375533309031,-4.196713444560832
1,21,0.2,1.0,3716,2010-09-02,2026-05-26,-1.4383692398668826,-0.07747998206626469,0.053866545473007524,-1.2391804262806796,0.4157696447793326,0.2828310010764263,11.845447049031149,0.4666990216885823,11.378748027342567,-4.562145439678929,-2.675184949832693
1,21,0.2,1.15,3716,2010-09-02,2026-05-26,0.23976164920867626,0.01363367838897364,0.056863466004555156,-0.39392794356761107,0.44241119483315394,0.2634553283100108,11.622766901819839,0.45587267567782025,11.166894226142018,-3.7048858714137025,-1.0936439156594786
1,21,0.2,1.3,3716,2010-09-02,2026-05-26,1.8977990435915855,0.11451228964489822,0.06033952331864584,-0.1563197742791127,0.4757804090419806,0.24677072120559743,11.467633955161192,0.4448601255052527,11.02277382965594,-2.8409496689508353,0.49610267442627676
1,21,0.2,1.5,3716,2010-09-02,2026-05-26,4.033189576879315,0.2656199013047354,0.0658585212129451,-0.11918825928395593,0.5161463939720129,0.22793326157158234,11.351922685059508,0.429944543445647,10.921978141613861,-1.465837845196946,2.6054346889395554
1,21,0.3,0.85,3716,2010-09-02,2026-05-26,-3.4508227207576576,-0.16122429834627336,0.04672053924313886,-2.3950378792399962,0.38751345532831,0.35279870828848225,14.074092032379697,0.4996307757818053,13.574461256597893,-7.581842270154318,-4.730710779563129
1,21,0.3,1.0,3716,2010-09-02,2026-05-26,-1.621969297995776,-0.07857504852456611,0.04844422679372489,-1.2551169328311058,0.42438105489773953,0.3382669537136706,14.046980610753335,0.49352602015111946,13.553454590602216,-5.737612474161009,-3.0832685764850156
1,21,0.3,1.15,3716,2010-09-02,2026-05-26,0.2812005793886643,0.014240876808068851,0.050643127546283175,-0.3557612797384872,0.46017222820236814,0.3258880516684607,14.08707449420227,0.4873394558560905,13.599735038346179,-3.686336560543506,-1.3198227579517905
1,21,0.3,1.3,3716,2010-09-02,2026-05-26,2.1885264059709737,0.11655489627958072,0.053257249243867065,-0.13676615337576403,0.49165769644779334,0.3102798708288482,14.18730507705466,0.48108151942147576,13.706223557633184,-1.579631378801202,0.4571374006034466
1,21,0.3,1.5,3716,2010-09-02,2026-05-26,4.6624653923116,0.2671335081781573,0.05729447528311097,-0.10396727628237601,0.542518837459634,0.2935952637244349,14.403789289166962,0.47264537654149374,13.931143912625469,1.230070846612442,2.8099683308585264
1,30,0.1,0.85,3797,2010-09-02,2026-05-26,-2.6213275512187866,-0.1312489501841528,0.05006964891630143,-1.9775883486080497,0.3810903344745852,0.23413220963918882,10.520147905686166,0.2858340870753687,10.234313818610797,-4.669439502309808,-2.414229146646005
1,30,0.1,1.0,3797,2010-09-02,2026-05-26,-1.5273141514937165,-0.08025980754745903,0.052549639161638594,-1.2129607916177663,0.39978930734790624,0.21306294442981302,9.929345726310512,0.2706561034324848,9.658689622878027,-4.525567714929808,-1.3468593434686684
1,30,0.1,1.15,3797,2010-09-02,2026-05-26,-0.41966356357282397,-0.023178855706090885,0.055231994669150436,-0.4703492373320443,0.4184882802212273,0.19647089807742954,9.431725328130959,0.25553757898994267,9.176187749141016,-4.3457088226465475,-0.3083688964846935
1,30,0.1,1.3,3797,2010-09-02,2026-05-26,0.7204237679589278,0.042014147275507646,0.0583186579123288,-0.17234526028386377,0.43323676586779036,0.1811956808006321,9.015701659569455,0.24051078329010706,8.775190876279348,-4.125647477031715,0.7596739162736328
1,30,0.1,1.5,3797,2010-09-02,2026-05-26,2.2279212670390627,0.14072698363505096,0.06316515117344296,-0.13769613201800746,0.4624703713457993,0.16565709770871742,8.570228791989315,0.2207218473837928,8.349506944605523,-3.761827707885902,2.2394681924807713
1,30,0.2,0.85,3797,2010-09-02,2026-05-26,-2.751265911097489,-0.1244456588419657,0.04523214507910794,-1.8754677629524088,0.3918883328943903,0.2854885435870424,12.716760014719354,0.31560553096629423,12.401154483753059,-5.463734924390529,-2.5837741140894765
1,30,0.2,1.0,3797,2010-09-02,2026-05-26,-1.4317738553466817,-0.06741277765691764,0.047083397566716076,-1.0336143901856867,0.4158546220700553,0.26757966815907297,12.383269046281795,0.305832876164029,12.077436170117766,-3.731591486559757,-1.2893549842965992
1,30,0.2,1.15,3797,2010-09-02,2026-05-26,-0.09829875189320705,-0.0048316180291219455,0.04915238429854199,-0.3230951645386696,0.44140110613642347,0.2483539636555175,12.121780197505153,0.29603193200382716,11.825748265501325,-3.3232016704289116,0.02079668812622552
1,30,0.2,1.3,3797,2010-09-02,2026-05-26,1.2388270466184677,0.06368250494216172,0.05140548482210736,-0.1680165912354582,0.4658941269423229,0.23413220963918882,11.924836832336142,0.2862338737626049,11.638602958573538,-2.8384916693492914,1.3386404882529235
1,30,0.2,1.5,3797,2010-09-02,2026-05-26,3.024692104797425,0.16608489597486523,0.05490968674512032,-0.12752942692655855,0.5017118777982618,0.21701343165657097,11.751090130026173,0.27319856420392935,11.477891565822244,-2.0659494746952705,3.1021600915091185
1,30,0.3,0.85,3797,2010-09-02,2026-05-26,-2.9000594805202455,-0.121545866543814,0.041911508146725916,-1.8317459633099635,0.39531208849091387,0.3223597577034501,14.583410055689706,0.33671174052904135,14.246698315160664,-6.408717210476728,-2.795286568424045
1,30,0.3,1.0,3797,2010-09-02,2026-05-26,-1.4679496624879473,-0.06328653057630347,0.043112193962456864,-0.978633097912794,0.4263892546747432,0.31235185672899657,14.51649091658734,0.33081106577004743,14.185679850817293,-4.819717964294968,-1.37533715150521
1,30,0.3,1.15,3797,2010-09-02,2026-05-26,0.05357945179216026,0.0023940471960875315,0.04468218908573881,-0.30728992819314693,0.45957334737951017,0.30234395575454304,14.511546197363302,0.3249162786845824,14.186629918678719,-3.036664392094845,0.12121063568563346
1,30,0.3,1.3,3797,2010-09-02,2026-05-26,1.605729607629486,0.07477030256689171,0.04656469072478148,-0.16762938323780363,0.4859099288912299,0.28996576244403477,14.562980519654715,0.31903148399109604,14.243949035663618,-1.3571967515696644,1.6593093955690683
1,30,0.3,1.5,3797,2010-09-02,2026-05-26,3.6656687416477562,0.18151997719990834,0.049518925465783695,-0.1341066888949608,0.5238346062681064,0.27811430076376087,14.710664515105805,0.31120297774908784,14.399461537356716,0.005420877337520711,3.714373213510695
1,45,0.1,0.85,3852,2010-09-02,2026-05-26,-2.643316649809792,-0.11714844180057161,0.04431873185113913,-1.8074243038368045,0.3901869158878505,0.25882658359293875,17.104952623796592,0.3408960613177264,16.764056562478867,-5.292771615477309,-3.823236453914146
1,45,0.1,1.0,3852,2010-09-02,2026-05-26,-1.696614060663603,-0.0785464138303002,0.04629598189206215,-1.232551243775444,0.40628245067497404,0.24117341640706128,16.330114711945722,0.3310818274213257,15.999032884524397,-4.721252463826778,-2.8950905239978377
1,45,0.1,1.15,3852,2010-09-02,2026-05-26,-0.7380075001899823,-0.03574446727725553,0.04843374527772954,-0.6095153316570715,0.42627206645898236,0.22118380062305296,15.651428237709396,0.32123335935172226,15.330194878357673,-4.155997913597827,-1.943973438982909
1,45,0.1,1.3,3852,2010-09-02,2026-05-26,0.18756382583856374,0.00949058272874029,0.05059921702017765,-0.4224193213268248,0.4405503634475597,0.20327102803738317,15.058229014543429,0.3113662095190656,14.746862805024364,-3.8570845761830483,-0.9925324207797097
1,45,0.1,1.5,3852,2010-09-02,2026-05-26,1.4421120900548958,0.07803899556872604,0.05411437578736019,-0.37184724291216076,0.46235721703011423,0.18717549325025962,14.384085421449221,0.2982458513623252,14.085839570086897,-3.6857202397935245,0.2477281313151504
1,45,0.2,0.85,3852,2010-09-02,2026-05-26,-2.8932257475486014,-0.11812154337920265,0.04082693632852043,-1.8170439228906694,0.3881100726895119,0.3016614745586708,19.56285863343036,0.3599776702572221,19.202880963173136,-6.0323447828348264,-4.152091920547386
1,45,0.2,1.0,3852,2010-09-02,2026-05-26,-1.8348462147582938,-0.07742270894075724,0.04219574824201614,-1.2152411209173837,0.4125129802699896,0.28842159916926274,19.09256785585413,0.35373667735764575,18.738831178496486,-4.82944153858724,-3.131601861331496
1,45,0.2,1.15,3852,2010-09-02,2026-05-26,-0.7221604945151637,-0.0316255304702619,0.04379293898026685,-0.6091373712652122,0.43354101765316716,0.2736240913811007,18.69513604734474,0.34745918325134584,18.347676864093394,-3.7203851495415305,-2.06638713109293
1,45,0.2,1.3,3852,2010-09-02,2026-05-26,0.40491635016886596,0.018456873172185462,0.04558194097247056,-0.41377159095131577,0.45430944963655245,0.25908618899273106,18.363745318379262,0.3411542542721025,18.02259106410716,-3.224724201958138,-0.9710742129553023
1,45,0.2,1.5,3852,2010-09-02,2026-05-26,1.9219420596279526,0.09307746863880885,0.048428862968338746,-0.3317580206006737,0.48442367601246106,0.24325025960539978,18.014169682444823,0.3327275917085275,17.681442090736297,-2.8211597525612824,0.5053461228238513
1,45,0.3,0.85,3852,2010-09-02,2026-05-26,-3.1018670695888892,-0.11902461052695888,0.03837192499120667,-1.8270675397686515,0.3842159916926272,0.3367082035306334,21.579075897026797,0.37336559221038,21.205710304816417,-6.576217555545876,-4.349514809090667
1,45,0.3,1.0,3852,2010-09-02,2026-05-26,-1.9839182528251547,-0.0779725563868032,0.03930230304387195,-1.2197723109324274,0.4109553478712357,0.32398753894080995,21.403333864024297,0.3696454537839282,21.03368841024037,-5.465854308208424,-3.315823219056155
1,45,0.3,1.15,3852,2010-09-02,2026-05-26,-0.7810131406426767,-0.03160492262444865,0.040466569612953925,-0.6481280340696827,0.43665628245067495,0.31568016614745587,21.28924714038329,0.365913844059379,20.92333329632391,-4.220419519141285,-2.193660022234641
1,45,0.3,1.3,3852,2010-09-02,2026-05-26,0.47414932349311806,0.019857332259809263,0.04187991266868797,-0.4043044181492954,0.46417445482866043,0.3055555555555556,21.231778397151412,0.3621717128305405,20.86960668432087,-2.9620822143709993,-1.014863596489259
1,45,0.3,1.5,3852,2010-09-02,2026-05-26,2.1802485021730287,0.09626420215927917,0.04415285783401926,-0.30851826068096433,0.49428868120456904,0.29569055036344755,21.235353516564633,0.35717702010261043,20.87817649646202,-1.563740430012924,0.6230811217663123
1,60,0.1,0.85,3878,2010-09-02,2026-05-26,-3.289226062498318,-0.14407858822965686,0.043803188194435794,-2.217209385534169,0.37235688499226405,0.30995358432181536,22.026589707513242,0.29570778188946817,21.730881925623773,-8.657463188934559,-4.788963758956125
1,60,0.1,1.0,3878,2010-09-02,2026-05-26,-2.4550881786763945,-0.1120815276645572,0.045652750332162595,-1.7248101757267997,0.39014956162970604,0.2924187725631769,21.102811190883962,0.285034324775046,20.817776866108915,-7.713731150945187,-3.9310154485041124
1,60,0.1,1.15,3878,2010-09-02,2026-05-26,-1.6033818288804662,-0.07644709105758814,0.04767865625056136,-1.1898428928446292,0.407426508509541,0.27514182568334195,20.270556840509812,0.2744135380450663,19.996143302464745,-6.825994896344289,-3.0745914300537835
1,60,0.1,1.3,3878,2010-09-02,2026-05-26,-0.7239872396351278,-0.036162424778572365,0.04994898086435524,-0.7075046241396051,0.4223826714801444,0.26121712222795257,19.523684012509634,0.26387247165898775,19.259811540850645,-5.9388721501180965,-2.1518492571874224
1,60,0.1,1.5,3878,2010-09-02,2026-05-26,0.4552776101590005,0.024256941817402747,0.053279452527725424,-0.4885374009935328,0.44223826714801445,0.24213512119649303,18.650040328662133,0.24998469209399415,18.400055636568137,-4.336951456416441,-0.8726540978539046
1,60,0.2,0.85,3878,2010-09-02,2026-05-26,-3.6121056636056976,-0.14680769669276192,0.040643245343552514,-2.25920733243861,0.3710675605982465,0.3483754512635379,24.631385054453535,0.31671019560733454,24.3146748588462,-8.849034334683273,-5.171041768424035
1,60,0.2,1.0,3878,2010-09-02,2026-05-26,-2.7267076989695522,-0.1143633944612807,0.0419419340417382,-1.7599255703208159,0.3888602372356885,0.333677153171738,24.05163528311682,0.30978491213563925,23.74185037098118,-8.261007875844554,-4.2750629541227525
1,60,0.2,1.15,3878,2010-09-02,2026-05-26,-1.7861272971408393,-0.07759327785985164,0.04344218801429206,-1.211969103285421,0.4100051572975761,0.32284682826199074,23.53845218363614,0.3028643774802399,23.2355878061559,-7.5317550101716115,-3.349629424876036
1,60,0.2,1.3,3878,2010-09-02,2026-05-26,-0.8005315943756034,-0.0361731684849242,0.04518643453808773,-0.7078501274053456,0.4308922124806601,0.3102114492006189,23.08814553909188,0.29595201718341446,22.792193521908466,-6.611958628411554,-2.368651709915748
1,60,0.2,1.5,3878,2010-09-02,2026-05-26,0.5327223857835551,0.025430118875200757,0.04773615593006637,-0.42309223492311854,0.4564208354822073,0.294997421351212,22.57938540466904,0.28677171295036025,22.292613691718678,-5.220168991815292,-1.027050250462845
1,60,0.3,0.85,3878,2010-09-02,2026-05-26,-3.856287558331954,-0.1488408674182059,0.038596931677622966,-2.290495570824609,0.36745745229499743,0.3733883445074781,26.710340291153017,0.3317087628423124,26.378631528310706,-9.277111834702263,-5.515732829907085
1,60,0.3,1.0,3878,2010-09-02,2026-05-26,-2.958818680044877,-0.11678631661704236,0.039470589193140775,-1.7972116501622644,0.3867973182052604,0.3671995874161939,26.442116027415054,0.3274998207684588,26.114616206646595,-8.48546001998486,-4.600478632703832
1,60,0.3,1.15,3878,2010-09-02,2026-05-26,-1.9725768111914053,-0.08002312682966928,0.040567812809954196,-1.2623932672328728,0.40897369778236203,0.3597215059308922,26.22876355380879,0.32329659813731165,25.90546695567148,-7.637916307910205,-3.6178996439074362
1,60,0.3,1.3,3878,2010-09-02,2026-05-26,-0.9291743531398975,-0.03890558601690359,0.041871136332414384,-0.7019365085637811,0.4321815368746777,0.35043837029396596,26.067739267005965,0.319103788245603,25.748635478760363,-6.773152879318683,-2.585440968557614
1,60,0.3,1.5,3878,2010-09-02,2026-05-26,0.5155632227163343,0.02264655718749088,0.04392585853617248,-0.4095683686270434,0.4664775657555441,0.3406395048994327,25.930182826250878,0.31353366608517347,25.616649160165704,-5.615440455485563,-1.16604458225732
