ticker,asset_class,market_date,expiry,strike,horizon,gap,d_iv,d_s,pnl_vega,pnl_delta,pnl_theta,gross,vega,harvest_vp,breakeven_spread_vp
MU,single_name,2026-03-30,2027-06-17,430.0,20,0.10724,0.08096,182.49,11.4984,91.1781,-3.179,99.4975,1.420306291123737,8.0957,8.0957
MU,single_name,2026-03-30,2027-06-17,430.0,40,0.10724,0.23156,606.61,32.8885,303.0826,-6.3579,329.6131,1.420306291123737,23.1559,23.1559
MU,single_name,2026-04-01,2027-06-17,500.0,20,0.1099,0.04764,149.31,7.6942,74.1101,-3.7251,78.0792,1.615139461449939,4.7638,4.7638
MU,single_name,2026-04-01,2027-06-17,500.0,40,0.1099,0.23307,603.15,37.6436,299.3736,-7.4501,329.5672,1.615139461449939,23.3067,23.3067
MU,single_name,2026-04-02,2027-06-17,490.0,20,0.1101,0.05946,175.97,9.5527,88.741,-3.7138,94.5798,1.606708062683829,5.9455,5.9455
MU,single_name,2026-04-02,2027-06-17,490.0,40,0.1101,0.2577,669.26,41.405,337.5051,-7.6838,371.2264,1.606708062683829,25.7701,25.7701
MU,single_name,2026-04-08,2027-06-17,540.0,20,0.10326,0.12379,259.86,21.931,130.6384,-3.9643,148.605,1.77167645239124,12.3787,12.3787
MU,single_name,2026-04-08,2027-06-17,540.0,40,0.10326,0.27029,589.27,47.8866,296.2413,-8.0702,336.0577,1.77167645239124,27.029,27.029
MU,single_name,2026-05-26,2027-06-17,1370.0,20,0.14261,0.03197,152.63,11.7782,76.4065,-12.3521,75.8326,3.68411999640755,3.197,3.197
MU,single_name,2026-05-27,2027-06-17,1430.0,20,0.10782,0.02377,285.15,9.055,142.2223,-12.8801,138.3973,3.80929169921029,2.3771,2.3771
MU,single_name,2026-05-28,2027-06-17,1410.0,20,0.12248,0.02825,208.81,10.6841,104.2078,-12.7251,102.1668,3.78188787999905,2.8251,2.8251
MU,single_name,2026-05-29,2027-06-17,1500.0,20,0.10091,0.00957,174.28,3.8072,87.3551,-14.6188,76.5436,3.97800207102088,0.9571,0.9571
SNDK,single_name,2025-12-26,2027-01-15,390.0,20,0.27574,0.06369,231.38,6.5283,115.9953,-3.9196,118.604,1.025029872356241,6.3689,6.3689
SNDK,single_name,2025-12-26,2027-01-15,390.0,40,0.27574,0.13482,382.33,13.8192,191.6694,-7.4718,198.0168,1.025029872356241,13.4818,13.4818
SNDK,single_name,2025-12-29,2027-01-15,380.0,20,0.27635,0.09456,283.38,9.4257,142.0507,-3.6072,147.8692,0.99684692316977,9.4555,9.4555
SNDK,single_name,2025-12-29,2027-01-15,380.0,40,0.27635,0.12321,407.65,12.282,204.3439,-7.0942,209.5317,0.99684692316977,12.3209,12.3209
SNDK,single_name,2025-12-30,2027-01-15,380.0,20,0.27437,0.10763,299.08,10.5315,147.8811,-3.5589,154.8537,0.978496827531418,10.7629,10.7629
SNDK,single_name,2025-12-30,2027-01-15,380.0,40,0.27437,0.10342,395.14,10.1192,195.3783,-6.9991,198.4984,0.978496827531418,10.3415,10.3415
SNDK,single_name,2025-12-31,2027-01-15,370.0,20,0.26422,0.09515,338.87,9.1923,169.9375,-3.5337,175.5962,0.966042492176654,9.5154,9.5154
SNDK,single_name,2025-12-31,2027-01-15,370.0,40,0.26422,0.09882,381.7,9.5465,191.416,-7.1851,193.7774,0.966042492176654,9.882,9.882
SNDK,single_name,2026-01-02,2027-01-15,420.0,20,0.27541,0.11901,390.0,13.2861,201.913,-4.3372,210.8619,1.11637107395869,11.9012,11.9012
SNDK,single_name,2026-01-02,2027-01-15,420.0,40,0.27541,0.06135,290.17,6.8488,150.2284,-8.3947,148.6825,1.11637107395869,6.1349,6.1349
SNDK,single_name,2026-01-05,2027-01-15,420.0,20,0.27119,0.14042,421.43,15.5551,216.0476,-4.038,227.5646,1.10776118648551,14.0419,14.0419
SNDK,single_name,2026-01-05,2027-01-15,420.0,40,0.27119,0.05338,324.98,5.9134,166.6021,-8.0761,164.4394,1.10776118648551,5.3381,5.3381
SNDK,single_name,2026-01-07,2027-01-15,520.0,20,0.3104,0.08588,222.64,12.192,119.7091,-5.3352,126.5659,1.419710375131231,8.5877,8.5877
SNDK,single_name,2026-01-07,2027-01-15,520.0,40,0.3104,0.02185,173.77,3.1019,93.4327,-10.6704,85.8641,1.419710375131231,2.1849,2.1849
SNDK,single_name,2026-01-08,2027-01-15,520.0,20,0.30444,0.09198,263.41,12.3752,134.2703,-5.0104,141.635,1.345347533148639,9.1985,9.1985
SNDK,single_name,2026-01-08,2027-01-15,520.0,40,0.30444,0.02858,254.19,3.8449,129.5705,-10.3664,123.049,1.345347533148639,2.858,2.858
SNDK,single_name,2026-01-09,2027-01-15,520.0,20,0.29386,0.03705,205.99,5.5173,118.4961,-6.2531,117.7602,1.489130204957301,3.705,3.705
SNDK,single_name,2026-01-09,2027-01-15,520.0,40,0.29386,-0.03302,241.48,-4.917,138.9117,-12.1028,121.892,1.489130204957301,-3.3019,3.3019
SNDK,single_name,2026-01-12,2027-01-15,540.0,20,0.32086,0.0431,152.37,6.6407,85.768,-5.9338,86.4749,1.540618724554336,4.3104,4.3104
SNDK,single_name,2026-01-12,2027-01-15,540.0,40,0.32086,-0.02819,266.16,-4.3436,149.8196,-11.8676,133.6084,1.540618724554336,-2.8194,2.8194
SNDK,single_name,2026-01-13,2027-01-15,590.0,20,0.27975,0.05705,209.53,8.8826,109.8725,-5.9668,112.7883,1.557059341376175,5.7047,5.7047
SNDK,single_name,2026-01-13,2027-01-15,590.0,40,0.27975,-0.0231,229.01,-3.596,120.0873,-11.9337,104.5576,1.557059341376175,-2.3095,2.3095
SNDK,single_name,2026-01-14,2027-01-15,590.0,20,0.27472,0.05731,242.48,8.8516,126.5425,-5.9493,129.4448,1.54463976754534,5.7305,5.7305
SNDK,single_name,2026-01-14,2027-01-15,590.0,40,0.27472,-0.00731,273.81,-1.1295,142.8926,-11.8987,129.8644,1.54463976754534,-0.7313,0.7313
SNDK,single_name,2026-01-15,2027-01-15,590.0,20,0.25694,0.04465,217.32,7.2155,119.3244,-6.3549,120.1851,1.616071110366984,4.4648,4.4648
SNDK,single_name,2026-01-15,2027-01-15,590.0,40,0.25694,0.01722,294.39,2.7829,161.6415,-13.148,151.2763,1.616071110366984,1.722,1.722
SNDK,single_name,2026-02-05,2028-01-21,1080.0,20,0.24759,-0.08653,-48.87,-27.0859,-29.2584,-6.3235,-62.6677,3.13011765573631,-8.6533,8.6533
SNDK,single_name,2026-02-05,2028-01-21,1080.0,40,0.24759,-0.02253,148.43,-7.0515,88.8648,-13.083,68.7303,3.13011765573631,-2.2528,2.2528
SNDK,single_name,2026-02-09,2028-01-21,1080.0,20,0.26243,-0.04639,35.49,-14.6878,20.8252,-6.2506,-0.1132,3.16618959015398,-4.6389,4.6389
SNDK,single_name,2026-02-09,2028-01-21,1080.0,40,0.26243,0.00957,197.5,3.0304,115.891,-12.5012,106.4203,3.16618959015398,0.9571,0.9571
SNDK,single_name,2026-02-10,2028-01-21,1080.0,20,0.27831,-0.06348,113.79,-18.8859,64.0767,-5.854,39.3368,2.97530793022109,-6.3475,6.3475
SNDK,single_name,2026-02-10,2028-01-21,1080.0,40,0.27831,0.01843,309.93,5.483,174.5258,-11.708,168.3008,2.97530793022109,1.8428,1.8428
SNDK,single_name,2026-02-11,2028-01-21,1080.0,20,0.24434,-0.05216,19.48,-16.9038,11.5464,-6.3932,-11.7506,3.24106393364316,-5.2155,5.2155
SNDK,single_name,2026-02-11,2028-01-21,1080.0,40,0.24434,0.02004,252.43,6.4941,149.6237,-12.7863,143.3315,3.24106393364316,2.0037,2.0037
SNDK,single_name,2026-02-17,2028-01-21,1080.0,20,0.22959,0.01427,129.58,4.5426,76.4407,-6.1632,74.8201,3.18288688583886,1.4272,1.4272
SNDK,single_name,2026-02-17,2028-01-21,1080.0,40,0.22959,0.0306,301.13,9.7397,177.64,-12.5465,174.8332,3.18288688583886,3.06,3.06
SNDK,single_name,2026-02-18,2028-01-21,1080.0,20,0.25087,0.08655,153.29,28.102,89.6953,-6.1568,111.6405,3.24673261503772,8.6555,8.6555
SNDK,single_name,2026-02-18,2028-01-21,1080.0,40,0.25087,0.05332,319.07,17.3126,186.699,-12.5335,191.478,3.24673261503772,5.3323,5.3323
SNDK,single_name,2026-02-19,2028-01-21,1080.0,20,0.16571,0.08647,151.0,28.8613,89.5051,-6.3121,112.0543,3.33758456128583,8.6474,8.6474
SNDK,single_name,2026-02-19,2028-01-21,1080.0,40,0.16571,0.06096,299.9,20.3455,177.7654,-12.8496,185.2613,3.33758456128583,6.0959,6.0959
SNDK,single_name,2026-02-24,2027-06-17,1020.0,20,0.11031,-0.02186,63.96,-6.2952,35.9671,-8.3776,21.2943,2.88005155205214,-2.1858,2.1858
SNDK,single_name,2026-02-24,2027-06-17,1020.0,40,0.11031,0.03338,340.55,9.6139,191.5038,-17.0545,184.0633,2.88005155205214,3.3381,3.3381
SNDK,single_name,2026-02-25,2027-06-17,1020.0,20,0.12277,-0.02457,45.48,-7.0214,25.2365,-8.2506,9.9645,2.85733864079165,-2.4573,2.4573
SNDK,single_name,2026-02-25,2027-06-17,1020.0,40,0.12277,0.02,300.05,5.7141,166.4953,-16.7958,155.4135,2.85733864079165,1.9998,1.9998
SNDK,single_name,2026-02-27,2027-06-17,1020.0,20,0.1146,0.02227,-19.53,6.3938,-10.6816,-8.1415,-12.4292,2.87094058068924,2.2271,2.2271
SNDK,single_name,2026-02-27,2027-06-17,1020.0,40,0.1146,0.06506,434.84,18.6795,237.8274,-17.1553,239.3516,2.87094058068924,6.5064,6.5064
SNDK,single_name,2026-03-02,2027-06-17,1020.0,20,0.10295,0.01805,-46.58,5.0495,-24.9377,-7.964,-27.8522,2.79784824895017,1.8048,1.8048
SNDK,single_name,2026-03-02,2027-06-17,1020.0,40,0.10295,0.07131,383.27,19.9523,205.1929,-16.2123,208.9328,2.79784824895017,7.1313,7.1313
SNDK,single_name,2026-03-03,2027-06-17,1000.0,20,0.13669,0.07502,69.93,19.1844,34.904,-7.1395,46.9488,2.55728958318262,7.5018,7.5018
SNDK,single_name,2026-03-03,2027-06-17,1000.0,40,0.13669,0.0997,498.8,25.4954,248.9646,-14.5339,259.926,2.55728958318262,9.9697,9.9697
SNDK,single_name,2026-03-04,2027-06-17,1020.0,20,0.13722,0.07208,93.67,19.5353,47.7284,-7.51,59.7538,2.71011270333453,7.2083,7.2083
SNDK,single_name,2026-03-04,2027-06-17,1020.0,40,0.13722,0.09622,497.45,26.0777,253.4697,-15.2882,264.2593,2.71011270333453,9.6224,9.6224
SNDK,single_name,2026-03-05,2027-06-17,980.0,20,0.15371,0.06685,136.0,17.1092,67.6984,-7.0211,77.7865,2.55941714082683,6.6848,6.6848
SNDK,single_name,2026-03-05,2027-06-17,980.0,40,0.15371,0.09828,621.41,25.153,309.3269,-14.2929,320.1869,2.55941714082683,9.8276,9.8276
SNDK,single_name,2026-03-06,2027-06-17,920.0,20,0.15288,0.06195,197.3,14.7463,98.723,-7.3526,106.1167,2.38023690181064,6.1953,6.1953
SNDK,single_name,2026-03-06,2027-06-17,920.0,40,0.15288,0.07954,728.53,18.932,364.5345,-13.9937,369.4728,2.38023690181064,7.9538,7.9538
SNDK,single_name,2026-03-09,2027-06-17,1020.0,20,0.17352,0.06296,122.07,16.6769,60.8754,-7.6489,69.9033,2.64900701553594,6.2955,6.2955
SNDK,single_name,2026-03-09,2027-06-17,1020.0,40,0.17352,0.11093,817.59,29.3848,407.7258,-15.034,422.0766,2.64900701553594,11.0928,11.0928
SNDK,single_name,2026-03-10,2027-06-17,1020.0,20,0.17581,0.07179,162.01,19.9619,83.5727,-8.0137,95.5209,2.78047045909336,7.1793,7.1793
SNDK,single_name,2026-03-10,2027-06-17,1020.0,40,0.17581,0.1034,791.09,28.7501,408.0832,-15.7511,421.0822,2.78047045909336,10.34,10.34
SNDK,single_name,2026-03-11,2027-06-17,1020.0,20,0.1929,0.09517,196.14,27.9363,104.2471,-8.3442,123.8392,2.93547365625782,9.5168,9.5168
SNDK,single_name,2026-03-11,2027-06-17,1020.0,40,0.1929,0.1268,684.53,37.2215,363.8231,-16.4007,384.6439,2.93547365625782,12.6799,12.6799
SNDK,single_name,2026-03-12,2027-06-17,1020.0,20,0.13629,0.08742,232.95,24.2374,119.0181,-7.9526,135.3029,2.77261636484317,8.7417,8.7417
SNDK,single_name,2026-03-12,2027-06-17,1020.0,40,0.13629,0.16411,943.52,45.5019,482.0603,-15.6309,511.9313,2.77261636484317,16.4112,16.4112
SNDK,single_name,2026-03-13,2027-06-17,1020.0,20,0.11581,0.10032,290.88,29.5685,158.7528,-9.2728,179.0485,2.9473462623998,10.0323,10.0323
SNDK,single_name,2026-03-13,2027-06-17,1020.0,40,0.11581,0.15764,885.94,46.4609,483.5171,-17.6482,512.3298,2.9473462623998,15.7637,15.7637
SNDK,single_name,2026-03-25,2027-06-17,1140.0,20,0.1125,0.03901,254.57,11.6607,131.5523,-9.2632,133.9497,2.98948828854808,3.9006,3.9006
SNDK,single_name,2026-03-25,2027-06-17,1140.0,40,0.1125,0.08276,864.38,24.7397,446.6793,-18.2071,453.2119,2.98948828854808,8.2756,8.2756
SNDK,single_name,2026-03-26,2027-06-17,1090.0,20,0.1182,0.02912,386.73,7.7537,193.9197,-8.4935,193.18,2.66295789033381,2.9117,2.9117
SNDK,single_name,2026-03-26,2027-06-17,1090.0,40,0.1182,0.05511,875.52,14.6751,439.0159,-16.6941,436.9968,2.66295789033381,5.5108,5.5108
SNDK,single_name,2026-03-27,2027-06-17,1110.0,20,0.12107,0.043,454.37,11.6957,227.3133,-9.248,229.761,2.72008661095856,4.2998,4.2998
SNDK,single_name,2026-03-27,2027-06-17,1110.0,40,0.12107,0.10617,973.72,28.8792,487.135,-17.8993,498.1148,2.72008661095856,10.617,10.617
SNDK,single_name,2026-03-30,2027-06-17,1020.0,20,0.13775,0.05327,429.85,13.4075,215.5249,-8.0363,220.8961,2.51712359599857,5.3265,5.3265
SNDK,single_name,2026-03-30,2027-06-17,1020.0,40,0.13775,0.11978,1017.44,30.1502,510.1399,-16.0726,524.2175,2.51712359599857,11.9781,11.9781
SNDK,single_name,2026-04-01,2027-06-17,1140.0,20,0.1059,0.02172,403.78,6.572,217.5431,-9.9204,214.1948,3.02538879049996,2.1723,2.1723
SNDK,single_name,2026-04-01,2027-06-17,1140.0,40,0.1059,0.09988,1002.25,30.2173,539.9787,-19.8408,550.3553,3.02538879049996,9.9879,9.9879
META,single_name,2026-04-08,2027-06-17,680.0,20,0.10088,-0.02085,0.46,-5.5615,0.2324,-3.7007,-9.0297,2.66702118037748,-2.0853,2.0853
META,single_name,2026-04-08,2027-06-17,680.0,40,0.10088,-0.00256,15.15,-0.6819,7.6553,-7.5336,-0.5602,2.66702118037748,-0.2557,0.2557
META,single_name,2026-04-09,2027-06-17,700.0,20,0.11201,-0.02086,-11.58,-5.7039,-5.8109,-3.7868,-15.3015,2.73446085969709,-2.0859,2.0859
META,single_name,2026-04-09,2027-06-17,700.0,40,0.11201,0.0019,-1.18,0.5192,-0.5921,-7.7089,-7.7818,2.73446085969709,0.1899,0.1899
META,single_name,2026-04-10,2027-06-17,700.0,20,0.11125,-0.01711,-20.23,-4.6809,-10.1177,-3.7388,-18.5373,2.73585722443533,-1.7109,1.7109
META,single_name,2026-04-10,2027-06-17,700.0,40,0.11125,0.00847,-42.06,2.3167,-21.0357,-7.8781,-26.5971,2.73585722443533,0.8468,0.8468
META,single_name,2026-04-14,2027-06-17,740.0,20,0.10879,-0.01865,-59.49,-5.342,-29.4134,-3.9376,-38.693,2.86464284903675,-1.8648,1.8648
META,single_name,2026-04-14,2027-06-17,740.0,40,0.10879,0.00497,-91.51,1.4249,-45.2449,-8.0158,-51.8358,2.86464284903675,0.4974,0.4974
META,single_name,2026-04-15,2027-06-17,740.0,20,0.10996,-0.01455,-54.95,-4.2196,-27.8253,-3.9996,-36.0445,2.90091017402466,-1.4546,1.4546
META,single_name,2026-04-15,2027-06-17,740.0,40,0.10996,0.00756,-110.2099,2.1929,-55.8076,-8.142,-61.7566,2.90091017402466,0.7559,0.7559
META,single_name,2026-04-16,2027-06-17,760.0,20,0.10834,-0.01153,-58.44,-3.3677,-28.5561,-4.0039,-35.9277,2.92123641565471,-1.1528,1.1528
META,single_name,2026-04-16,2027-06-17,760.0,40,0.10834,0.01213,-109.89,3.544,-53.6965,-8.1507,-58.3033,2.92123641565471,1.2132,1.2132
META,single_name,2026-04-17,2027-06-17,760.0,20,0.10732,-0.01032,-74.32,-3.0632,-37.4058,-4.074,-44.543,2.96934293269025,-1.0316,1.0316
META,single_name,2026-04-17,2027-06-17,760.0,40,0.10732,0.0092,-95.07,2.7304,-47.8494,-8.5845,-53.7035,2.96934293269025,0.9195,0.9195
META,single_name,2026-04-20,2027-06-17,740.0,20,0.10928,-0.01284,-59.7,-3.6986,-30.0264,-3.9909,-37.7159,2.88031953392469,-1.2841,1.2841
META,single_name,2026-04-20,2027-06-17,740.0,40,0.10928,0.01008,-70.7,2.9039,-35.5589,-8.1244,-40.7794,2.88031953392469,1.0082,1.0082
META,single_name,2026-04-21,2027-06-17,740.0,20,0.10677,-0.01277,-66.23,-3.6653,-33.1811,-3.9992,-40.8457,2.86924002121624,-1.2775,1.2775
META,single_name,2026-04-21,2027-06-17,740.0,40,0.10677,0.01508,-101.26,4.3279,-50.7311,-8.1413,-54.5446,2.86924002121624,1.5084,1.5084
META,single_name,2026-04-23,2027-06-17,740.0,20,0.10846,-0.01703,-51.77,-4.8026,-25.25,-3.95,-34.0026,2.81968266730528,-1.7032,1.7032
META,single_name,2026-04-23,2027-06-17,740.0,40,0.10846,0.01548,-95.3,4.3643,-46.481,-8.4643,-50.581,2.81968266730528,1.5478,1.5478
AMD,single_name,2025-12-26,2027-01-15,250.0,20,0.18759,0.04165,37.04,3.6669,18.9599,-2.0653,20.5615,0.880357645850789,4.1652,4.1652
AMD,single_name,2025-12-26,2027-01-15,250.0,40,0.18759,0.03014,-4.13,2.6536,-2.1141,-3.937,-3.3974,0.880357645850789,3.0143,3.0143
AMD,single_name,2025-12-29,2027-01-15,250.0,20,0.18333,0.04052,37.13,3.5632,19.0726,-1.9551,20.6807,0.879323606773036,4.0522,4.0522
AMD,single_name,2025-12-29,2027-01-15,250.0,40,0.18333,0.01805,-11.93,1.5873,-6.1281,-3.845,-8.3858,0.879323606773036,1.8052,1.8052
AMD,single_name,2025-12-30,2027-01-15,250.0,20,0.18193,0.03312,36.84,2.9065,18.8603,-1.9489,19.8178,0.877499106910644,3.3122,3.3122
AMD,single_name,2025-12-30,2027-01-15,250.0,40,0.18193,0.02144,-15.13,1.8812,-7.7458,-3.8328,-9.6974,0.877499106910644,2.1438,2.1438
AMD,single_name,2026-02-04,2027-06-17,260.0,20,0.25168,-0.0147,-0.74,-1.3725,-0.3655,-1.6435,-3.3815,0.933699884060824,-1.47,1.47
AMD,single_name,2026-02-04,2027-06-17,260.0,40,0.25168,-0.00507,17.31,-0.4732,8.5496,-3.2303,4.8461,0.933699884060824,-0.5068,0.5068
AMD,single_name,2026-02-05,2027-06-17,250.0,20,0.2628,0.00656,-0.07,0.5873,-0.0344,-1.5688,-1.0159,0.895489517379095,0.6559,0.6559
AMD,single_name,2026-02-05,2027-06-17,250.0,40,0.2628,0.00437,27.68,0.3914,13.5877,-3.2459,10.7332,0.895489517379095,0.4371,0.4371
AMD,single_name,2026-02-06,2027-06-17,270.0,20,0.30668,-0.00521,-5.76,-0.5051,-2.8423,-1.8253,-5.1727,0.96958545450199,-0.5209,0.5209
AMD,single_name,2026-02-06,2027-06-17,270.0,40,0.30668,-0.00401,13.09,-0.3889,6.4593,-3.5328,2.5376,0.96958545450199,-0.4011,0.4011
AMD,single_name,2026-02-09,2027-03-19,260.0,20,0.31946,-0.00678,-12.77,-0.6139,-6.4912,-1.9518,-9.0568,0.905343806274113,-0.6781,0.6781
AMD,single_name,2026-02-09,2027-03-19,260.0,40,0.31946,-0.00883,15.82,-0.7992,8.0415,-3.9035,3.3388,0.905343806274113,-0.8827,0.8827
AMD,single_name,2026-02-10,2027-03-19,260.0,20,0.32265,-0.00622,-8.74,-0.5567,-4.3565,-1.9131,-6.8263,0.894571004377763,-0.6223,0.6223
AMD,single_name,2026-02-10,2027-03-19,260.0,40,0.32265,0.00292,23.07,0.2608,11.4993,-3.8263,7.9338,0.894571004377763,0.2915,0.2915
AMD,single_name,2026-02-11,2027-03-19,260.0,20,0.28464,-0.01583,-15.84,-1.4141,-7.9564,-1.9474,-11.3179,0.893533034371909,-1.5826,1.5826
AMD,single_name,2026-02-11,2027-03-19,260.0,40,0.28464,0.00059,31.46,0.0529,15.8024,-3.8947,11.9605,0.893533034371909,0.0592,0.0592
AMD,single_name,2026-02-12,2027-03-19,250.0,20,0.29767,-0.01205,-12.55,-1.0369,-6.2866,-1.8597,-9.1832,0.860232815974621,-1.2054,1.2054
AMD,single_name,2026-02-12,2027-03-19,250.0,40,0.29767,0.00675,40.89,0.5806,20.4827,-3.8476,17.2157,0.860232815974621,0.6749,0.6749
AMD,single_name,2026-02-13,2027-03-19,250.0,20,0.29626,-0.01317,-10.74,-1.1385,-5.4114,-1.9976,-8.5475,0.864249573846315,-1.3174,1.3174
AMD,single_name,2026-02-13,2027-03-19,250.0,40,0.29626,0.00614,47.75,0.5306,24.059,-3.8663,20.7233,0.864249573846315,0.614,0.614
AMD,single_name,2026-02-17,2027-03-19,250.0,20,0.29158,-0.02581,-6.77,-2.1718,-3.3149,-1.7801,-7.2669,0.841444619725873,-2.5811,2.5811
AMD,single_name,2026-02-17,2027-03-19,250.0,40,0.29158,-0.0001,55.04,-0.0082,26.9505,-3.6238,23.3184,0.841444619725873,-0.0097,0.0097
AMD,single_name,2026-02-18,2027-03-19,240.0,20,0.29598,-0.01051,-0.66,-0.8713,-0.3331,-1.744,-2.9484,0.828958370025186,-1.051,1.051
AMD,single_name,2026-02-18,2027-03-19,240.0,40,0.29598,0.03232,78.14,2.6793,39.4337,-3.5503,38.5626,0.828958370025186,3.2321,3.2321
AMD,single_name,2026-02-19,2027-03-19,240.0,20,0.25678,0.00259,1.9,0.2181,0.9713,-1.7461,-0.5567,0.841166564080453,0.2593,0.2593
AMD,single_name,2026-02-19,2027-03-19,240.0,40,0.25678,0.04373,75.02,3.6782,38.35,-3.5546,38.4736,0.841166564080453,4.3727,4.3727
AMD,single_name,2026-02-20,2027-03-19,240.0,20,0.24819,0.00194,1.18,0.1603,0.5922,-1.7329,-0.9804,0.82685880996166,0.1938,0.1938
AMD,single_name,2026-02-20,2027-03-19,240.0,40,0.24819,0.04553,74.8,3.7644,37.5384,-3.6514,37.6513,0.82685880996166,4.5526,4.5526
AMD,single_name,2026-02-23,2027-03-19,240.0,20,0.23651,-0.00276,6.08,-0.2228,2.9706,-1.7053,1.0425,0.80841553910905,-0.2756,0.2756
AMD,single_name,2026-02-23,2027-03-19,240.0,40,0.23651,0.05551,87.89,4.4875,42.9411,-3.4715,43.957,0.80841553910905,5.5509,5.5509
AMD,single_name,2026-02-24,2027-03-19,260.0,20,0.28617,-0.02525,-8.47,-2.22,-4.2273,-1.9179,-8.3651,0.879105820066574,-2.5252,2.5252
AMD,single_name,2026-02-24,2027-03-19,260.0,40,0.28617,0.05107,89.62,4.4897,44.7284,-3.9043,45.3139,0.879105820066574,5.1071,5.1071
AMD,single_name,2026-02-25,2027-03-19,260.0,20,0.29,-0.00514,9.41,-0.4447,4.5816,-1.8708,2.2662,0.865511790584339,-0.5138,0.5138
AMD,single_name,2026-02-25,2027-03-19,260.0,40,0.29,0.04892,94.47,4.2343,45.9964,-3.8083,46.4224,0.865511790584339,4.8922,4.8922
AMD,single_name,2026-02-26,2027-03-19,250.0,20,0.29653,0.0003,0.09,0.0249,0.044,-1.8069,-1.738,0.835241811537873,0.0298,0.0298
AMD,single_name,2026-02-26,2027-03-19,250.0,40,0.29653,0.0872,144.13,7.2831,70.507,-3.6783,74.1118,0.835241811537873,8.7198,8.7198
AMD,single_name,2026-02-27,2027-03-19,240.0,20,0.29588,0.00567,1.78,0.4653,0.8999,-1.7848,-0.4196,0.82117323108703,0.5666,0.5666
AMD,single_name,2026-02-27,2027-03-19,240.0,40,0.29588,0.08839,134.42,7.2582,67.9542,-3.7608,71.4516,0.82117323108703,8.8388,8.8388
AMD,single_name,2026-03-02,2027-03-19,240.0,20,0.27706,0.0086,-2.58,0.6972,-1.2835,-1.7673,-2.3536,0.810602452269733,0.8601,0.8601
AMD,single_name,2026-03-02,2027-03-19,240.0,40,0.27706,0.07135,124.59,5.7839,61.9823,-3.5976,64.1685,0.810602452269733,7.1353,7.1353
AMD,single_name,2026-03-03,2027-03-19,230.0,20,0.2711,0.00618,12.48,0.4809,6.1961,-1.681,4.9959,0.77851072020815,0.6177,0.6177
AMD,single_name,2026-03-03,2027-03-19,230.0,40,0.2711,0.1031,146.16,8.0262,72.5655,-3.422,77.1697,0.77851072020815,10.3097,10.3097
AMD,single_name,2026-03-04,2027-03-19,240.0,20,0.3153,0.01229,8.14,1.0119,4.0857,-1.7533,3.3443,0.823035453095991,1.2295,1.2295
AMD,single_name,2026-03-04,2027-03-19,240.0,40,0.3153,0.12139,152.42,9.991,76.5034,-3.5691,82.9253,0.823035453095991,12.1393,12.1393
AMD,single_name,2026-05-06,2027-06-17,540.0,20,0.185,0.09475,101.81,16.8103,50.6504,-4.1803,63.2804,1.774145678147925,9.4752,9.4752
AMD,single_name,2026-05-07,2027-06-17,520.0,20,0.21056,0.08926,57.92,15.3414,29.0789,-4.0708,40.3495,1.718794051445785,8.9257,8.9257
AMD,single_name,2026-05-08,2027-06-17,590.0,20,0.23494,0.07234,35.14,13.8372,17.5902,-5.0129,26.4145,1.912735031195169,7.2343,7.2343
AMD,single_name,2026-05-11,2027-06-17,600.0,20,0.22098,0.05151,28.81,9.8968,14.422,-4.8416,19.4773,1.921463530128265,5.1507,5.1507
AMD,single_name,2026-05-12,2027-06-17,580.0,20,0.24546,0.06014,4.11,11.2651,2.0699,-4.7004,8.6345,1.873128114190067,6.014,6.014
AMD,single_name,2026-05-13,2027-06-17,580.0,20,0.24818,0.05865,21.73,10.909,10.8992,-4.7032,17.105,1.8601239566604,5.8646,5.8646
AMD,single_name,2026-05-14,2027-06-17,590.0,20,0.23273,0.06621,61.87,12.4283,30.7815,-4.7577,38.4521,1.877207056432345,6.6207,6.6207
AMD,single_name,2026-05-15,2027-06-17,550.0,20,0.28301,0.09215,123.16,16.2905,61.6047,-4.7485,73.1467,1.767826914925192,9.215,9.215
AMD,single_name,2026-05-18,2027-06-17,550.0,20,0.28103,0.08087,86.3,14.1518,42.7522,-4.4275,52.4765,1.749870885118491,8.0873,8.0873
AMD,single_name,2026-05-19,2027-06-17,540.0,20,0.28718,0.08467,98.43,14.5338,48.8074,-4.3636,58.9776,1.716550454975757,8.4669,8.4669
AMD,single_name,2026-05-20,2027-06-17,580.0,20,0.28319,0.06769,89.79,12.5403,45.2984,-4.8144,53.0244,1.852716936734308,6.7686,6.7686
AMD,single_name,2026-05-21,2027-06-17,590.0,20,0.2893,0.07292,102.04,13.5683,50.5677,-5.3078,58.8282,1.860671655855629,7.2922,7.2922
AMD,single_name,2026-05-22,2027-06-17,620.0,20,0.18063,0.04545,52.34,8.7833,26.1044,-5.7016,29.1861,1.932704583377732,4.5446,4.5446
AMD,single_name,2026-05-26,2027-06-17,680.0,20,0.15557,0.01756,15.85,3.6364,7.9006,-5.7963,5.7408,2.071184562930446,1.7557,1.7557
AMD,single_name,2026-05-27,2027-06-17,660.0,20,0.15137,0.02003,37.03,4.0742,18.5647,-5.6423,16.9966,2.033638716455615,2.0034,2.0034
AMD,single_name,2026-05-28,2027-06-17,690.0,20,0.14657,0.00519,3.49,1.1013,1.7556,-5.9481,-3.0912,2.122854095848988,0.5188,0.5188
AMD,single_name,2026-05-29,2027-06-17,690.0,20,0.14853,0.00841,23.39,1.7766,11.6716,-6.3073,7.1409,2.112437812924112,0.841,0.841
AMD,single_name,2026-06-01,2027-06-17,680.0,20,0.14695,0.0169,70.78,3.5127,35.5628,-5.9176,33.1579,2.078398470345537,1.6901,1.6901
AMD,single_name,2026-06-02,2027-06-17,700.0,20,0.10288,-0.00137,19.34,-0.2903,9.6665,-6.084,3.2922,2.122641070423079,-0.1368,0.1368
