ticker,market_date,expiry,dte,n_strikes,a,b,rho,m,sigma,rmse_volpts,min_butterfly_g,liquid,calendar_viol_on_date
SPY,2025-12-26,2026-01-02,7,43,1.0000000004648673e-08,0.007875712426873946,-0.9066991475303288,-0.01839648681602172,0.02330500385265429,0.2272,0.090312,True,0
SPY,2025-12-26,2026-01-23,28,85,1.0000000089561945e-08,0.0235294258209751,-0.8751363718321664,-0.04127397500703401,0.06301437059528017,0.4711,0.109953,True,0
SPY,2025-12-26,2026-03-31,95,231,1.0000000000000055e-08,0.05667088647641982,-0.9081613647485257,-0.0787971284137448,0.13899028970202004,0.6017,0.119054,True,0
SPY,2026-01-16,2026-01-23,7,52,1.0000000000000002e-08,0.008335879927899576,-0.9989999999999999,-0.026029933707103454,0.03999571242661218,0.2613,0.168433,True,0
SPY,2026-01-16,2026-02-13,28,80,1.0000000033304469e-08,0.0270556642134912,-0.9989999999999999,-0.049429239183159335,0.08265005018524964,0.5056,0.118229,True,0
SPY,2026-01-16,2026-04-17,91,56,1.0000000000093114e-08,0.054743934385689745,-0.9906339145357526,-0.07274636117728901,0.15231985241824228,0.4941,0.138531,True,0
SPY,2026-02-06,2026-02-13,7,66,1.0088535018177469e-08,0.006072434209236054,-0.9989855133677157,0.0224611056262624,0.0349764494859341,0.3249,0.379837,True,0
SPY,2026-02-06,2026-03-06,28,125,1.0000000000666352e-08,0.024534320566955127,-0.9989999999999999,-0.031650095806400325,0.09363951326440687,0.4592,0.18628,True,0
SPY,2026-02-06,2026-04-30,83,166,0.000151538358258564,0.05055916793870736,-0.9989999999904576,-0.056369631706151196,0.1500087460980365,0.5373,0.16669,True,0
SPY,2026-03-02,2026-03-09,7,56,1.0761519085451822e-08,0.007184882923164336,-0.9989171928351718,0.03681160407754584,0.012759994388861053,0.2516,0.409153,True,0
SPY,2026-03-02,2026-03-31,29,119,1.0000000000000002e-08,0.023268563803390336,-0.9989999999999999,0.027875938059157983,0.05738675925204089,0.2342,0.291793,True,0
SPY,2026-03-02,2026-05-29,88,177,1.0000000000000002e-08,0.05781078515154449,-0.9989999999999999,-0.04853982064687344,0.1586284785289847,0.5806,0.174159,True,0
SPY,2026-03-20,2026-03-27,7,80,1.0000000000000002e-08,0.01761202416285133,-0.9989999999999999,-0.06310988493731796,0.10877708192812321,0.6644,0.390356,True,0
SPY,2026-03-20,2026-04-17,28,99,1.0000000004791978e-08,0.03720767399213992,-0.9989999999999999,-0.04880472200502087,0.14283305123634715,0.9504,0.198299,True,0
SPY,2026-03-20,2026-06-18,90,66,1.000000000003992e-08,0.07497030539191189,-0.9989999999999598,-0.0983665019780364,0.22412821941047767,0.8162,0.152195,True,0
SPY,2026-04-10,2026-04-17,7,67,1.0000000063740551e-08,0.008548110637765567,-0.9989999999999999,-0.011504897511495497,0.05824716099181804,0.2057,0.301362,True,0
SPY,2026-04-10,2026-05-08,28,113,1.0000000001324705e-08,0.028282419373845697,-0.9989999999999999,-0.0481436958982539,0.10600902523472579,0.4297,0.165928,True,0
SPY,2026-04-10,2026-07-17,98,59,1.0000000019410672e-08,0.06093606215659258,-0.9989999999999999,-0.0702612838757405,0.17539451712074225,0.5171,0.15711,True,0
SPY,2026-04-30,2026-05-07,7,57,2.7780685367106758e-05,0.006418462059269021,-0.9989886142927807,-0.004654910631290478,0.04322249994440132,0.2214,0.312198,True,0
SPY,2026-04-30,2026-05-29,29,157,1.0000000000006638e-08,0.025783729631198012,-0.9128267690064545,-0.03964146160967663,0.0903125915558898,0.4208,0.168218,True,0
SPY,2026-04-30,2026-07-31,92,190,0.003056717263845294,0.0491623938920788,-0.9989999999921636,-0.052223384155063675,0.09835341379736166,0.6166,0.180481,True,0
SPY,2026-05-21,2026-05-28,7,57,8.661147175228088e-05,0.00776178052481718,-0.9985469073628598,-0.024892657190013517,0.04378772143106609,0.2295,0.300889,True,0
SPY,2026-05-21,2026-06-18,28,135,1.000000000021436e-08,0.026351472877390463,-0.9145264433863137,-0.04540721932006389,0.09125262373100641,0.2747,0.158218,True,0
SPY,2026-05-21,2026-08-21,92,64,0.0002506534320465528,0.059571439365941496,-0.8030755898332199,-0.0615137346283729,0.13275082680083347,0.5397,0.147414,True,0
SPY,2026-06-11,2026-06-18,7,71,1.6792577561686468e-08,0.027364836137789665,0.535438639814005,0.047668017263848374,0.019893244906382185,0.3036,0.522054,True,0
SPY,2026-06-11,2026-07-10,29,140,1.0000000000213909e-08,0.027925924538568552,-0.9989999999999999,-0.05242103025922563,0.115538375516704,0.1418,0.285979,True,0
SPY,2026-06-11,2026-08-31,81,210,0.003413217423843557,0.04839642820116312,-0.9989999999999999,-0.06391613208535198,0.09838642793689541,0.5708,0.17101,True,0
SPY,2026-07-02,2026-07-09,7,46,3.181246993887234e-05,0.00519315514404645,-0.8576896017749132,0.0012583089069510254,0.031024408601621877,0.1014,0.383997,True,0
SPY,2026-07-02,2026-07-31,29,168,1.0000000000025734e-08,0.02780204691255472,-0.9989999999999564,-0.06491099615433618,0.09758007134099057,0.3623,0.111695,True,0
SPY,2026-07-02,2026-09-30,90,254,0.00010715760763591256,0.05595417905807624,-0.8450421171265792,-0.06327679134720282,0.13379311725246285,0.5956,0.144039,True,0
QQQ,2025-12-26,2026-01-02,7,44,1.899977129809547e-08,0.011702281522073745,-0.993966544388007,-0.037877299726671,0.03966549486260422,0.2234,0.188982,True,0
QQQ,2025-12-26,2026-01-23,28,78,0.0006715102214949343,0.02220296662013849,-0.9018508053027304,-0.03562486870766993,0.0668802738733375,0.4887,0.197499,True,0
QQQ,2025-12-26,2026-03-31,95,157,0.006306605363466791,0.04538444119616863,-0.9989999999999999,-0.06167630281810484,0.08736151439321396,0.8276,0.224645,True,0
QQQ,2026-01-16,2026-01-23,7,42,2.624211836837749e-08,0.0062854849347808925,-0.9903089522743497,-0.004066404545638054,0.05986487015663384,0.2161,0.488275,True,0
QQQ,2026-01-16,2026-02-13,28,79,1.0000002178020346e-08,0.029027881345674827,-0.998999999999991,-0.06111549058084289,0.1322468968364561,0.5111,0.186678,True,0
QQQ,2026-01-16,2026-04-17,91,62,1.0000000000075035e-08,0.058466815473960015,-0.9108336621455619,-0.08814821725223862,0.2219929329785918,0.6125,0.185235,True,0
QQQ,2026-02-06,2026-02-13,7,68,1.0017107848762781e-08,0.007741437339542121,-0.9989999999957574,0.045910162410627425,0.05295661979408242,0.2329,0.487375,True,0
QQQ,2026-02-06,2026-03-06,28,91,1.0000000000000002e-08,0.02710556239188862,-0.9989999999999999,-0.018800613919584205,0.14394875470288165,0.5497,0.265226,True,0
QQQ,2026-02-06,2026-04-30,83,147,0.0025693436942550905,0.05270081646032512,-0.9989999999999252,-0.0668820896704912,0.1936020357684332,0.7568,0.230488,True,0
QQQ,2026-03-02,2026-03-09,7,60,0.00040471741068983806,0.008786834770358739,-0.9749403203653881,0.03046992834770034,0.0039092146091535334,0.2178,0.41616,True,0
QQQ,2026-03-02,2026-03-31,29,105,1.0000000298010694e-08,0.02358307856735543,-0.998999999056569,0.05804239347001213,0.07979701841202179,0.267,0.353914,True,0
QQQ,2026-03-02,2026-05-29,88,148,0.0036394041432336994,0.054647852779693105,-0.9989999999999999,-0.04185038805867641,0.17636144013086022,0.8182,0.266115,True,0
QQQ,2026-03-20,2026-03-27,7,64,1.9820239993456414e-08,0.006752317472465658,-0.9568706130094882,0.10474587062219237,0.00010068686947558659,0.3642,0.631654,True,0
QQQ,2026-03-20,2026-04-17,28,123,1.0000000000000002e-08,0.022994317195712516,-0.9989999999999999,0.07357913694214396,0.12715439296536432,0.4282,0.42,True,0
QQQ,2026-03-20,2026-06-18,90,82,1.0000000000000002e-08,0.06560399566977251,-0.9989999999999999,-0.05679624164963495,0.28181393044127356,0.7476,0.260728,True,0
QQQ,2026-04-10,2026-04-17,7,59,1.0000049598821874e-08,0.007122661232695286,-0.9989999999999326,0.009764008309694257,0.07358056475548101,0.2049,0.463983,True,0
QQQ,2026-04-10,2026-05-08,28,131,1.0000024298385702e-08,0.02755093335420278,-0.9542881758919011,-0.021511627536838517,0.12994880560085903,0.3703,0.248501,True,0
QQQ,2026-04-10,2026-07-17,98,121,0.004181696796494128,0.056923385039757926,-0.9989999999966237,-0.05586257904622124,0.16230551753202918,0.7703,0.21445,True,0
QQQ,2026-04-30,2026-05-07,7,64,3.6059598775427435e-05,0.010171614773897683,-0.9989999999927963,-0.030408039257102348,0.07791561465775888,0.2207,0.415927,True,0
QQQ,2026-04-30,2026-05-29,29,151,0.001460271865699454,0.025008915850416386,-0.9989999998794864,-0.040467171552841255,0.08922749749423929,0.4387,0.252604,True,0
QQQ,2026-04-30,2026-07-31,92,148,0.008453113310640664,0.04803185503191533,-0.9989999999999999,-0.06226027605272944,0.07667317634665817,0.8686,0.241988,True,0
QQQ,2026-05-21,2026-05-28,7,68,0.00013616205153165424,0.013789099544385102,-0.9989999624829907,-0.059939533285327744,0.07453897752156083,0.2462,0.365295,True,0
QQQ,2026-05-21,2026-06-18,28,143,0.002605127856762188,0.022748318433260188,-0.9989999999995763,-0.0476782101966478,0.059705290490130965,0.4989,0.262934,True,0
QQQ,2026-05-21,2026-08-21,92,77,0.009330929570797907,0.05201443849931623,-0.9989999999999999,-0.0948403479928165,0.10607397328902583,0.6052,0.21395,True,0
QQQ,2026-06-11,2026-06-18,7,115,1.0000000000007632e-08,0.050840639877733136,-0.9989999999999999,-0.14563653340333374,0.11181476396021478,0.3733,0.457889,True,0
QQQ,2026-06-11,2026-07-10,29,123,0.0029752624063698906,0.03566709266732546,-0.9989999999441216,-0.07946055815779256,0.13938516061343437,0.4351,0.295051,True,0
QQQ,2026-06-11,2026-08-31,81,155,0.013642892385515522,0.04588540178557539,-0.9989999999999999,-0.07203519584203197,0.057836995049251994,0.8802,0.302807,True,0
QQQ,2026-07-02,2026-07-09,7,56,1.0076242258783269e-08,0.00953514688948622,-0.9989999999997619,0.0033906956203571532,0.09035312972636136,0.1048,0.513434,True,0
QQQ,2026-07-02,2026-07-31,29,171,0.0005639189797964422,0.034683088516301516,-0.9989999999999988,-0.08056478337355318,0.19329382226834665,0.4637,0.306728,True,0
QQQ,2026-07-02,2026-09-30,90,249,0.00979103341391638,0.057876426049484085,-0.9989999999999999,-0.11075841986079062,0.17069146036706156,0.8441,0.227753,True,0
NVDA,2025-12-26,2026-01-02,7,14,0.00010811637050130107,0.024872319314293526,-0.7327422278431686,-0.051566214043990886,0.06837805869424775,0.2542,0.17464,True,0
NVDA,2025-12-26,2026-01-23,28,16,0.004687169300702578,0.043510700240727555,-0.8203135100137041,-0.11613646509046258,0.12893673809059336,0.4678,0.230082,True,0
NVDA,2025-12-26,2026-03-20,84,24,0.03986237319644991,0.039345239548323745,-0.9146829251195657,-0.12663308117492014,0.025360480263939,0.7981,0.507545,True,0
NVDA,2026-01-16,2026-01-23,7,13,1.0000000000283664e-08,0.020933616553072104,-0.6661741216426392,-0.03709322684265399,0.1018698008132831,0.1978,0.380065,True,0
NVDA,2026-01-16,2026-02-13,28,15,0.00749106202607554,0.037299601977796096,-0.9648326616371733,-0.1328250307254937,0.13311204450478406,0.4233,0.339232,True,0
NVDA,2026-01-16,2026-04-17,91,24,0.03907301143496627,0.043566548408329804,-0.8061991061782277,-0.1334650546350215,0.0619166603715301,0.844,0.48557,True,0
NVDA,2026-02-06,2026-02-13,7,18,0.0026496707588631843,0.022334224757946997,-0.9989560661471709,-0.045791854928059234,0.06815223165548195,0.2844,0.335092,True,0
NVDA,2026-02-06,2026-03-06,28,20,0.008047465695780695,0.06246323995562131,-0.8634764384851087,-0.19441002784440364,0.2606991928585431,0.47,0.388664,True,0
NVDA,2026-02-06,2026-05-15,98,28,0.05139652958174051,0.061101057356942566,-0.8985530485760879,-0.1616543544566768,0.10831714588073403,0.8847,0.41664,True,0
NVDA,2026-03-02,2026-03-09,7,8,1.2316756778685043e-08,0.025702117613771218,-0.7367560499475443,-0.01606940823755659,0.13550004513519467,0.1847,0.419469,True,0
NVDA,2026-03-02,2026-04-02,31,19,0.0008925655227277278,0.05867605590377136,-0.5599095199548165,-0.041773951223646834,0.2822330348862798,0.4895,0.422003,True,0
NVDA,2026-03-02,2026-05-15,74,23,0.0354781474622515,0.04600648754016112,-0.9989999999999999,-0.08640138636939079,0.06253961015009216,0.7232,0.454076,True,0
NVDA,2026-03-20,2026-03-27,7,15,1.0000000000385691e-08,0.036935031435606475,-0.7969897869336797,-0.06357971600787066,0.10699867973897312,0.4632,0.241967,True,0
NVDA,2026-03-20,2026-04-17,28,15,1.0000005599232617e-08,0.05500226629193993,-0.8515552477017232,-0.10335599341771427,0.2705656695947277,0.4894,0.333268,True,0
NVDA,2026-03-20,2026-06-18,90,105,0.034412264806721694,0.07030045377196624,-0.9989999999999997,-0.1579368110911809,0.2274230627849124,0.9343,0.343736,True,0
NVDA,2026-04-10,2026-04-17,7,14,1.0000000024022943e-08,0.024293340583306487,-0.5765818699068624,-0.037244039629975585,0.08278314228282477,0.2796,0.327223,True,0
NVDA,2026-04-10,2026-05-08,28,15,1.0000073789425876e-08,0.049011173358101665,-0.5978119293181084,-0.08397921543287186,0.1999300678395563,0.4477,0.356677,True,0
NVDA,2026-04-10,2026-07-17,98,32,0.037320890932674065,0.05343891948444866,-0.9749861915206188,-0.15995293203914016,0.0689858532307148,0.8148,0.367024,True,0
NVDA,2026-04-30,2026-05-06,6,8,1.0152427388665407e-08,0.02550532157576101,0.327949525565291,0.036303902570473,0.0965965773635079,0.2412,0.535555,True,0
NVDA,2026-04-30,2026-05-29,29,22,0.00023771590536971165,0.06511860504844073,-0.42543468978897603,-0.10914107241839784,0.26211624514821735,0.535,0.372331,True,0
NVDA,2026-04-30,2026-07-17,78,34,0.0295715716778268,0.06625084544981341,-0.6787188888516504,-0.1329058300474896,0.11513995976652137,0.7435,0.344699,True,0
NVDA,2026-05-21,2026-05-27,6,16,1.000000000000904e-08,0.02572207005088522,-0.27802389668772526,-0.03311648015311816,0.08090128031614668,0.2105,0.548799,True,0
NVDA,2026-05-21,2026-06-18,28,58,0.008607399809847805,0.041783264834295175,-0.617754777935891,-0.10071727104432719,0.08107076029369044,0.3682,0.371096,True,0
NVDA,2026-05-21,2026-08-21,92,36,0.0349428097235151,0.0650060095198516,-0.6045593789605651,-0.16779921463597314,0.09143384233210841,0.6909,0.373048,True,0
NVDA,2026-06-11,2026-06-18,7,52,1.0604047609819334e-08,0.0370557207448747,-0.5151039141802222,-0.06362819733725135,0.1040779103866986,0.2857,0.25404,True,0
NVDA,2026-06-11,2026-07-10,29,21,0.0040248471174876,0.06754202974561282,-0.6057364166597219,-0.1347113358728443,0.15714564002023948,0.5755,0.205778,True,0
NVDA,2026-06-11,2026-09-18,99,40,0.04254607375226749,0.0735714077714867,-0.5351472934700681,-0.16768384658671714,0.11213734351572975,0.9248,0.380687,True,0
NVDA,2026-07-02,2026-07-08,6,14,1.0000000602256895e-08,0.026347807012136258,-0.6463280280388186,-0.04849289477357685,0.08725331482361337,0.2869,0.319557,True,0
NVDA,2026-07-02,2026-07-31,29,18,0.006310174603652979,0.048800635220493827,-0.6905114422796708,-0.10539437677902463,0.152868716645736,0.4501,0.348579,True,0
NVDA,2026-07-02,2026-09-18,78,31,0.03477229402248673,0.04721360417132721,-0.6980647655208428,-0.12304610528845006,0.06264086527083777,0.7651,0.489458,True,0
AAPL,2025-12-26,2026-01-02,7,11,2.861247812864493e-07,0.01138749624054272,-0.6425805524768408,-0.031396324620904095,0.04170669370855276,0.2179,0.243512,True,0
AAPL,2025-12-26,2026-01-23,28,15,0.0008827425391053353,0.022948900836062436,-0.6780805923037803,-0.06120895929421566,0.0871480673833305,0.4038,0.213553,True,0
AAPL,2025-12-26,2026-03-20,84,29,0.009919915101894647,0.03521624872986075,-0.875080806240355,-0.08259657630389351,0.07302775834497732,0.6106,0.307817,True,0
AAPL,2026-01-16,2026-01-23,7,12,8.101570208166795e-05,0.012572067197945383,-0.5305871629647083,-0.029672574758514366,0.05786224120635383,0.2207,0.448321,True,0
AAPL,2026-01-16,2026-02-13,28,15,1.2596682381429729e-08,0.029158252911979685,-0.5093195484091687,-0.06064031228382535,0.20766141370634447,0.275,0.520297,True,0
AAPL,2026-01-16,2026-04-17,91,30,0.014609778779764958,0.03210674393910133,-0.9786142192897825,-0.09228342782217978,0.053586289106766785,0.6001,0.367682,True,0
AAPL,2026-02-06,2026-02-13,7,14,3.8235276593825543e-08,0.015287889991976675,-0.3816232561943623,0.0018150094642398113,0.06950042720040484,0.2055,0.493066,True,0
AAPL,2026-02-06,2026-03-06,28,16,0.002640736229793286,0.033368151974972504,-0.9820328565836874,-0.07903766428703975,0.09633938758898339,0.2452,0.226484,True,0
AAPL,2026-02-06,2026-05-15,98,32,0.014884804818807709,0.047278336068899016,-0.9989999999999993,-0.08578295457507669,0.09817789174988986,0.6067,0.304798,True,0
AAPL,2026-03-02,2026-03-09,7,19,0.0006718865349091496,0.018887919412385837,-0.998999998360618,-0.04026079629308325,0.06643921292491055,0.2152,0.208141,True,0
AAPL,2026-03-02,2026-04-02,31,21,0.004514966475256524,0.030432340010972125,-0.9989999999999989,-0.03771734948938731,0.07866474567413839,0.4158,0.285645,True,0
AAPL,2026-03-02,2026-05-15,74,31,0.012239330108631116,0.04814566348006835,-0.9989999999845395,-0.06833071007014267,0.1278274345105998,0.606,0.295056,True,0
AAPL,2026-03-20,2026-03-27,7,15,1.1371052891895236e-08,0.017019625251249247,-0.4818397147073426,0.010168711716360447,0.07958255501179863,0.1994,0.456507,True,0
AAPL,2026-03-20,2026-04-17,28,15,0.0029393106440490065,0.030039098360800917,-0.9989999998624266,-0.020317181048003837,0.11026824351260868,0.4111,0.35945,True,0
AAPL,2026-03-20,2026-06-18,90,30,0.014267931336177615,0.05166299752168821,-0.9989999999993793,-0.033653309125600786,0.162174998348307,0.6343,0.347286,True,0
AAPL,2026-04-10,2026-04-17,7,13,1.0000045929358094e-08,0.017765681045093382,-0.5391504325946271,-0.016531055682755313,0.06110932738476234,0.1939,0.375174,True,0
AAPL,2026-04-10,2026-05-08,28,16,0.004604824374061416,0.023562821795136704,-0.9989999999999503,-0.029222464469815662,0.07795834747555778,0.284,0.406306,True,0
AAPL,2026-04-10,2026-07-17,98,33,0.014333036939966685,0.0452796939394611,-0.9989999999999997,-0.06794986502941294,0.11892238621953292,0.6365,0.314797,True,0
AAPL,2026-04-30,2026-05-06,6,24,0.0023161630196137724,0.015626213388115654,-0.5539056338840324,-0.04089878595245349,0.059979791472506636,0.2938,0.515767,True,0
AAPL,2026-04-30,2026-05-29,29,19,0.0044445023538697784,0.03303399165790773,-0.6912355611310983,-0.06426198794484603,0.08584460663489818,0.2719,0.329765,True,0
AAPL,2026-04-30,2026-07-17,78,30,0.01416217185979894,0.038326791750911124,-0.9279896659996434,-0.08387891304755947,0.03786742992078829,0.5626,0.336872,True,0
AAPL,2026-05-21,2026-05-27,6,12,0.00024836979945857873,0.010909622610087008,-0.756337894860866,-0.02260495175377081,0.032430216712455405,0.1506,0.289194,True,0
AAPL,2026-05-21,2026-06-18,28,27,0.003042504542814291,0.026908649866348992,-0.8383015390483285,-0.05856782923642418,0.05332652019974798,0.4125,0.253598,True,0
AAPL,2026-05-21,2026-08-21,92,32,0.01339786282311054,0.04386916054672253,-0.8496686693683659,-0.09685384763989172,0.05724730986999509,0.6778,0.294649,True,0
AAPL,2026-06-11,2026-06-18,7,21,1.2867410448809556e-08,0.024663485644792257,-0.6117258925861342,-0.04812321643783502,0.06464109245783398,0.3426,0.183536,True,0
AAPL,2026-06-11,2026-07-10,29,21,0.0019155064984610391,0.03684723291255172,-0.7203510943305298,-0.08082332809129097,0.09055425507957066,0.5523,0.160592,True,0
AAPL,2026-06-11,2026-09-18,99,36,0.01685361642748358,0.05229427811249482,-0.8544893383392567,-0.1175195981516761,0.06383464920294515,0.819,0.269439,True,0
AAPL,2026-07-02,2026-07-08,6,16,0.000405482002122905,0.014198233188340393,-0.576127823860192,-0.03583988628301884,0.045553723068750135,0.2531,0.38921,True,0
AAPL,2026-07-02,2026-07-31,29,20,0.006217238089344243,0.02600286845640456,-0.9473481726846671,-0.08001538160393273,0.03853715504799669,0.4207,0.328619,True,0
AAPL,2026-07-02,2026-09-18,78,36,0.013638326251615214,0.051634992883259866,-0.9131718256153495,-0.13868402866880034,0.08142070421006904,0.6918,0.216225,True,0
TSLA,2025-12-26,2026-01-02,7,41,1.0000001069403026e-08,0.02965874533474204,-0.3056498799908513,-0.049550014636384046,0.09128657849974368,0.2888,0.467646,True,0
TSLA,2025-12-26,2026-01-23,28,52,3.904820752839317e-05,0.07957264922851065,-0.4108139859935368,-0.11955184303979276,0.1730226000891887,0.4716,0.207576,True,0
TSLA,2025-12-26,2026-03-20,84,68,0.03115816165017944,0.11702337028411479,-0.37233086072000854,-0.19836796132552761,0.2036189888077335,0.6797,0.296787,True,0
TSLA,2026-01-16,2026-01-23,7,32,4.4178376457559234e-05,0.022781181404886122,-0.5323198578558405,-0.05339960371920883,0.09878076332406575,0.1128,0.440636,True,0
TSLA,2026-01-16,2026-02-13,28,45,0.013594863340083148,0.03268525410908733,-0.586266282733236,-0.11005845710507096,0.06293238218069297,0.4449,0.45519,True,0
TSLA,2026-01-16,2026-04-17,91,85,0.041833721167391216,0.0774350231034209,-0.5475936248643607,-0.19793228671279073,0.09819356989277056,0.8102,0.353368,True,0
TSLA,2026-02-06,2026-02-13,7,38,1.054956566780225e-08,0.02912653082133616,-0.5272787204819609,-0.060083105903782255,0.13431471529976052,0.2431,0.477126,True,0
TSLA,2026-02-06,2026-03-06,28,38,0.01162099497289682,0.035652349067480264,-0.7457201419927081,-0.08848180508954513,0.08068986738958238,0.4453,0.424461,True,0
TSLA,2026-02-06,2026-05-15,98,45,0.0516135689541774,0.08785596141190934,-0.6714146298509688,-0.19247554980171047,0.12339149799529427,0.783,0.348632,True,0
TSLA,2026-03-02,2026-03-09,7,33,0.0018551289957923643,0.016372501464788684,-0.7410434937617129,-0.01295727095018786,0.06501341843616551,0.1952,0.469698,True,0
TSLA,2026-03-02,2026-04-02,31,41,0.013788884828822874,0.041347142958541194,-0.8935837014255062,-0.0860788331579077,0.07138585065023356,0.4915,0.350914,True,0
TSLA,2026-03-02,2026-05-15,74,71,0.0356664195783373,0.07802040082665977,-0.7257132090704336,-0.16368670373486563,0.11203417001523129,0.7336,0.311461,True,0
TSLA,2026-03-20,2026-03-27,7,40,1.0000003910257245e-08,0.03723176754889625,-0.5250464034794282,-0.023232631428765634,0.11180993804225531,0.3752,0.29757,True,0
TSLA,2026-03-20,2026-04-17,28,37,0.004840501290451695,0.05601151582679361,-0.6351052742416184,-0.02301759573325442,0.17964657594890593,0.4208,0.341973,True,0
TSLA,2026-03-20,2026-06-18,90,56,0.04457063686199367,0.08770875913145125,-0.9434927855430094,-0.1872967564549246,0.151077368279856,0.8305,0.278967,True,0
TSLA,2026-04-10,2026-04-17,7,29,1.0060756488760037e-08,0.025601200498245685,-0.10213075799727833,0.005141576710859893,0.1152994356911191,0.2396,0.595733,True,0
TSLA,2026-04-10,2026-05-08,28,36,0.00829859625617914,0.05804839141574677,-0.6968298511411278,-0.15817822837593126,0.1994214639764118,0.4109,0.392083,True,0
TSLA,2026-04-10,2026-07-17,98,34,0.044696655964060535,0.08269536022951614,-0.7042754617172226,-0.18724461611234666,0.11479825408782082,0.7866,0.339679,True,0
TSLA,2026-04-30,2026-05-06,6,30,1.0000000053151447e-08,0.02505266103837454,0.24591386386239997,0.013942553559240218,0.09587946045915789,0.4238,0.501367,True,0
TSLA,2026-04-30,2026-05-29,29,38,1.2003361316880205e-08,0.06545306261339229,-0.35907155528428053,-0.11088381900750272,0.1971856536568969,0.4806,0.364975,True,0
TSLA,2026-04-30,2026-07-17,78,68,0.020964821869209876,0.09087510079834805,-0.4303335547380678,-0.1717229466511748,0.18352336259287427,0.704,0.303683,True,0
TSLA,2026-05-21,2026-05-27,6,37,1.0000000000225422e-08,0.027318061515436285,-0.3346963337207358,-0.053590106714458206,0.08301024576972967,0.3251,0.316136,True,0
TSLA,2026-05-21,2026-06-18,28,58,0.0030717904306779174,0.07209907126260456,-0.37733045885029953,-0.1198950292479858,0.16684989145367507,0.5826,0.255769,True,0
TSLA,2026-05-21,2026-08-21,92,49,0.03381272562190707,0.11139189370427074,-0.3612152305632129,-0.1847541069616097,0.18804667828738486,0.8005,0.311757,True,0
TSLA,2026-06-11,2026-06-18,7,57,1.0000000000005202e-08,0.04561797349569651,-0.1258351811467245,-0.03784008448872498,0.1431449119540321,0.4704,0.460103,True,0
TSLA,2026-06-11,2026-07-10,29,50,1.5543623098509487e-08,0.09077403350565055,-0.373700547916459,-0.13766898267374955,0.22257695205288086,0.5925,0.31099,True,0
TSLA,2026-06-11,2026-09-18,99,70,0.0537828443516951,0.09491229366844643,-0.31827300930503105,-0.1730171472428087,0.11207083859581354,1.0207,0.41457,True,0
TSLA,2026-07-02,2026-07-08,6,38,1.0000015392568449e-08,0.030252782363242598,0.13892156431529887,0.015084575522263194,0.09473992621322977,0.438,0.48577,True,0
TSLA,2026-07-02,2026-07-31,29,48,1.0000003367216359e-08,0.07460354132826084,-0.2557629341706208,-0.09020313336976324,0.23660370648002363,0.5969,0.366844,True,0
TSLA,2026-07-02,2026-09-18,78,78,1.0000000000290913e-08,0.1331682843371234,-0.3881079738541361,-0.21169254034088586,0.34678976167381786,0.8102,0.279322,True,0
MU,2025-12-26,2026-01-02,7,19,0.0021354051776735347,0.01832525699819664,-0.45842184126380175,-0.04674071130773533,0.06238074005625667,0.2003,0.723906,True,0
MU,2025-12-26,2026-01-23,28,34,1.0000000125558523e-08,0.08473867148652316,-0.4060676236164371,-0.13440053347392425,0.2337843315125268,1.017,0.350597,True,0
MU,2025-12-26,2026-03-20,84,40,0.07603614303786664,0.05437852039102037,-0.2791939982381207,-0.1478732345323927,0.039506026917764954,0.6456,0.633087,True,0
MU,2026-01-16,2026-01-23,7,34,0.004255546278436021,0.013039895641292414,-0.34001010619226396,-0.03448372591858485,0.028162524203812683,0.1943,0.714664,True,0
MU,2026-01-16,2026-02-13,28,39,1.000000000001098e-08,0.12446510952817208,-0.6976192413069213,-0.28448639443206497,0.2685186870459052,0.636,0.557964,True,0
MU,2026-01-16,2026-04-17,91,49,0.09093695038104074,0.07380239802541483,-0.43737595943349056,-0.2398464556885908,0.12079809459206138,0.6042,0.574295,True,0
MU,2026-02-06,2026-02-13,7,58,1.0000000001125953e-08,0.04455123159843397,-0.46123872464728366,-0.09207800711659697,0.24516790489679133,0.5269,0.594167,True,0
MU,2026-02-06,2026-03-06,28,55,1.0000000536463563e-08,0.10457211267406448,-0.32996551411336295,-0.09779126259633573,0.357175077218412,0.5491,0.430225,True,0
MU,2026-02-06,2026-05-15,98,68,0.004905881634817507,0.21778817348853452,-0.4045869264701689,-0.31704592158043154,0.6518356336405582,0.837,0.420959,True,0
MU,2026-03-02,2026-03-13,11,84,0.014736974175091715,0.03346388151774362,-0.7783292468373635,-0.029850289774339997,0.056233734660990575,0.6911,0.485316,True,0
MU,2026-03-02,2026-04-02,31,64,0.043143208899626334,0.056235143947840766,-0.6455402473812212,-0.11316528420833191,0.16999665691337426,0.7228,0.524182,True,0
MU,2026-03-02,2026-05-15,74,55,0.09992639301709143,0.06226755363141627,-0.6836858005228692,-0.13614207694235125,0.02967566205121639,0.7926,0.57884,True,0
MU,2026-03-20,2026-03-27,7,60,1.0000000000197122e-08,0.04225547076151103,-0.24229668448588748,0.018816075989617934,0.19968649149353893,0.496,0.520363,True,0
MU,2026-03-20,2026-04-17,28,29,0.002749756724995139,0.07904252076843936,-0.5208580258122808,-0.12315134176697635,0.43397036879640244,0.3621,0.555729,True,0
MU,2026-03-20,2026-06-18,90,58,0.11087101181496163,0.05559435174878938,-0.7406417125295794,-0.11606080079413815,0.025071774608847467,0.8011,0.630459,True,0
MU,2026-04-10,2026-04-17,7,59,0.0017031508608209376,0.0376542782941121,-0.34999390652121004,-0.0534088194353938,0.1872832064650183,0.3561,0.559317,True,0
MU,2026-04-10,2026-05-08,28,58,0.03471290213297454,0.04334602506104837,-0.5716560953704312,-0.11234829299275174,0.09304121393193973,0.6662,0.568839,True,0
MU,2026-04-10,2026-07-17,98,66,0.12319528594845947,0.07053393745728974,-0.49853853299298645,-0.17290855435857794,0.039909739075455294,0.8086,0.597575,True,0
MU,2026-04-30,2026-05-08,8,84,0.00705213965462331,0.0384271101090724,-0.4755086401761331,-0.08062944868840159,0.15517425435912,0.2126,0.594435,True,0
MU,2026-04-30,2026-05-29,29,70,0.03046723250149668,0.07176872131651062,-0.5894270652999072,-0.19049484206872952,0.1648349780774426,0.47,0.434231,True,0
MU,2026-04-30,2026-07-17,78,76,0.10499823095678258,0.07563001647141984,-0.4521130078471395,-0.2528992848788852,0.10380527280753447,0.6888,0.565213,True,0
MU,2026-05-21,2026-05-29,8,105,0.0076206214565349185,0.05283355874336019,-0.5043495303858613,-0.10658420232212269,0.14071778402629506,0.3991,0.406138,True,0
MU,2026-05-21,2026-06-18,28,95,0.0032088942490489073,0.1313151556870341,-0.47480455067675476,-0.30918394178018666,0.4275262834204394,0.6377,0.513627,True,0
MU,2026-05-21,2026-08-21,92,126,0.1600459381595643,0.07866968099972857,0.01279197890881061,-0.19214779727015982,0.07154510138518612,0.7134,0.721111,True,0
MU,2026-06-11,2026-06-18,7,124,0.012289921191707994,0.07603503294157334,-0.7465837811039807,-0.18054220113471214,0.18157247888942776,0.3903,0.298848,True,0
MU,2026-06-11,2026-07-10,29,182,0.048380043932408315,0.14556892754703343,-0.5928656140989997,-0.29293210195532005,0.33103757253946603,0.7063,0.379382,True,0
MU,2026-06-11,2026-09-18,99,174,0.22810190751679654,0.0990935528423034,-0.2928905788733045,-0.2910524419205588,0.10297934416461786,0.9958,0.640867,True,0
MU,2026-07-02,2026-07-10,8,133,1.0000000003134465e-08,0.06871631742419675,-0.2546320559402449,0.017817433080959236,0.35557540632306694,0.4026,0.551258,True,0
MU,2026-07-02,2026-07-31,29,166,0.012155378270784159,0.12327989357119419,-0.25966349216040324,-0.03587802448308162,0.563014994946769,0.2813,0.558431,True,0
MU,2026-07-02,2026-09-18,78,190,1.0000005376568576e-08,0.253247161964548,-0.6027823831776001,-0.7030521136269103,0.956521174947987,0.7383,0.61294,True,0
BKSY,2025-12-26,2026-01-02,7,18,0.010382584019246164,0.018383294134390212,-0.6510477251756493,-0.09454515012730853,0.00010168240639745808,5.045,0.518779,False,0
BKSY,2025-12-26,2026-01-23,28,20,0.05390725685078086,0.08068843994837459,0.1361943046045744,-0.07610747911533317,0.00010000002200177698,2.7822,0.580131,False,0
BKSY,2025-12-26,2026-02-20,56,12,1.0000000000000002e-08,0.3857187000919994,-0.4107909745005265,-0.3476980583323268,0.315388546861469,2.5557,-0.017393,False,0
BKSY,2026-01-16,2026-01-23,7,25,0.016299793859775605,0.0556031693215234,-0.6236788999795131,-0.08179073638812254,0.009244627635998622,4.8254,0.308583,False,0
BKSY,2026-01-16,2026-02-20,35,9,1.0000000001204567e-08,0.296507082901313,-0.6601096919250167,-0.5705828178207426,0.40795620359843215,1.2628,0.377215,False,0
BKSY,2026-01-16,2026-03-20,63,8,0.18816718772309945,0.07401754235897298,0.5502501345525049,-0.18277849334222837,0.00010000000000000026,4.4655,0.866379,False,0
BKSY,2026-02-06,2026-05-15,98,9,0.1563738544079701,9.997421546216739,-0.9837939025443728,-0.8640171531005354,0.08927957119407694,1.7741,0.836789,False,0
BKSY,2026-03-02,2026-05-15,74,10,0.2323677546841252,0.08075472920889097,-0.6461402671937014,-0.08356296700136268,0.19258709611119593,1.4316,0.734382,False,0
BKSY,2026-03-20,2026-05-15,56,10,0.11305946881763332,0.5166046307553498,-0.7952873458064746,-0.7406108496696199,0.2119272310426464,2.3464,0.538603,False,0
BKSY,2026-04-10,2026-05-15,35,9,0.1418550975073966,0.17376622181008966,-0.8681770812733517,-0.5096608278348617,0.11319126632929431,1.2321,0.186263,False,0
BKSY,2026-04-10,2026-07-17,98,9,0.3228582337075771,0.031000319682435266,0.9233230043198815,-1.3686779229366923,0.00010011097724132401,3.1161,0.971798,False,0
BKSY,2026-04-30,2026-05-15,15,8,1.0000000532631154e-08,0.13962961580099115,0.05871772569564035,-0.010168931070859864,0.48062459150957143,2.7962,0.560493,False,0
BKSY,2026-04-30,2026-07-17,78,10,0.20819237772016888,0.17795628308226077,-0.6755324664803966,-0.33171975177758595,0.22917384288447104,1.4278,0.498882,False,0
BKSY,2026-05-21,2026-06-18,28,9,0.1056133578373926,0.11773477406286362,-0.9545255257795505,-0.45641264305625673,0.0001474171018481032,2.0783,0.127994,False,0
BKSY,2026-05-21,2026-08-21,92,11,0.33593017361482297,0.2974773046693107,-0.8695139085609064,-0.9095456374655378,0.02270991366566632,1.3875,-0.088026,False,0
BKSY,2026-06-11,2026-07-17,36,10,0.1547791736941931,0.11074250275401742,0.9989999999999999,0.46903115656534095,0.00010000000000000002,3.6136,0.330728,False,0
BKSY,2026-06-11,2026-09-18,99,13,0.43158852733476655,0.056067365253719914,0.12922657025518144,0.02108568789794923,0.00012549397744569268,2.1362,0.918404,False,0
BKSY,2026-07-02,2026-07-17,15,8,1.0000000003647342e-08,0.14186019698705463,0.22970387745012072,0.09189919680588766,0.2301951353086641,2.455,0.3356,False,0
BKSY,2026-07-02,2026-09-18,78,15,1.0000000000000128e-08,0.5616859377132064,-0.5515863934057967,-0.5089719471420451,0.36318878820223643,4.0214,0.213911,False,0
NOV,2025-12-26,2026-02-20,56,10,1.0000013023552414e-08,0.1650364485229467,-0.5150786579623876,-0.15884059894418925,0.1185690332967371,2.1722,0.049209,False,0
NOV,2026-01-16,2026-02-20,35,9,0.009527505182377782,0.07333658073750464,-0.3956979570839094,-0.04656837348328647,0.03593523237569776,0.6849,0.263056,False,0
NOV,2026-01-16,2026-03-20,63,15,1.0000000000000002e-08,0.1784544898955502,-0.42445975405934294,-0.08659160696944086,0.12887899971160266,2.7159,0.04446,False,0
NOV,2026-02-06,2026-03-20,42,8,1.0000000114104907e-08,0.11007638281829471,0.393967943836575,0.14397784890541562,0.13831181899001257,0.4553,0.617112,False,0
NOV,2026-02-06,2026-05-15,98,8,0.00146776450010009,9.896249623286709,0.9924818796515454,0.4105528017708378,0.02662456888658009,0.1733,0.715282,False,0
NOV,2026-03-02,2026-03-20,18,11,0.006185234814608927,0.07497797492262513,-0.6140634783011985,-0.04897724266085571,0.05527092090508093,2.6391,0.173614,False,0
NOV,2026-03-02,2026-05-15,74,18,0.017033798743723058,0.13872193684531484,-0.508029127978822,-0.1274968603808503,0.18909909151627555,1.2267,0.187967,False,0
NOV,2026-03-20,2026-04-17,28,8,0.006484730319159225,0.07698293553608526,0.02766074367030275,0.04493469358710649,0.00010008632952518664,1.5401,0.250163,False,0
NOV,2026-03-20,2026-05-15,56,15,0.006502568645042299,0.19937046026485541,-0.7687486153455166,-0.25600159404896344,0.16010400217539847,1.4581,-0.081301,False,0
NOV,2026-04-10,2026-05-15,35,12,0.010216328170524725,0.0695811336591212,-0.3730357567933735,-0.0784939437863245,0.04875268268289871,1.833,0.238557,False,0
NOV,2026-04-10,2026-08-21,133,18,1.0000000000022672e-08,0.21599613231881504,-0.335275698171811,-0.09514856514247713,0.22543097226733866,1.6299,0.160819,False,0
NOV,2026-04-30,2026-05-15,15,9,0.0022816327478456556,0.038771650868684705,-0.08273280991776687,-0.011328784432288791,0.07304248624466202,1.6194,0.340472,False,0
NOV,2026-04-30,2026-08-21,113,17,0.04152445774938536,0.09313694962031761,-0.858521066970997,-0.22539448677874688,0.00010000194864839567,1.5063,0.104699,False,0
NOV,2026-05-21,2026-06-18,28,10,0.007213607712118796,0.05323322201632032,0.014255643179465205,0.053522754905267395,0.00010000000000074035,2.058,0.377434,False,0
NOV,2026-05-21,2026-08-21,92,15,0.03167591986768783,0.16249648884933432,-0.9989999999999999,-0.28656661042680437,0.07527498718991879,1.361,-0.133863,False,0
NOV,2026-06-11,2026-07-17,36,10,0.008801486537343474,0.06155336611998541,-0.5441069413478062,0.022422153575047923,0.0266961572913458,1.4087,0.357965,False,0
NOV,2026-06-11,2026-08-21,71,14,1.0000000000168161e-08,0.12867873499384652,-0.5112584538922247,-0.1874180786329228,0.2856200061376343,1.4682,0.380478,False,0
NOV,2026-07-02,2026-08-21,50,14,1.0000000000000002e-08,0.10425025382704148,0.41739065834390277,0.013188991267410037,0.17356735825107245,1.4872,0.240484,False,0
