spread_vp,n_trades,n_months,sharpe,maxdd,annror,mean_ret,hit_rate,mean_net_dollars,median_net_dollars,mean_gross_dollars,mean_ivonly_dollars,mean_capital,mean_holdout_ret,n_holdout,survives_walkforward,survives_quarter_gate,variant,threshold,horizon,breakeven_spread_vp_dollars,breakeven_spread_vp_sharpe0,breakeven_spread_vp_sharpe1
0.0,3374,9,-1.5616558305072956,-0.19983511203857657,-0.2664468160514354,-0.0033058500571781467,0.44427978660343803,-0.8969154576002446,-2.319873441286211,1.703084542399759,-7.19901114537623,453.90634262003556,-0.03055172554911449,1350,True,False,naive,1.0,1,,,
0.02,3374,9,-2.7091420324836775,-0.3230647800459483,-0.43075304006126436,-0.018711579238570444,0.4001185536455246,-4.019383774605114,-6.035709517118044,1.703084542399759,-7.19901114537623,453.90634262003556,-0.04425612141376343,1350,True,True,naive,1.0,1,,,
0.05,3374,9,-4.7659881466918925,-0.5079092820570058,-0.6772123760760077,-0.04182017301065886,0.35951393005334914,-8.70308625011242,-11.138717898489825,1.703084542399759,-7.19901114537623,453.90634262003556,-0.06481271521073685,1350,True,True,naive,1.0,1,,,
0.1,3374,9,-9.381350863997097,-0.8159834520754349,-1.0879779361005797,-0.08033449596413957,0.3224659158269117,-16.509257042624597,-19.550876754948412,1.703084542399759,-7.19901114537623,453.90634262003556,-0.0990737048723592,1350,True,True,naive,1.0,1,,,
0.15,3374,9,-15.897098639227947,-1.124057622093864,-1.4987434961251518,-0.11884881891762022,0.2931238885595732,-24.31542783513677,-26.928878078797666,1.703084542399759,-7.19901114537623,453.90634262003556,-0.13333469453398153,1350,True,True,naive,1.0,1,,,
0.2,3374,9,-23.67278996949125,-1.432131792112293,-1.9095090561497243,-0.15736314187110095,0.27593360995850624,-32.12159862764895,-34.20898541664113,1.703084542399759,-7.19901114537623,453.90634262003556,-0.1675956841956039,1350,True,True,naive,1.0,1,,,
0.3,3374,9,-30.011219779541953,-2.0482801321491513,-2.7310401761988676,-0.23439178777806233,0.24510966212211024,-47.733940212673296,-47.836899106025726,1.703084542399759,-7.19901114537623,453.90634262003556,-0.23611766351884858,1350,True,True,naive,1.0,1,,,
0.4,3374,9,-25.928014185747628,-2.6644284721860094,-3.5525712962480123,-0.3114204336850238,0.2086544161232958,-63.34628179769765,-61.15541062824278,1.703084542399759,-7.19901114537623,453.90634262003556,-0.30463964284209333,1350,True,True,naive,1.0,1,,,
0.5,3374,9,-22.443442428004378,-3.280576812222867,-4.374102416297157,-0.3884490795919851,0.18435091879075283,-78.95862338272201,-74.5411381057869,1.703084542399759,-7.19901114537623,453.90634262003556,-0.373161622165338,1350,True,True,naive,1.0,1,,,
0.0,3350,9,-0.8153876484615861,-0.23065045204888202,-0.17385879311592334,0.00023470536706039853,0.4417910447761194,-6.694302275530368,-3.8082480097006965,-4.094302275530365,-11.857564701314665,454.710447761194,-0.027609279492010776,1340,False,False,naive,1.0,2,,,
0.02,3350,9,-1.6287754140167712,-0.266479466544661,-0.3387634136382337,-0.015227605024004108,0.41402985074626864,-9.825792498800334,-7.67025902859196,-4.094302275530365,-11.857564701314665,454.710447761194,-0.04132778950649088,1340,True,True,naive,1.0,2,,,
0.05,3350,9,-2.9090265447450117,-0.4395902583162743,-0.586120344421699,-0.038421070610600835,0.38119402985074624,-14.523027833705289,-13.118428722427154,-4.094302275530365,-11.857564701314665,454.710447761194,-0.06190555452821104,1340,True,True,naive,1.0,2,,,
0.1,3350,9,-5.12985707235334,-0.7487864217956058,-0.9983818957274744,-0.07707684658826205,0.35313432835820896,-22.35175339188022,-21.99031644848601,-4.094302275530365,-11.857564701314665,454.710447761194,-0.09620182956441131,1340,True,True,naive,1.0,2,,,
0.15,3350,9,-7.303051581794207,-1.0579825852749374,-1.4106434470332498,-0.11573262256592326,0.3295522388059702,-30.180478950055132,-29.813463481101977,-4.094302275530365,-11.857564701314665,454.710447761194,-0.13049810460061156,1340,True,True,naive,1.0,2,,,
0.2,3350,9,-9.243355575405372,-1.3671787487542688,-1.822904998339025,-0.1543883985435845,0.3092537313432836,-38.00920450823006,-37.00226275171525,-4.094302275530365,-11.857564701314665,454.710447761194,-0.16479437963681184,1340,True,True,naive,1.0,2,,,
0.3,3350,9,-12.020224212826353,-1.9855710757129317,-2.6474281009505756,-0.23169995049890688,0.2835820895522388,-53.6666556245799,-50.76780996925843,-4.094302275530365,-11.857564701314665,454.710447761194,-0.23338692970921232,1340,True,True,naive,1.0,2,,,
0.4,3350,9,-13.440763169361265,-2.603963402671595,-3.471951203562127,-0.30901150245422937,0.2507462686567164,-69.32410674092976,-64.5834013161919,-4.094302275530365,-11.857564701314665,454.710447761194,-0.3019794797816129,1340,True,True,naive,1.0,2,,,
0.5,3350,9,-14.04756098062566,-3.2223557296302583,-4.296474306173678,-0.3863230544095518,0.22328358208955223,-84.9815578572796,-78.47102995516047,-4.094302275530365,-11.857564701314665,454.710447761194,-0.3705720298540134,1340,True,True,naive,1.0,2,,,
0.0,3246,8,-0.8446250584867724,-0.4694655680373615,-0.34752675867416516,-0.056744400179934915,0.4494762784966112,-21.45002423391246,-5.952293871107292,-18.850024233912457,-20.84989421637537,457.60320394331484,-0.10630194558950526,1298,True,True,naive,1.0,5,,,
0.02,3246,8,-1.2505955603536114,-0.566821081485041,-0.5240857603269641,-0.07243002996045968,0.418052988293284,-24.62566300070045,-9.801635000319937,-18.850024233912457,-20.84989421637537,457.60320394331484,-0.12050657618797474,1298,True,True,naive,1.0,5,,,
0.05,3246,8,-1.8312653652182587,-0.71285435165656,-0.7889242628061621,-0.09595847463124683,0.38755391250770177,-29.389121150882442,-14.882651014375199,-18.850024233912457,-20.84989421637537,457.60320394331484,-0.14181352208567896,1298,True,True,naive,1.0,5,,,
0.1,3246,8,-2.7270466271817884,-0.9562431352757583,-1.2303217669381588,-0.13517254908255874,0.35489833641404805,-37.328218067852426,-24.986866491513865,-18.850024233912457,-20.84989421637537,457.60320394331484,-0.1773250985818527,1298,True,True,naive,1.0,5,,,
0.15,3246,8,-3.5390073817981165,-1.2264111994356242,-1.6717192710701554,-0.17438662353387063,0.3364140480591497,-45.2673149848224,-34.14985668099945,-18.850024233912457,-20.84989421637537,457.60320394331484,-0.2128366750780264,1298,True,True,naive,1.0,5,,,
0.2,3246,8,-4.2746299556393845,-1.497238854642122,-2.1131167752021525,-0.21360069798518252,0.32162661737523107,-53.20641190179237,-43.048289852362345,-18.850024233912457,-20.84989421637537,457.60320394331484,-0.24834825157420007,1298,True,True,naive,1.0,5,,,
0.3,3246,8,-5.546209898783482,-2.0388941650551167,-2.9959117834661457,-0.29202884688780634,0.29852125693160814,-69.08460573573234,-60.44292553182767,-18.850024233912457,-20.84989421637537,457.60320394331484,-0.3193714045665475,1298,True,True,naive,1.0,5,,,
0.4,3246,8,-6.596023280961308,-2.585804527820093,-3.8787067917301394,-0.3704569957904302,0.26124460874922983,-84.9627995696723,-77.18309805470429,-18.850024233912457,-20.84989421637537,457.60320394331484,-0.3903945575588949,1298,True,True,naive,1.0,5,,,
0.5,3246,8,-7.469316349785666,-3.174334533329422,-4.761501799994133,-0.4488851446930539,0.2335181762168823,-100.84099340361226,-93.2251099030853,-18.850024233912457,-20.84989421637537,457.60320394331484,-0.4614177105512423,1298,True,True,naive,1.0,5,,,
0.0,2589,9,-1.7862745668661566,-0.22785865552540813,-0.30381154070054417,-0.009354667729954521,0.4410969486288142,-3.48990231099973,-2.3629661940266034,-0.8899023109997234,-10.982472106875825,494.0054074932406,-0.028850564244522172,1036,True,False,naive,1.5,1,,,
0.02,2589,9,-2.9140912274369164,-0.34795363310704847,-0.4639381774760647,-0.024834965016727113,0.3978370027037466,-6.8790005943352375,-6.433186688743696,-0.8899023109997234,-10.982472106875825,494.0054074932406,-0.04099693369690853,1036,True,True,naive,1.5,1,,,
0.05,2589,9,-4.855794736779501,-0.528096099479509,-0.7041281326393454,-0.04805541094688599,0.3538045577443028,-11.962648019338506,-11.912551728097284,-0.8899023109997234,-10.982472106875825,494.0054074932406,-0.059216487875488076,1036,True,True,naive,1.5,1,,,
0.1,2589,9,-8.562650617490858,-0.8283335434336098,-1.1044447245781464,-0.08675615416381746,0.3128621089223638,-20.435393727677276,-20.914084099130243,-0.8899023109997234,-10.982472106875825,494.0054074932406,-0.08958241150645396,1036,True,True,naive,1.5,1,,,
0.15,2589,9,-11.987794114339582,-1.1285709873877106,-1.5047613165169473,-0.1254568973807489,0.28234839706450365,-28.908139436016047,-29.344015462122233,-0.8899023109997234,-10.982472106875825,494.0054074932406,-0.11994833513741986,1036,True,True,naive,1.5,1,,,
0.2,2589,9,-14.049831337695462,-1.4288084313418112,-1.9050779084557483,-0.16415764059768037,0.2657396678254152,-37.38088514435483,-37.244918480454544,-0.8899023109997234,-10.982472106875825,494.0054074932406,-0.15031425876838578,1036,True,True,naive,1.5,1,,,
0.3,2589,9,-14.636272997752819,-2.0292833192500126,-2.7057110923333503,-0.24155912703154325,0.23213595983005023,-54.32637656103237,-52.96753971322331,-0.8899023109997234,-10.982472106875825,494.0054074932406,-0.21104610603031757,1036,True,True,naive,1.5,1,,,
0.4,2589,9,-13.859739950443347,-2.6297582071582144,-3.506344276210952,-0.3189606134654062,0.19544225569718038,-71.27186797770992,-68.54339227600133,-0.8899023109997234,-10.982472106875825,494.0054074932406,-0.27177795329224935,1036,True,True,naive,1.5,1,,,
0.5,2589,9,-13.113561445130298,-3.230233095066416,-4.306977460088554,-0.39636209989926907,0.17342603321745848,-88.21735939438747,-83.70822114658357,-0.8899023109997234,-10.982472106875825,494.0054074932406,-0.3325098005541811,1036,True,True,naive,1.5,1,,,
0.0,2581,9,-1.1999421381498274,-0.20588251008790187,-0.22650106383844376,-0.0104879775685107,0.43355288647810925,-14.198240174746367,-4.227913282558779,-11.598240174746362,-16.82154786607121,493.5993800852383,-0.037285991359485536,1032,True,True,naive,1.5,2,,,
0.02,2581,9,-2.119294672508035,-0.2910602349037611,-0.3880803132050147,-0.02600265784710814,0.4037194885703216,-17.588902439766347,-8.189364502441531,-11.598240174746362,-16.82154786607121,493.5993800852383,-0.04945976890512417,1032,True,True,naive,1.5,2,,,
0.05,2581,9,-3.5608413281021165,-0.4728368904411532,-0.630449187254871,-0.04927467826500425,0.3692367299496319,-22.674895837296322,-14.07502504443108,-11.598240174746362,-16.82154786607121,493.5993800852383,-0.0677204352235821,1032,True,True,naive,1.5,2,,,
0.1,2581,9,-5.945312469535326,-0.7757979830034735,-1.034397310671298,-0.08806137896149777,0.3390158853157691,-31.151551499846278,-23.588069716446178,-11.598240174746362,-16.82154786607121,493.5993800852383,-0.09815487908767868,1032,True,True,naive,1.5,2,,,
0.15,2581,9,-7.9905276414223305,-1.0787590755657939,-1.4383454340877253,-0.1268480796579913,0.31421929484695854,-39.62820716239623,-32.47681214324361,-11.598240174746362,-16.82154786607121,493.5993800852383,-0.12858932295177525,1032,True,True,naive,1.5,2,,,
0.2,2581,9,-9.483135399141771,-1.3817201681281142,-1.8422935575041521,-0.16563478035448484,0.2905850445563735,-48.10486282494619,-40.861143988338384,-11.598240174746362,-16.82154786607121,493.5993800852383,-0.15902376681587183,1032,True,True,naive,1.5,2,,,
0.3,2581,9,-11.000453893244927,-1.9876423532527545,-2.650189804337006,-0.24320818174747189,0.2638512204571871,-65.0581741500461,-55.680802919161195,-11.598240174746362,-16.82154786607121,493.5993800852383,-0.21989265454406495,1032,True,True,naive,1.5,2,,,
0.4,2581,9,-11.452753968526535,-2.5935645383773953,-3.4580860511698606,-0.32078158314045896,0.2324680356450988,-82.01148547514602,-71.8489417613952,-11.598240174746362,-16.82154786607121,493.5993800852383,-0.2807615422722581,1032,True,True,naive,1.5,2,,,
0.5,2581,9,-11.520061427272204,-3.199486723502036,-4.265982298002713,-0.398354984533446,0.20457187136768695,-98.9647968002459,-87.10080101327976,-11.598240174746362,-16.82154786607121,493.5993800852383,-0.34163043000045124,1032,True,True,naive,1.5,2,,,
0.0,2544,8,-0.5550208597901745,-0.5758069478572222,-0.3080046807359251,-0.06994803663875045,0.4378930817610063,-31.573988541291918,-6.806214856841228,-28.973988541291913,-25.866482906637618,491.8946540880503,-0.10485669963806567,1018,True,True,naive,1.5,5,,,
0.02,2544,8,-0.8632124622590588,-0.6721561939474151,-0.48506569754870144,-0.08562864282484292,0.4044811320754717,-34.98030889678963,-10.661652962165558,-28.973988541291913,-25.866482906637618,491.8946540880503,-0.11742237450712624,1018,True,True,naive,1.5,5,,,
0.05,2544,8,-1.3105414284559316,-0.8166800630827046,-0.7506572227678661,-0.10914955210398158,0.3738207547169811,-40.0897894300362,-16.53082310197956,-28.973988541291913,-25.866482906637618,491.8946540880503,-0.1362708868107171,1018,True,True,naive,1.5,5,,,
0.1,2544,8,-2.016405879994753,-1.0778732573428256,-1.1933097647998068,-0.14835106756921268,0.34158805031446543,-48.605590318780486,-27.031719528858545,-28.973988541291913,-25.866482906637618,491.8946540880503,-0.16768507398336854,1018,True,True,naive,1.5,5,,,
0.15,2544,8,-2.6736565133219785,-1.3491729451952372,-1.6359623068317477,-0.1875525830344438,0.3211477987421384,-57.12139120752476,-36.746766393140774,-28.973988541291913,-25.866482906637618,491.8946540880503,-0.19909926115601997,1018,True,True,naive,1.5,5,,,
0.2,2544,8,-3.284127719496101,-1.620472633047649,-2.0786148488636886,-0.2267540984996749,0.3062106918238994,-65.63719209626905,-46.44295611717796,-28.973988541291913,-25.866482906637618,491.8946540880503,-0.2305134483286714,1018,True,True,naive,1.5,5,,,
0.3,2544,8,-4.374486162000691,-2.163072008752472,-2.9639199329275696,-0.3051571294301371,0.28223270440251574,-82.66879387375761,-65.35225683380392,-28.973988541291913,-25.866482906637618,491.8946540880503,-0.2933418226739743,1018,True,True,naive,1.5,5,,,
0.4,2544,8,-5.309171431973236,-2.7056713844572964,-3.8492250169914515,-0.38356016036059937,0.24331761006289307,-99.70039565124617,-83.52221737082905,-28.973988541291913,-25.866482906637618,491.8946540880503,-0.35617019701927716,1018,True,True,naive,1.5,5,,,
0.5,2544,8,-6.1105997124559455,-3.2482707601621197,-4.734530101055333,-0.46196319129106156,0.21540880503144655,-116.73199742873473,-101.62274646610373,-28.973988541291913,-25.866482906637618,491.8946540880503,-0.41899857136457996,1018,True,True,naive,1.5,5,,,
0.0,1379,9,-2.7341559121875143,-0.4845450752387751,-0.6460601003183667,-0.03238046682186082,0.43364757070340826,-17.98954853071789,-3.070500022709075,-15.389548530717885,-25.01884129602699,575.4749818709209,-0.039665994076398266,552,True,True,naive,2.0,1,,,
0.02,1379,9,-3.49945550801789,-0.5915847788950139,-0.788779705193352,-0.046185268850234655,0.39231327048585934,-21.58873351699965,-7.133820559825077,-15.389548530717885,-25.01884129602699,575.4749818709209,-0.04778597925553893,552,True,True,naive,2.0,1,,,
0.05,1379,9,-4.752155617175649,-0.7521443343793724,-1.00285911250583,-0.06689247189279539,0.34300217548948514,-26.987510996422273,-12.812438364209495,-15.389548530717885,-25.01884129602699,575.4749818709209,-0.05996595702424992,552,True,True,naive,2.0,1,,,
0.1,1379,9,-7.0235164794808735,-1.0197435935199697,-1.359658124693293,-0.10140447696372999,0.29731689630166785,-35.98547346212667,-21.75368569926099,-15.389548530717885,-25.01884129602699,575.4749818709209,-0.08026591997210157,552,True,True,naive,2.0,1,,,
0.15,1379,9,-9.22011385130439,-1.287342852660567,-1.7164571368807557,-0.13591648203466453,0.2632342277012328,-44.98343592783105,-31.176601868180036,-15.389548530717885,-25.01884129602699,575.4749818709209,-0.10056588291995322,552,True,True,naive,2.0,1,,,
0.2,1379,9,-10.915042157023,-1.5549421118011644,-2.073256149068219,-0.17042848710559913,0.24147933284989123,-53.98139839353544,-39.939883879818765,-15.389548530717885,-25.01884129602699,575.4749818709209,-0.12086584586780488,552,True,True,naive,2.0,1,,,
0.3,1379,9,-12.263214596599218,-2.090140630082359,-2.786854173443145,-0.23945249724746828,0.20667150108774474,-71.97732332494422,-55.85739477090903,-15.389548530717885,-25.01884129602699,575.4749818709209,-0.16146577176350815,552,True,True,naive,2.0,1,,,
0.4,1379,9,-12.06546312403511,-2.6253391483635538,-3.5004521978180714,-0.30847650738933746,0.1754894851341552,-89.97324825635299,-73.48942741597816,-15.389548530717885,-25.01884129602699,575.4749818709209,-0.20206569765921148,552,True,True,naive,2.0,1,,,
0.5,1379,9,-11.526592282126526,-3.1605376666447476,-4.214050222192997,-0.3775005175312065,0.16171138506163887,-107.96917318776178,-88.65121188228169,-15.389548530717885,-25.01884129602699,575.4749818709209,-0.24266562355491478,552,True,True,naive,2.0,1,,,
0.0,1376,9,-3.509519101256792,-0.44479920571377257,-0.5930656076183636,-0.04725760990099574,0.4265988372093023,-30.076148300769077,-5.299881524458902,-27.476148300769076,-34.24335394089578,574.9127906976744,-0.06541986709362743,550,True,True,naive,2.0,2,,,
0.02,1376,9,-4.534816060802726,-0.5521273924638069,-0.7361698566184092,-0.06108122211187983,0.3960755813953488,-33.67352045721175,-9.487733820061692,-27.476148300769076,-34.24335394089578,574.9127906976744,-0.07355130018967823,550,True,True,naive,2.0,2,,,
0.05,1376,9,-6.098314725316837,-0.7131196725888586,-0.9508262301184781,-0.08181664042820597,0.35755813953488375,-39.06957869187577,-15.495022960820187,-27.476148300769076,-34.24335394089578,574.9127906976744,-0.08574844983375444,550,True,True,naive,2.0,2,,,
0.1,1376,9,-8.40006329816378,-0.9814401394639445,-1.3085868526185926,-0.11637567095541618,0.3241279069767442,-48.063009082982454,-25.364977019217562,-27.476148300769076,-34.24335394089578,574.9127906976744,-0.10607703257388146,550,True,True,naive,2.0,2,,,
0.15,1376,9,-9.882344939979,-1.2497606063390303,-1.666347475118707,-0.15093470148262636,0.29651162790697677,-57.056439474089146,-35.494502948029705,-27.476148300769076,-34.24335394089578,574.9127906976744,-0.12640561531400848,550,True,True,naive,2.0,2,,,
0.2,1376,9,-10.551164583929358,-1.518081073214116,-2.0241080976188215,-0.18549373200983654,0.27252906976744184,-66.04986986519584,-44.16069463747929,-27.476148300769076,-34.24335394089578,574.9127906976744,-0.14673419805413548,550,True,True,naive,2.0,2,,,
0.3,1376,9,-10.651362400248363,-2.0547220069642873,-2.7396293426190503,-0.25461179306425696,0.24345930232558138,-84.0367306474092,-60.885435504252825,-27.476148300769076,-34.24335394089578,574.9127906976744,-0.1873913635343895,550,True,True,naive,2.0,2,,,
0.4,1376,9,-10.308904207697688,-2.5913629407144594,-3.45515058761928,-0.3237298541186774,0.21438953488372092,-102.0235914296226,-77.16817864863526,-27.476148300769076,-34.24335394089578,574.9127906976744,-0.22804852901464354,550,True,True,naive,2.0,2,,,
0.5,1376,9,-9.960369632125534,-3.1280038744646315,-4.170671832619509,-0.3928479151730977,0.19040697674418605,-120.01045221183597,-93.41183382489828,-27.476148300769076,-34.24335394089578,574.9127906976744,-0.2687056944948975,550,True,True,naive,2.0,2,,,
0.0,1366,8,-0.355669317727607,-0.6863253298011557,-0.25119717236533623,-0.0811033828035865,0.410688140556369,-52.76377177551251,-11.802448951054975,-50.1637717755125,-40.15638856503418,572.1669106881405,-0.10118343697427094,546,True,True,naive,2.0,5,,,
0.02,1366,8,-0.5581191769449118,-0.7683672296379507,-0.3988639246225213,-0.09499801622392627,0.38433382137628114,-56.36077974728433,-15.557271048533494,-50.1637717755125,-40.15638856503418,572.1669106881405,-0.10946515672902354,546,True,True,naive,2.0,5,,,
0.05,1366,8,-0.8520620248687513,-0.8914300793931433,-0.6203640530082989,-0.11583996635443594,0.35651537335285505,-61.7562917049421,-21.644697604231695,-50.1637717755125,-40.15638856503418,572.1669106881405,-0.12188773636115247,546,True,True,naive,2.0,5,,,
0.1,1366,8,-1.3149676393578313,-1.104345796122323,-0.9895309336512614,-0.15057654990528543,0.3235724743777452,-70.74881163437166,-30.524580286696917,-50.1637717755125,-40.15638856503418,572.1669106881405,-0.14259203574803397,546,True,True,naive,2.0,5,,,
0.15,1366,8,-1.7434007855395086,-1.339865439919918,-1.358697814294224,-0.18531313345613484,0.30161054172767204,-79.74133156380125,-41.8584179702303,-50.1637717755125,-40.15638856503418,572.1669106881405,-0.16329633513491548,546,True,True,naive,2.0,5,,,
0.2,1366,8,-2.1376295802739387,-1.5753850837175132,-1.727864694937187,-0.22004971700698434,0.2884333821376281,-88.73385149323084,-52.117307617024025,-50.1637717755125,-40.15638856503418,572.1669106881405,-0.184000634521797,546,True,True,naive,2.0,5,,,
0.3,1366,8,-2.8287914044877893,-2.0464243713127033,-2.466198456223112,-0.28952288410868315,0.26061493411420206,-106.71889135209,-71.77729413096196,-50.1637717755125,-40.15638856503418,572.1669106881405,-0.22540923329555998,546,True,True,naive,2.0,5,,,
0.4,1366,8,-3.4036869076616436,-2.517463658907893,-3.2045322175090374,-0.35899605121038214,0.2247437774524158,-124.70393121094918,-90.10617750375795,-50.1637717755125,-40.15638856503418,572.1669106881405,-0.266817832069323,546,True,True,naive,2.0,5,,,
0.5,1366,8,-3.880593391498552,-2.988502946503083,-3.9428659787949627,-0.428469218312081,0.19692532942898974,-142.68897106980836,-106.59531643279078,-50.1637717755125,-40.15638856503418,572.1669106881405,-0.30822643084308604,546,True,True,naive,2.0,5,,,
0.0,3307,9,1.3899317107496252,-0.04853419699904467,0.16628979858195497,0.016238099206064095,0.5672815240399154,36.08118228126088,28.0404495129005,38.68118228126089,-45.013552129351766,2673.127910492894,0.009526487645049956,1323,True,False,resid,1.0,1,0.2506,0.2303,0.0626
0.02,3307,9,1.264404437467358,-0.05028849376986997,0.15184636935643672,0.015091516645677653,0.5600241911097672,33.201955883296215,25.726789746894912,38.68118228126089,-45.013552129351766,2673.127910492894,0.008445050580930442,1323,True,False,resid,1.0,1,0.2506,0.2303,0.0626
0.05,3307,9,1.0778334399177492,-0.05291993892610791,0.13018122551815942,0.013371642805097991,0.5515573026912609,28.883116286349203,21.87769227924747,38.68118228126089,-45.013552129351766,2673.127910492894,0.006822894984751173,1323,True,False,resid,1.0,1,0.2506,0.2303,0.0626
0.1,3307,9,0.7714611834927302,-0.05730568085317117,0.09407265245436383,0.010505186404131882,0.5355306924705171,21.685050291437527,15.64780700038447,38.68118228126089,-45.013552129351766,2673.127910492894,0.004119302324452389,1323,True,False,resid,1.0,1,0.2506,0.2303,0.0626
0.15,3307,9,0.47079518615668403,-0.06169142278023442,0.05796407939056821,0.0076387300031657765,0.5234351375869368,14.486984296525831,9.78458880981767,38.68118228126089,-45.013552129351766,2673.127910492894,0.0014157096641536063,1323,True,False,resid,1.0,1,0.2506,0.2303,0.0626
0.2,3307,9,0.17580621285234813,-0.06607716470729767,0.021855506326772616,0.004772273602199669,0.50922286059873,7.288918301614147,4.013996401141901,38.68118228126089,-45.013552129351766,2673.127910492894,-0.001287882996145178,1323,False,False,resid,1.0,1,0.2506,0.2303,0.0626
0.3,3307,9,-0.39729984881480324,-0.0967478548285695,-0.0503616398008185,-0.000960639199732541,0.48261263985485336,-7.107213688209221,-7.437096339163686,38.68118228126089,-45.013552129351766,2673.127910492894,-0.006695068316742743,1323,True,False,resid,1.0,1,0.2506,0.2303,0.0626
0.4,3307,9,-0.9482485905360611,-0.14579945615266696,-0.12257878592840968,-0.006693552001664753,0.4557000302388872,-21.503345678032588,-19.216665134727748,38.68118228126089,-45.013552129351766,2673.127910492894,-0.012102253637340313,1323,True,True,resid,1.0,1,0.2506,0.2303,0.0626
0.5,3307,9,-1.4775320980172206,-0.1948510574767644,-0.19479593205600088,-0.012426464803596963,0.425763531902026,-35.899477667855955,-32.37925621661765,38.68118228126089,-45.013552129351766,2673.127910492894,-0.017509438957937877,1323,True,True,resid,1.0,1,0.2506,0.2303,0.0626
0.0,3271,9,0.4915429987243774,-0.1538689101597255,0.13082849514201453,0.024423557007988893,0.5637419749312137,56.75381722220614,39.318208427026114,59.35381722220614,-61.685633951453305,2671.8997248547844,0.002311302001925851,1308,True,False,resid,1.0,2,0.3925,0.181,
0.02,3271,9,0.4363942648368054,-0.15557487967992487,0.1163703302272035,0.023271611975142666,0.5597676551513299,53.86207325140282,37.355639710484034,59.35381722220614,-61.685633951453305,2671.8997248547844,0.0012223687827364134,1308,True,False,resid,1.0,2,0.3925,0.181,
0.05,3271,9,0.3540589052089354,-0.158133833960224,0.09468308285498697,0.021543694425873325,0.5533476001222868,49.52445729519787,32.234442896459534,59.35381722220614,-61.685633951453305,2671.8997248547844,-0.000411031046047744,1308,False,False,resid,1.0,2,0.3925,0.181,
0.1,3271,9,0.21786251737654475,-0.1623987577607225,0.058537670567959534,0.01866383184375776,0.5411189238764904,42.29509736818962,26.930231231798043,59.35381722220614,-61.685633951453305,2671.8997248547844,-0.0031333640940213394,1308,False,False,resid,1.0,2,0.3925,0.181,
0.15,3271,9,0.08294478640456142,-0.16666368156122102,0.022392258280932026,0.0157839692616422,0.5328645674105777,35.06573744118137,20.318086913288347,59.35381722220614,-61.685633951453305,2671.8997248547844,-0.005855697141994934,1308,False,False,resid,1.0,2,0.3925,0.181,
0.2,3271,9,-0.05070350316888458,-0.17092860536171955,-0.0137531540060955,0.012904106679526637,0.5230816264139407,27.836377514173115,13.214409670800004,59.35381722220614,-61.685633951453305,2671.8997248547844,-0.008578030189968529,1308,False,False,resid,1.0,2,0.3925,0.181,
0.3,3271,9,-0.31422937713795857,-0.18994494471404572,-0.0860439785801504,0.007144381515295511,0.5025985937022317,13.377657660156608,1.1055383068726967,59.35381722220614,-61.685633951453305,2671.8997248547844,-0.01402269628591572,1308,False,False,resid,1.0,2,0.3925,0.181,
0.4,3271,9,-0.5727916883361259,-0.21722530195473233,-0.1583348031542054,0.0013846563510643776,0.48242127789666767,-1.0810621938599076,-11.004446309240484,59.35381722220614,-61.685633951453305,2671.8997248547844,-0.01946736238186291,1308,False,False,resid,1.0,2,0.3925,0.181,
0.5,3271,9,-0.8264689194865368,-0.2653237979842537,-0.23062562772826034,-0.004375068813166748,0.46621828187098746,-15.539782047876415,-21.314974892720883,59.35381722220614,-61.685633951453305,2671.8997248547844,-0.0249120284778101,1308,True,False,resid,1.0,2,0.3925,0.181,
0.0,3133,8,1.8950185430160915,-0.10491793426806129,0.7709283346763007,0.044980423928488354,0.5512288541334185,115.86909141266378,43.25952177060406,118.46909141266376,-2.929485247077704,2667.358442387488,-9.898626409752249e-05,1253,False,True,resid,1.0,5,0.7886,1.0,0.5144
0.02,3133,8,1.859777136073254,-0.10717346355327906,0.7569868183056572,0.04380864757702271,0.5499521225662305,112.93051556464032,41.20358001991824,118.46909141266376,-2.929485247077704,2667.358442387488,-0.0012176910153072432,1253,False,True,resid,1.0,5,0.7886,1.0,0.5144
0.05,3133,8,1.8069813439216795,-0.11055675748110569,0.7360745437496918,0.04205098304982421,0.5461219278646664,108.52265179260522,38.20868270677139,118.46909141266376,-2.929485247077704,2667.358442387488,-0.002895748142121826,1253,False,True,resid,1.0,5,0.7886,1.0,0.5144
0.1,3133,8,1.7191654471910616,-0.11619558069415009,0.7012207528230827,0.039121542171160054,0.5394190871369294,101.17621217254668,32.37328982579466,118.46909141266376,-2.929485247077704,2667.358442387488,-0.00569251002014613,1253,False,True,resid,1.0,5,0.7886,1.0,0.5144
0.15,3133,8,1.6315712954989112,-0.12183440390719447,0.6663669618964738,0.03619210129249589,0.5323970635173955,93.82977255248808,25.89307554525636,118.46909141266376,-2.929485247077704,2667.358442387488,-0.008489271898170432,1253,False,True,resid,1.0,5,0.7886,1.0,0.5144
0.2,3133,8,1.5441993160539513,-0.12747322712023884,0.6315131709698647,0.03326266041383173,0.5250558570060645,86.48333293242952,20.051380037017704,118.46909141266376,-2.929485247077704,2667.358442387488,-0.011286033776194738,1253,False,True,resid,1.0,5,0.7886,1.0,0.5144
0.3,3133,8,1.370123506218934,-0.13875087354632765,0.5618055891166467,0.02740377865650341,0.5116501755505904,71.7904536923124,8.023011285593048,118.46909141266376,-2.929485247077704,2667.358442387488,-0.016879557532243343,1253,False,True,resid,1.0,5,0.7886,1.0,0.5144
0.4,3133,8,1.1969411311643172,-0.15002851997241642,0.49209800726342856,0.021544896899175103,0.4976061283115225,57.09757445219529,-0.6798555860116182,118.46909141266376,-2.929485247077704,2667.358442387488,-0.02247308128829195,1253,False,True,resid,1.0,5,0.7886,1.0,0.5144
0.5,3133,8,1.0246550655769933,-0.16130616639850517,0.42239042541021055,0.015686015141846792,0.4873922757740185,42.404695212078174,-9.810656515806658,118.46909141266376,-2.929485247077704,2667.358442387488,-0.028066605044340557,1253,False,False,resid,1.0,5,0.7886,1.0,0.5144
0.0,2571,9,0.6307851634128436,-0.05363917134214075,0.06728149229366348,0.010554752995858037,0.558926487747958,24.601635252475,22.051156265259998,27.201635252475,-54.28227550736197,2711.7790742901593,0.0018779543406793242,1028,True,False,resid,1.5,1,0.156,0.086,
0.02,2571,9,0.4823383365480073,-0.055452128664320297,0.05162748255745142,0.00930313779470406,0.5507584597432905,21.448304534545436,19.63904905599372,27.201635252475,-54.28227550736197,2711.7790742901593,0.0006887910780155018,1028,True,False,resid,1.5,1,0.156,0.086,
0.05,2571,9,0.2615816566344001,-0.058171564647589616,0.028146467953133383,0.007425714992973104,0.5406456631660832,16.718308457651094,15.881376212282051,27.201635252475,-54.28227550736197,2711.7790742901593,-0.00109495381598023,1028,False,False,resid,1.5,1,0.156,0.086,
0.1,2571,9,-0.10122174345356873,-0.06270395795303849,-0.010988556387396773,0.0042966769900881635,0.5223648385842085,8.834981662827191,10.523956739211213,27.201635252475,-54.28227550736197,2711.7790742901593,-0.004067861972639786,1028,False,False,resid,1.5,1,0.156,0.086,
0.15,2571,9,-0.4575946778137719,-0.07210460652101709,-0.050123580727926886,0.0011676389872032284,0.5087514585764294,0.9516548680033055,3.8230289254259815,27.201635252475,-54.28227550736197,2711.7790742901593,-0.007040770129299339,1028,False,False,resid,1.5,1,0.156,0.086,
0.2,2571,9,-0.8075215425075434,-0.08997791129946758,-0.08925860506845702,-0.001961399015681708,0.49202644885258656,-6.931671926820621,-3.3641664027832214,27.201635252475,-54.28227550736197,2711.7790742901593,-0.010013678285958895,1028,True,False,resid,1.5,1,0.156,0.086,
0.3,2571,9,-1.4880421114531805,-0.14281170722764067,-0.1675286537495173,-0.00821947502145158,0.4616880591209646,-22.698325516468422,-15.745195612023474,27.201635252475,-54.28227550736197,2711.7790742901593,-0.015959494599278003,1028,True,True,resid,1.5,1,0.156,0.086,
0.4,2571,9,-2.142914133299596,-0.19564550315581372,-0.24579870243057755,-0.014477551027221452,0.4325165305328666,-38.46497910611624,-27.882815006698515,27.201635252475,-54.28227550736197,2711.7790742901593,-0.021905310912597113,1028,True,True,resid,1.5,1,0.156,0.086,
0.5,2571,9,-2.7724392536101354,-0.24847929908398675,-0.3240687511116378,-0.020735627032991324,0.40062232594321273,-54.23163269576405,-39.874967528953356,27.201635252475,-54.28227550736197,2711.7790742901593,-0.027851127225916223,1028,True,True,resid,1.5,1,0.156,0.086,
0.0,2556,9,0.04431269477759974,-0.16858146265322305,0.011952560561479534,0.015220116442262663,0.5500782472613458,38.714723993447876,26.25537741455053,41.314723993447885,-72.13772339453014,2707.5054773082943,-0.009511989211498432,1022,False,False,resid,1.5,2,0.2452,0.0153,
0.02,2556,9,-0.013645597846922639,-0.17034136427815197,-0.003686389557191534,0.013965903948893238,0.545774647887324,35.55719205077786,23.566509240859048,41.314723993447885,-72.13772339453014,2707.5054773082943,-0.010704486230112518,1022,False,False,resid,1.5,2,0.2452,0.0153,
0.05,2556,9,-0.10024519576894947,-0.17298121671554542,-0.02714481473519832,0.012084585208839102,0.5387323943661971,30.82089413677285,19.64175343254758,41.314723993447885,-72.13772339453014,2707.5054773082943,-0.012493231758033643,1022,False,False,resid,1.5,2,0.2452,0.0153,
0.1,2556,9,-0.24367899431527598,-0.1775081849311412,-0.06624219003187612,0.008949053975415544,0.5242566510172144,22.927064280097788,14.276533027316555,41.314723993447885,-72.13772339453014,2707.5054773082943,-0.015474474304568856,1022,False,False,resid,1.5,2,0.2452,0.0153,
0.15,2556,9,-0.3859926820235464,-0.19197668424960504,-0.10533956532855404,0.005813522741991983,0.5144757433489828,15.03323442342275,7.969689928593583,41.314723993447885,-72.13772339453014,2707.5054773082943,-0.018455716851104066,1022,False,False,resid,1.5,2,0.2452,0.0153,
0.2,2556,9,-0.5271904596539044,-0.2064451835680689,-0.1444369406252319,0.0026779915085684176,0.5043035993740219,7.139404566747703,2.0953631945747833,41.314723993447885,-72.13772339453014,2707.5054773082943,-0.02143695939763928,1022,False,False,resid,1.5,2,0.2452,0.0153,
0.3,2556,9,-0.8062561281967985,-0.2423907000628186,-0.22263169121858767,-0.0035930709582786976,0.4816118935837246,-8.648255146602377,-9.980634644306539,41.314723993447885,-72.13772339453014,2707.5054773082943,-0.0273994444907097,1022,True,False,resid,1.5,2,0.2452,0.0153,
0.4,2556,9,-1.0809136378285518,-0.2952172352386654,-0.3008264418119434,-0.009864133425125819,0.460093896713615,-24.435914859952454,-22.293599925789316,41.314723993447885,-72.13772339453014,2707.5054773082943,-0.03336192958378013,1022,True,False,resid,1.5,2,0.2452,0.0153,
0.5,2556,9,-1.351203547050336,-0.34804377041451207,-0.3790211924052991,-0.01613519589197294,0.4417057902973396,-40.22357457330252,-34.31674305822822,41.314723993447885,-72.13772339453014,2707.5054773082943,-0.03932441467685055,1022,True,True,resid,1.5,2,0.2452,0.0153,
0.0,2507,8,1.486059111586955,-0.1385335011595411,0.743171118833222,0.032931529269024984,0.5345033905065816,97.24693106061746,25.625232911350416,99.84693106061744,-24.989565578706483,2705.1990426804946,-0.00742150399343852,1003,False,True,resid,1.5,5,0.6128,0.9945,0.3201
0.02,2507,8,1.455470632170908,-0.14092378278633771,0.7282257824392546,0.03167091575226998,0.5333067411248504,94.07299963967964,23.20066678740522,99.84693106061744,-24.989565578706483,2705.1990426804946,-0.008625893563815346,1003,False,True,resid,1.5,5,0.6128,0.9945,0.3201
0.05,2507,8,1.4096419983903783,-0.1445092052265326,0.7058077778483034,0.02977999547713749,0.5293179098524132,89.31210250827284,19.566755699632203,99.84693106061744,-24.989565578706483,2705.1990426804946,-0.010432477919380583,1003,False,True,resid,1.5,5,0.6128,0.9945,0.3201
0.1,2507,8,1.3334052017802234,-0.15048490929352415,0.6684444368633847,0.026628461685249977,0.5213402473075389,81.37727395592829,13.496369654551097,99.84693106061744,-24.989565578706483,2705.1990426804946,-0.013443451845322647,1003,False,True,resid,1.5,5,0.6128,0.9945,0.3201
0.15,2507,8,1.2573487774252075,-0.1564606133605157,0.6310810958784661,0.023476927893362483,0.5129637016354208,73.44244540358372,8.84678915163581,99.84693106061744,-24.989565578706483,2705.1990426804946,-0.01645442577126471,1003,False,True,resid,1.5,5,0.6128,0.9945,0.3201
0.2,2507,8,1.181472774069408,-0.16243631742750722,0.5937177548935471,0.020325394101474978,0.5045871559633027,65.50761685123912,4.116246436878859,99.84693106061744,-24.989565578706483,2705.1990426804946,-0.019465399697206773,1003,False,True,resid,1.5,5,0.6128,0.9945,0.3201
0.3,2507,8,1.0302621911266419,-0.1743877255614903,0.5189910729237097,0.014022326517699975,0.4902273633825289,49.637959746549946,-6.741012798282133,99.84693106061744,-24.989565578706483,2705.1990426804946,-0.025487347549090895,1003,False,False,resid,1.5,5,0.6128,0.9945,0.3201
0.4,2507,8,0.8797737070561984,-0.18633913369547334,0.44426439095387243,0.007719258933924967,0.4754686876745114,33.768302641860764,-18.94848668121581,99.84693106061744,-24.989565578706483,2705.1990426804946,-0.031509295400975024,1003,False,False,resid,1.5,5,0.6128,0.9945,0.3201
0.5,2507,8,0.7300074696106033,-0.19829054182945638,0.3695377089840348,0.001416191350149971,0.46390107698444355,17.89864553717158,-27.77573830544575,99.84693106061744,-24.989565578706483,2705.1990426804946,-0.03753124325285914,1003,False,False,resid,1.5,5,0.6128,0.9945,0.3201
0.0,1376,9,-1.2996709567576767,-0.12936159592316612,-0.1530466392055473,-0.0047160939854980245,0.5290697674418605,-17.84467265301645,9.61410205087743,-15.244672653016444,-79.29561640391776,2643.047965116279,-0.021969884988058765,550,True,False,resid,2.0,1,,,
0.02,1376,9,-1.4477768319421938,-0.13331863435730962,-0.1705772514724088,-0.006132405593811827,0.5188953488372093,-21.282072437899874,6.055505735713605,-15.244672653016444,-79.29561640391776,2643.047965116279,-0.0233285692408786,550,True,True,resid,2.0,1,,,
0.05,1376,9,-1.6695466062355846,-0.1476548774045257,-0.19687316987270093,-0.008256873006282537,0.5065406976744186,-26.438172115225026,2.109523666039383,-15.244672653016444,-79.29561640391776,2643.047965116279,-0.025366595620108345,550,True,True,resid,2.0,1,,,
0.1,1376,9,-2.0380158262629324,-0.18052477540489098,-0.24069970053985462,-0.011797652027067063,0.48546511627906974,-35.03167157743359,-4.50801029165559,-15.244672653016444,-79.29561640391776,2643.047965116279,-0.028763306252157925,550,True,True,resid,2.0,1,,,
0.15,1376,9,-2.4048759126717387,-0.21339467340525622,-0.28452623120700826,-0.015338431047851576,0.4694767441860465,-43.62517103964217,-11.175365021175422,-15.244672653016444,-79.29561640391776,2643.047965116279,-0.032160016884207505,550,True,True,resid,2.0,1,,,
0.2,1376,9,-2.7699289356807126,-0.24626457140562147,-0.32835276187416196,-0.0188792100686361,0.4563953488372093,-52.21867050185074,-17.688276440265955,-15.244672653016444,-79.29561640391776,2643.047965116279,-0.03555672751625708,550,True,True,resid,2.0,1,,,
0.3,1376,9,-3.493848876493802,-0.31200436740635196,-0.41600582320846935,-0.025960768110205135,0.42151162790697677,-69.40566942626785,-30.5426160266593,-15.244672653016444,-79.29561640391776,2643.047965116279,-0.04235014878035624,550,True,True,resid,2.0,1,,,
0.4,1376,9,-4.20830561733054,-0.37774416340708244,-0.5036588845427766,-0.03304232615177418,0.39171511627906974,-86.59266835068502,-42.85597439980114,-15.244672653016444,-79.29561640391776,2643.047965116279,-0.0491435700444554,550,True,True,resid,2.0,1,,,
0.5,1376,9,-4.911933444737089,-0.44348395940781304,-0.591311945877084,-0.04012388419334321,0.3553779069767442,-103.77966727510216,-53.76344942945448,-15.244672653016444,-79.29561640391776,2643.047965116279,-0.05593699130855456,550,True,True,resid,2.0,1,,,
0.0,1373,9,-0.6710759560507841,-0.22855037621320418,-0.1953918268572738,-0.0034543290421856555,0.5243991260014567,-11.897679285694988,11.169248332573625,-9.297679285694974,-96.25402807995096,2640.8113619810633,-0.04010554358617752,549,True,False,resid,2.0,2,,,
0.02,1373,9,-0.7304264369798239,-0.24032242251260472,-0.21287654696093106,-0.0048710448846914995,0.5193008011653314,-15.333106605051677,8.627861776773116,-9.297679285694974,-96.25402807995096,2640.8113619810633,-0.041464060972618066,549,True,False,resid,2.0,2,,,
0.05,1373,9,-0.8192342371777607,-0.2579804919617057,-0.2391036271164171,-0.006996118648450262,0.5120174799708667,-20.48624758408671,5.617473397274875,-9.297679285694974,-96.25402807995096,2640.8113619810633,-0.0435018370522789,549,True,False,resid,2.0,2,,,
0.1,1373,9,-0.9666643433022549,-0.2874106077102072,-0.2828154273755604,-0.010537908254714885,0.4959941733430444,-29.074815882478426,-1.246033554018171,-9.297679285694974,-96.25402807995096,2640.8113619810633,-0.04689813051838028,549,True,False,resid,2.0,2,,,
0.15,1373,9,-1.1133630835560173,-0.3168407234587088,-0.32652722763470376,-0.014079697860979502,0.4865258557902403,-37.66338418087016,-7.619489626874261,-9.297679285694974,-96.25402807995096,2640.8113619810633,-0.05029442398448166,549,True,True,resid,2.0,2,,,
0.2,1373,9,-1.2593274645774133,-0.3462708392072103,-0.370239027893847,-0.017621487467244117,0.4763292061179898,-46.25195247926189,-14.029600832899527,-9.297679285694974,-96.25402807995096,2640.8113619810633,-0.05369071745058305,549,True,True,resid,2.0,2,,,
0.3,1373,9,-1.5490421447208271,-0.4051310707042133,-0.45766262841213357,-0.024705066679773343,0.45520757465404227,-63.42908907604536,-25.981637627633148,-9.297679285694974,-96.25402807995096,2640.8113619810633,-0.060483304382785805,549,True,True,resid,2.0,2,,,
0.4,1373,9,-1.8357882704906257,-0.4639913022012163,-0.5450862289304202,-0.031788645892302576,0.4319009468317553,-80.60622567282881,-37.19199491815865,-9.297679285694974,-96.25402807995096,2640.8113619810633,-0.06727589131498858,549,True,True,resid,2.0,2,,,
0.5,1373,9,-2.1195486905886374,-0.5228515336982194,-0.6325098294487068,-0.038872225104831806,0.4144209759650401,-97.78336226961227,-49.91555837955307,-9.297679285694974,-96.25402807995096,2640.8113619810633,-0.07406847824719134,549,True,True,resid,2.0,2,,,
0.0,1362,8,0.8056506773113227,-0.22557639336746413,0.4968771686423636,0.005840116845662117,0.4889867841409692,27.445342965432886,-9.123585417396304,30.045342965432916,-74.49583233723078,2633.2114537444936,-0.04941984743121263,545,False,False,resid,2.0,5,0.1598,0.5849,
0.02,1362,8,0.7778965177533302,-0.2282667923827178,0.4798872970110831,0.004420749346247028,0.48751835535976507,24.010314479433884,-11.033156803077016,30.045342965432916,-74.49583233723078,2633.2114537444936,-0.0507838588146656,545,False,False,resid,2.0,5,0.1598,0.5849,
0.05,1362,8,0.7362923759513104,-0.23230239090559823,0.4544024895641626,0.0022916980971243706,0.48237885462555063,18.857771750435475,-15.899417665916566,30.045342965432916,-74.49583233723078,2633.2114537444936,-0.05282987588984506,545,False,False,resid,2.0,5,0.1598,0.5849,
0.1,1362,8,0.6670245493439231,-0.2390283884437323,0.41192781048596194,-0.0012567206514133807,0.47283406754772395,10.270200535438004,-20.891553396730366,30.045342965432916,-74.49583233723078,2633.2114537444936,-0.0562399043484775,545,True,False,resid,2.0,5,0.1598,0.5849,
0.15,1362,8,0.5978474760102005,-0.24575438598186639,0.3694531314077615,-0.004805139399951111,0.4654919236417034,1.6826293204405731,-28.65866448137504,30.045342965432916,-74.49583233723078,2633.2114537444936,-0.05964993280710992,545,True,False,resid,2.0,5,0.1598,0.5849,
0.2,1362,8,0.5287614313278599,-0.25248038352000046,0.32697845232956096,-0.008353558148488852,0.4566813509544787,-6.904941894556857,-35.10931856260697,30.045342965432916,-74.49583233723078,2633.2114537444936,-0.06305996126574236,545,True,False,resid,2.0,5,0.1598,0.5849,
0.3,1362,8,0.39086351375626643,-0.2659323785962686,0.24202909417315976,-0.015450395645564354,0.4419970631424376,-24.080084324551763,-49.523024660114416,30.045342965432916,-74.49583233723078,2633.2114537444936,-0.06988001818300721,545,True,False,resid,2.0,5,0.1598,0.5849,
0.4,1362,8,0.2533329370700989,-0.29398672850237995,0.15707973601675868,-0.02254723314263983,0.4265785609397944,-41.25522675454664,-61.12109758765125,30.045342965432916,-74.49583233723078,2633.2114537444936,-0.07670007510027207,545,True,True,resid,2.0,5,0.1598,0.5849,
0.5,1362,8,0.11617179190703607,-0.3441571542669837,0.0721303778603575,-0.029644070639715317,0.41629955947136565,-58.43036918454157,-73.76162552316924,30.045342965432916,-74.49583233723078,2633.2114537444936,-0.08352013201753693,545,True,True,resid,2.0,5,0.1598,0.5849,
