layer,layer_cn,chain,ticker,status,full_name,sector,marketcap,total_open_interest,avg_30_day_call_volume,avg_30_day_put_volume,avg30_volume,close
L1,芯片与系统层,Computer/GPU,SMCI,NEW,SUPER MICRO COMPUTER INC,Technology,18722157345,2420143,162574,59464.2,42505601.818181818182,31.13
L1,芯片与系统层,Computer/GPU,DELL,NEW,DELL TECHNOLOGIES INC,Technology,147417911623,684059,43380.3,34803.7,6412733.090909090909,453.77
L1,芯片与系统层,Computer/GPU,HPE,NEW,HEWLETT PACKARD ENTERPRISE CO,Technology,70474111388,588672,29640.0667,10978.0333,17404645.454545454545,53.22
L1,芯片与系统层,Computer/GPU,HPQ,NEW,HP INC,Technology,27481406835,470435,8572.6333,13308.3333,15234243.090909090909,30.05
L1,芯片与系统层,Semi-Logic/ASIC,NXPI,NEW,NXP SEMICONDUCTORS NV,Technology,60446274150,128545,3537.6,1077.2333,4445407.045454545455,239.71
L1,芯片与系统层,Semi-Logic/ASIC,MCHP,NEW,MICROCHIP TECHNOLOGY INC,Technology,45987406041,500742,13248,6646.4333,11481785.5,84.69
L1,芯片与系统层,Semi-Logic/ASIC,SWKS,NEW,SKYWORKS SOLUTIONS INC,Technology,10626387865,125906,2657.2,1674,5691991.181818181818,70.62
L1,芯片与系统层,Semi-Logic/ASIC,QRVO,NEW,QORVO INC,Technology,8740999398,29976,752.4,69.2667,1234354.818181818182,99.08
L1,芯片与系统层,Semi-Logic/ASIC,LSCC,NEW,LATTICE SEMICONDUCTOR CORP,Technology,18468196268,32416,1132.2,384.2333,1927100.545454545455,130.03
L1,芯片与系统层,Semi-Logic/ASIC,RMBS,NEW,RAMBUS INC,Technology,11011021937,57493,1609.0333,1314.2667,2804688.5,101.52
L1,芯片与系统层,Semi-Logic/ASIC,ALGM,NEW,ALLEGRO MICROSYSTEMS INC,Technology,8158817553,25241,642.9333,528.7667,2430429.363636363636,43.77
L1,芯片与系统层,Semi-Logic/ASIC,SLAB,NEW,SILICON LABORATORIES INC,Technology,7229945420,26481,40.4333,77.4,273585.681818181818,219.21
L1,芯片与系统层,Foundry,GFS,NEW,GLOBALFOUNDRIES INC,Technology,29979064378,119212,4860.7667,2091.7333,4219520.727272727273,53.93
L1,芯片与系统层,Foundry,UMC,NEW,UNITED MICROELECTRONICS CORP,Technology,47130057337,218679,11628.6333,2391.9,16245179.818181818182,18.72
L1,芯片与系统层,Foundry,ASX,NEW,ASE TECHNOLOGY HOLDING CO LTD,Technology,83137221774,133839,5482.4,1726.7333,9218394,37.39
L1,芯片与系统层,Semi-Cap/EDA,ONTO,NEW,ONTO INNOVATION INC,Technology,15129590350,19502,642.0333,344.8667,1208758.5,308.3
L1,芯片与系统层,Semi-Cap/EDA,ACLS,NEW,AXCELIS TECHNOLOGIES INC,Technology,4331746462,10990,365.2667,144.8333,442317.954545454545,140.27
L1,芯片与系统层,Semi-Cap/EDA,AEIS,NEW,ADVANCED ENERGY INDUSTRIES INC,Industrials,13017194659,14627,238.0333,225.9,731367.136363636364,325.02
L1,芯片与系统层,Semi-Cap/EDA,ICHR,NEW,ICHOR HOLDINGS LTD,Technology,2558872925,13743,493.8333,295.2333,1040619.863636363636,68.32
L1,芯片与系统层,Semi-Cap/EDA,UCTT,NEW,ULTRA CLEAN HOLDINGS INC,Technology,3950420780,26865,969.9,424.8,1477208.727272727273,87.25
L1,芯片与系统层,Semi-Cap/EDA,COHU,NEW,COHU INC,Technology,2503256337,19408,631.4667,276.5333,1039310.090909090909,52.88
L1,芯片与系统层,Semi-Cap/EDA,FORM,NEW,FORMFACTOR INC,Technology,9170591908,22066,744.1667,801.9333,1396996.954545454545,117.39
L1,芯片与系统层,Semi-Cap/EDA,NVMI,NEW,NOVA LTD,Technology,12490219225,14222,348.1667,309.4667,579686.954545454545,393.02
L1,芯片与系统层,Semi-Cap/EDA,CAMT,NEW,CAMTEK LTD,Technology,7119400462,20540,400.4333,314.4667,521887.272727272727,155.35
L1,芯片与系统层,Semi-Cap/EDA,VECO,NEW,VEECO INSTRUMENTS INC,Technology,3226728047,10775,383.1667,255.1,967869.909090909091,52.785
L1,芯片与系统层,Semi-Cap/EDA,AMKR,NEW,AMKOR TECHNOLOGY INC,Technology,13731968127,157460,5234.9,4111.9333,6030400.818181818182,55.27
L1,芯片与系统层,Memory/Storage,STX,NEW,SEAGATE TECHNOLOGY HOLDINGS PLC,Technology,184207598450,283901,13699.6667,14269.6333,5589408.181818181818,812.76
L1,芯片与系统层,Memory/Storage,NTAP,NEW,NETAPP INC,Technology,37130744565,51400,2442.4,682.5333,2577921.909090909091,189.52
L1,芯片与系统层,Memory/Storage,PSTG,UNVERIFIED,,,,,,,,
L1,芯片与系统层,Analog/Power-Semi,ADI,NEW,ANALOG DEVICES INC,Technology,189929849507,104717,3409.8333,5482.1,3861803.818181818182,389.93
L1,芯片与系统层,Analog/Power-Semi,MPWR,NEW,MONOLITHIC POWER SYSTEMS INC,Technology,68875880220,17226,433.0667,487.8,927323.636363636364,1401.54
L1,芯片与系统层,Analog/Power-Semi,ON,NEW,ON SEMICONDUCTOR CORP,Technology,31600432394,337729,14836.4333,13240.7667,10398847.363636363636,81.17
L1,芯片与系统层,Analog/Power-Semi,VSH,NEW,VISHAY INTERTECHNOLOGY INC,Technology,5002796293,118524,3893.8667,3073.3,5658087.909090909091,35.41
L1,芯片与系统层,Analog/Power-Semi,DIOD,NEW,DIODES INC,Technology,4843257815,3371,49.3333,41.0667,487086.5,105.17
L1,芯片与系统层,Analog/Power-Semi,POWI,NEW,POWER INTEGRATIONS INC,Technology,3608856318,8517,286.8333,152.5333,700807.318181818182,64.59
L2,云与数据平台层,Cloud/Hyperscaler,BABA,NEW,ALIBABA GROUP HOLDING LTD,Consumer Cyclical,29823823202,2069762,113808.8,47514.6667,10520229.727272727273,128.41
L2,云与数据平台层,AI-Cloud/NeoCloud,CIFR,NEW,CIPHER MINING INC,Financial Services,7130227804,1500735,69254.2,28454.4,30619564.181818181818,17.18
L2,云与数据平台层,AI-Cloud/NeoCloud,APLD,NEW,APPLIED DIGITAL CORP,Financial Services,8516727453,753293,52697.5333,19514.1333,20267118.636363636364,29.22
L2,云与数据平台层,AI-Cloud/NeoCloud,WULF,NEW,TERAWULF INC,Financial Services,8522385003,2635925,130948.2333,64325.4333,34631325,17.08
L2,云与数据平台层,AI-Cloud/NeoCloud,CORZ,NEW,CORE SCIENTIFIC INC,Technology,6751362665,1616049,44477.9,23886.0667,12483852.272727272727,21.01
L2,云与数据平台层,AI-Cloud/NeoCloud,GLXY,NEW,Galaxy Digital Inc.,Financial Services,3862390070,446369,16954.5333,9806.7667,6369654.318181818182,20.17
L2,云与数据平台层,AI-Cloud/NeoCloud,BTDR,NEW,BITDEER TECHNOLOGIES GROUP,Technology,2562806674,529669,42587.7333,10888.4333,10236875.318181818182,10.88
L2,云与数据平台层,AI-Cloud/NeoCloud,CLSK,NEW,CLEANSPARK INC,Technology,3158849998,836956,42817.2333,16188.4333,24834873.545454545455,12.3
L2,云与数据平台层,Data-Platform,MDB,NEW,MONGODB INC,Technology,32076252488,218653,7828.1,6281.1333,1409081.363636363636,398.8
L2,云与数据平台层,Data-Platform,CFLT,UNVERIFIED,,,,,,,,
L2,云与数据平台层,Data-Platform,ESTC,NEW,ELASTIC NV,Technology,7807807155,60187,1613.2,300.2333,1740765.045454545455,75.11
L2,云与数据平台层,Data-Platform,DDOG,NEW,DATADOG INC,Technology,78344236353,307357,10045.8,8958.3333,4957185.636363636364,233.93
L2,云与数据平台层,Data-Platform,TDC,NEW,TERADATA CORP,Technology,2547270000,19386,493.8,440,3466911.863636363636,27.39
L2,云与数据平台层,Data-Platform,DOCN,NEW,DIGITALOCEAN HOLDINGS INC,Technology,14597501133,172957,5821,3049.7,3598636.545454545455,124.15
L2,云与数据平台层,Cybersecurity,ZS,NEW,ZSCALER INC,Technology,27277162677,236615,11677.3,5669.4333,2293026.227272727273,168.68
L2,云与数据平台层,Cybersecurity,S,NEW,SENTINELONE INC,Technology,7206343257,283163,15167.5333,1933.9,6800397.272727272727,21.4
L2,云与数据平台层,Cybersecurity,FTNT,NEW,FORTINET INC,Technology,117130047565,184102,8425.8333,6897.6,5462645.454545454545,159.64
L2,云与数据平台层,Cybersecurity,OKTA,NEW,OKTA INC,Technology,24638902678,197668,5486.8333,4656.8333,2702613.909090909091,148.32
L2,云与数据平台层,Cybersecurity,CYBR,UNVERIFIED,,,,,,,,
L2,云与数据平台层,Cybersecurity,TENB,NEW,TENABLE HOLDINGS INC,Technology,4006892582,30795,1597.4,863.8,3626682.318181818182,36.38
L2,云与数据平台层,Cybersecurity,QLYS,NEW,QUALYS INC,Technology,6347490783,12148,285,63.8333,807630.5,183.48
L2,云与数据平台层,Cybersecurity,RPD,NEW,RAPID7 INC,Technology,773230250,45016,1052.4667,212.1,2453173.363636363636,11.57
L2,云与数据平台层,Cybersecurity,VRNS,NEW,VARONIS SYSTEMS INC,Technology,4998728307,41093,1294.0667,1732.5333,1971878,43.52
L2,云与数据平台层,Cybersecurity,CHKP,NEW,CHECK POINT SOFTWARE TECHNOLOGIES LTD,Technology,13497285194,71511,2638.2667,915.8667,1352730.227272727273,127.82
L3,数据中心基础设施层,Networking/Optical,CIEN,NEW,CIENA CORP,Technology,58375009504,93716,5295.2333,4954.1,1969666.227272727273,412.39
L3,数据中心基础设施层,Networking/Optical,CSCO,NEW,CISCO SYSTEMS INC,Technology,478608411371,919262,27307.0333,19206.7667,20423051.136363636364,121.43
L3,数据中心基础设施层,Networking/Optical,JNPR,UNVERIFIED,,,,,,,,
L3,数据中心基础设施层,Networking/Optical,EXTR,NEW,EXTREME NETWORKS INC,Technology,3134750769,10176,345.6667,71.3667,1901769.590909090909,23.97
L3,数据中心基础设施层,Networking/Optical,APH,NEW,AMPHENOL CORP,Technology,208596141255,142998,3481.6667,3330.9,6928002.181818181818,169.18
L3,数据中心基础设施层,Networking/Optical,TEL,NEW,TE CONNECTIVITY LTD,Technology,62630396613,34968,3705.8667,404.1,2803071.681818181818,216.33
L3,数据中心基础设施层,Power/Electrical,VRT,NEW,VERTIV HOLDINGS CO,Industrials,104870778325,494511,15261.0667,18497.4,6178539,272.4
L3,数据中心基础设施层,Power/Electrical,ETN,NEW,EATON CORP PLC,Industrials,174267312000,104997,2284.5,3378.0667,2437874.818181818182,448.68
L3,数据中心基础设施层,Power/Electrical,PWR,NEW,QUANTA SERVICES INC,Industrials,101009712021,48106,837.3,1458.1333,1122845.454545454545,671.86
L3,数据中心基础设施层,Power/Electrical,GEV,NEW,GE Vernova,Utilities,263755471936,233021,9052.2333,10678.9,2762052.409090909091,990.32
L3,数据中心基础设施层,Power/Electrical,POWL,NEW,POWELL INDUSTRIES INC,Industrials,7707673240,34232,769.9333,464.3333,843898.636363636364,211.56
L3,数据中心基础设施层,Power/Electrical,HUBB,NEW,HUBBELL INC,Industrials,27155413168,18095,228.5,371,598870.818181818182,513.99
L3,数据中心基础设施层,Power/Electrical,NVT,NEW,NVENT ELECTRIC PLC,Industrials,26656383974,29956,1032.6667,376.1333,2169472.363636363636,164.69
L3,数据中心基础设施层,Power/Electrical,ATKR,NEW,ATKORE INC,Industrials,3164825661,9528,291.3333,124.2,1124400.363636363636,93.71
L3,数据中心基础设施层,Power/Electrical,AYI,NEW,ACUITY BRANDS INC,Industrials,10764223990,2142,57.9,39.3,302430.227272727273,359.58
L3,数据中心基础设施层,Generation/Nuclear,CEG,NEW,CONSTELLATION ENERGY CORP,Utilities,95624018518,229164,5671,5200.7,2825154.818181818182,269.89
L3,数据中心基础设施层,Generation/Nuclear,VST,NEW,VISTRA CORP,Utilities,47404483176,565605,21483.9333,9300.7333,4825384.818181818182,140.59
L3,数据中心基础设施层,Generation/Nuclear,TLN,NEW,Talen Energy,Utilities,16660266997,105268,2467.2333,1789.3333,725121.636363636364,347.71
L3,数据中心基础设施层,Generation/Nuclear,NRG,NEW,NRG ENERGY INC,Utilities,24832164357,174911,10692.3,1423.7333,3085358.181818181818,118.13
L3,数据中心基础设施层,Generation/Nuclear,SMR,NEW,NUSCALE POWER CORP,Industrials,4030025106,568154,29347.2,15889.6667,30508907.045454545455,9.82
L3,数据中心基础设施层,Generation/Nuclear,LEU,NEW,CENTRUS ENERGY CORP,Energy,3680745131,45162,1193.0667,785,828887.181818181818,191.37
L3,数据中心基础设施层,Generation/Nuclear,NNE,NEW,NANO NUCLEAR ENERGY INC,Industrials,981770092,93205,3418.7,2616.6667,2046916.181818181818,18.85
L3,数据中心基础设施层,Generation/Nuclear,CCJ,NEW,CAMECO CORP,Energy,42409252477,427562,8412.1667,13201.9333,3891025.045454545455,97.39
L3,数据中心基础设施层,Generation/Nuclear,UEC,NEW,URANIUM ENERGY CORP,Energy,5572262841,228306,8635.6333,3795.5333,8231705.181818181818,11.26
L3,数据中心基础设施层,Generation/Nuclear,PEG,NEW,PUBLIC SERVICE ENTERPRISE GROUP INC,Utilities,37710459470,20387,277.4,195.0333,3057580.181818181818,75.66
L3,数据中心基础设施层,Generation/Nuclear,SO,NEW,SOUTHERN CO,Utilities,104489538774,115306,3123.9333,1422.3667,5101186.772727272727,92.69
L3,数据中心基础设施层,Generation/Nuclear,D,NEW,DOMINION ENERGY INC,Utilities,59271253703,85643,1763.4333,521.5333,3884619.636363636364,67.39
L3,数据中心基础设施层,Cooling/Thermal,MOD,NEW,MODINE MANUFACTURING CO,Consumer Cyclical,10388845685,34020,949.6667,800.5667,1572675.681818181818,195.6
L3,数据中心基础设施层,Cooling/Thermal,SPXC,NEW,SPX TECHNOLOGIES INC,Industrials,10802518285,3180,56.9333,128.8,588618.590909090909,215.68
L3,数据中心基础设施层,Cooling/Thermal,AAON,NEW,AAON INC,Industrials,7767687459,6407,122.3667,62.0667,1076202.636363636364,94.83
L3,数据中心基础设施层,Cooling/Thermal,CARR,NEW,CARRIER GLOBAL CORP,Industrials,52765046899,128025,1706.3,4138.8333,7094818.590909090909,64.01
L3,数据中心基础设施层,Cooling/Thermal,JCI,NEW,JOHNSON CONTROLS INTERNATIONAL PLC,Industrials,92199909149,95894,2730.2,1148.0333,3579264.545454545455,152.21
L3,数据中心基础设施层,Cooling/Thermal,TT,NEW,TRANE TECHNOLOGIES PLC,Industrials,106119378499,16180,283.5333,145.3333,1312788.136363636364,482.31
L3,数据中心基础设施层,Cooling/Thermal,LII,NEW,LENNOX INTERNATIONAL INC,Industrials,15198748045,1480,27.9667,27.0667,590945.636363636364,439.77
L3,数据中心基础设施层,DC-REIT/Colo,EQIX,NEW,EQUINIX INC,Real Estate,102877073257,24030,289.4667,735.8,567599.545454545455,1042.62
L3,数据中心基础设施层,DC-REIT/Colo,DLR,NEW,DIGITAL REALTY TRUST INC,Real Estate,71713010909,40994,964.1667,986.3,2941385.863636363636,193.8
L3,数据中心基础设施层,DC-REIT/Colo,IRM,NEW,IRON MOUNTAIN INC,Real Estate,36066695674,64276,2166.3333,866.6667,2088226.363636363636,121.15
L3,数据中心基础设施层,DC-REIT/Colo,AMT,NEW,AMERICAN TOWER CORP,Real Estate,80396746682,49760,1458.2333,800.7,3125078.5,172.54
L3,数据中心基础设施层,EPC/Construction,MTZ,NEW,MASTEC INC,Industrials,21879886132,38454,1252.9,528.3333,1470374.863636363636,272.46
L3,数据中心基础设施层,EPC/Construction,DY,NEW,DYCOM INDUSTRIES INC,Industrials,12252533325,10498,234.8667,117.1,434548.545454545455,407.99
L3,数据中心基础设施层,EPC/Construction,EME,NEW,EMCOR GROUP INC,Industrials,36033378127,6061,120.9,98.3,492945.636363636364,816.9
L3,数据中心基础设施层,EPC/Construction,FIX,NEW,COMFORT SYSTEMS USA INC,Industrials,59638550207,17147,434.4333,524,522021.727272727273,1694.55
L3,数据中心基础设施层,EPC/Construction,IESC,NEW,IES HOLDINGS INC,Industrials,15196505565,5299,185.5333,154.2667,213594.045454545455,762.71
L3,数据中心基础设施层,EPC/Construction,STRL,NEW,STERLING INFRASTRUCTURE INC,Industrials,16733754657,16062,577,499.8333,869995.636363636364,547.06
L3,数据中心基础设施层,EPC/Construction,ACM,NEW,AECOM,Industrials,9747178253,10284,175.4,131,1478289.954545454545,75.84
L3,数据中心基础设施层,EPC/Construction,J,NEW,JACOBS SOLUTIONS INC,Industrials,16978791298,5232,248.2667,52.6333,917147.136363636364,145.07
L4,应用与终端层,Software/SaaS,NOW,NEW,SERVICENOW INC,Technology,129125920000,1431320,114146.5,50792.7333,24402053.363636363636,124.88
L4,应用与终端层,Software/SaaS,ADBE,NEW,ADOBE INC,Technology,105420975000,697263,33378.6333,16444.9667,5358665.863636363636,265.21
L4,应用与终端层,Software/SaaS,INTU,NEW,INTUIT INC,Technology,88967909250,179448,7005.7667,5415.5333,3988091.136363636364,325.25
L4,应用与终端层,Software/SaaS,WDAY,NEW,WORKDAY INC,Technology,36107640000,169070,4845.0333,4168.6333,4399361.636363636364,179.64
L4,应用与终端层,Software/SaaS,TEAM,NEW,ATLASSIAN CORP,Technology,23796676902,189602,7318.3333,3208.8667,4855800.454545454545,149.07
L4,应用与终端层,Software/SaaS,HUBS,NEW,HUBSPOT INC,Technology,10494342000,62579,1157.3667,1377.1667,2045574.090909090909,210.45
L4,应用与终端层,Software/SaaS,VEEV,NEW,VEEVA SYSTEMS INC,Healthcare,37438305277,41587,1097.6667,563.6667,1603304.681818181818,230.47
L4,应用与终端层,Software/SaaS,ZM,NEW,ZOOM VIDEO COMMUNICATIONS INC,Communication Services,27655469798,325090,9875.3333,3053.5667,3126290.545454545455,104.5
L4,应用与终端层,Software/SaaS,DOCU,NEW,DOCUSIGN INC,Technology,11506322078,151991,4044.0667,2618.4667,3087738.909090909091,60.26
L4,应用与终端层,Software/SaaS,TWLO,NEW,TWILIO INC,Communication Services,37054629082,97038,2525.5667,1694.3,2189689.454545454545,241.28
L4,应用与终端层,Software/SaaS,SHOP,NEW,SHOPIFY INC,Technology,183183007495,875312,29514.3667,20050.0333,11006762.272727272727,151.57
L4,应用与终端层,AI-App/Consumer-Net,TTD,NEW,TRADE DESK INC,Technology,5889447597,939518,29027.8667,14433.8,23445673.636363636364,13.8
L4,应用与终端层,AI-App/Consumer-Net,RDDT,NEW,REDDIT INC,Communication Services,23624887440,555482,29896.4667,17517.9333,5869001.954545454545,161.7
L4,应用与终端层,AI-App/Consumer-Net,SPOT,NEW,SPOTIFY TECHNOLOGY SA,Communication Services,100475089730,170775,6303.5,4665.0333,1907171.727272727273,488.14
L4,应用与终端层,AI-App/Consumer-Net,DASH,NEW,DOORDASH INC,Communication Services,88448808230,217973,6233.1667,4032.9667,3899905.681818181818,216.26
L4,应用与终端层,AI-App/Consumer-Net,ABNB,NEW,AIRBNB INC,Consumer Cyclical,74705628037,240408,6491.0333,4030.9,4188740.545454545455,178.07
L4,应用与终端层,AI-App/Consumer-Net,U,NEW,UNITY SOFTWARE INC,Technology,18923824119,610262,16423.8667,9271.8333,10639563.5,43
L4,应用与终端层,AI-App/Consumer-Net,RBLX,NEW,ROBLOX CORP,Communication Services,25319035017,425218,20022.2667,12659.8667,12882400.090909090909,37.79
L4,应用与终端层,AI-App/Consumer-Net,PINS,NEW,PINTEREST INC,Communication Services,11655248829,363423,9446.9333,5168.3,11817445.090909090909,23.68
L4,应用与终端层,AI-App/Consumer-Net,SNAP,NEW,SNAP INC,Communication Services,7659463063,1517352,53918.2667,17203.2667,39446411.409090909091,5.33
L4,应用与终端层,Robotics/Automation,SYM,NEW,SYMBOTIC INC,Industrials,5218312449,81537,3019.2667,1481,1654096.5,40.18
L4,应用与终端层,Robotics/Automation,ROK,NEW,ROCKWELL AUTOMATION INC,Industrials,48976908063,22757,395.2,428.8667,866917.681818181818,441.04
L4,应用与终端层,Robotics/Automation,EMR,NEW,EMERSON ELECTRIC CO,Industrials,88277428000,65981,1576.4667,803.6,2979505.727272727273,158.26
L4,应用与终端层,Robotics/Automation,HON,NEW,HONEYWELL INTERNATIONAL INC,Industrials,78033799862,39965,2341,1461.3,3310607.136363636364,246.21
L4,应用与终端层,Robotics/Automation,OSIS,NEW,OSI SYSTEMS INC,Technology,3893753105,5553,175.8667,15.1,167072.272727272727,236.23
L4,应用与终端层,Robotics/Automation,ZBRA,NEW,ZEBRA TECHNOLOGIES CORP,Technology,17811990383,13892,286.4,528.5,856714,376.49
L4,应用与终端层,Healthcare-AI/LS-Tools,TEM,NEW,TEMPUS AI INC,Healthcare,9129099832,334511,17440.5,5878.2333,5019586.045454545455,52.05
L4,应用与终端层,Healthcare-AI/LS-Tools,RXRX,NEW,RECURSION PHARMACEUTICALS INC,Healthcare,1723801787,347339,10457.1667,1549.8333,19372148.772727272727,3.22
L4,应用与终端层,Healthcare-AI/LS-Tools,DNA,NEW,GINKGO BIOWORKS HOLDINGS INC,Healthcare,441408950,17457,518.7667,79.5,940158.136363636364,7.97
L4,应用与终端层,Healthcare-AI/LS-Tools,ILMN,NEW,ILLUMINA INC,Healthcare,28381960000,17890,468.3333,257.7,1982081.5,187.96
L4,应用与终端层,Healthcare-AI/LS-Tools,TMO,NEW,THERMO FISHER SCIENTIFIC INC,Healthcare,219629887884,54782,1556.3333,1242.4667,2204331.954545454545,594
L4,应用与终端层,Healthcare-AI/LS-Tools,A,NEW,AGILENT TECHNOLOGIES INC,Healthcare,41226590866,23913,446.2333,249.2333,2045087.318181818182,145.97
L4,应用与终端层,Healthcare-AI/LS-Tools,DHR,NEW,DANAHER CORP,Healthcare,143943424417,81048,4106.9,3415.9333,6492083.954545454545,204.76
L4,应用与终端层,Devices/Endpoint,SONY,NEW,SONY GROUP CORP,Technology,138593873779,135548,3784.7333,826.4,5388843.318181818182,23.46
L4,应用与终端层,Devices/Endpoint,GRMN,NEW,GARMIN LTD,Technology,59955924917,12576,539.5,184.7,1063074.5,310.89
L4,应用与终端层,Devices/Endpoint,LOGI,NEW,LOGITECH INTERNATIONAL SA,Technology,15225215342,28944,398.9,396.9333,1262035.636363636364,106.33
L5,模型与工具层,AI-Native-Software,AI,NEW,C3AI INC,Technology,1552921693,278494,24414.6,2048.2667,5062698.136363636364,10.22
L5,模型与工具层,AI-Native-Software,SOUN,NEW,SOUNDHOUND AI INC,Technology,3209878501,739485,42442.9,13014.1,38908951.090909090909,8.02
L5,模型与工具层,AI-Native-Software,BBAI,NEW,BIGBEARAI HOLDINGS INC,Technology,1567946992,741385,25685.7667,4419.5,26293627.863636363636,3.27
L5,模型与工具层,AI-Native-Software,INOD,NEW,INNODATA INC,Technology,2143070637,70449,2716.3,2522.3333,1302376.954545454545,62.33
L5,模型与工具层,AI-Native-Software,PATH,NEW,UIPATH INC,Technology,6824114878,725301,32874.9667,10251.9333,83496693.409090909091,15.05
L5,模型与工具层,AI-Native-Software,CXAI,NEW,CXAPP INC,Technology,11214284,25167,320.8333,116.1,3946608.954545454545,0.16
L5,模型与工具层,DevTools/Observability,GTLB,NEW,GITLAB INC,Technology,6539166000,219383,3607.2,1355.9667,4311684.590909090909,38.97
L5,模型与工具层,DevTools/Observability,DDOG,NEW,DATADOG INC,Technology,78344236353,307357,10045.8,8958.3333,4957185.636363636364,233.93
L5,模型与工具层,DevTools/Observability,FROG,NEW,JFROG LTD,Technology,11037933361,46180,1771.6333,459.7,2276802.954545454545,89.52
L5,模型与工具层,DevTools/Observability,PD,NEW,PAGERDUTY INC,Technology,901562785,20962,580.5333,105.8667,1479676.772727272727,11.69
L5,模型与工具层,DevTools/Observability,DT,NEW,DYNATRACE INC,Technology,14152434208,49486,2595.7667,1232.5,5061662.727272727273,48.97
L5,模型与工具层,IT-Services/Integration,ACN,NEW,ACCENTURE PLC,Technology,117294894101,250290,8271.8333,7583.4667,7539705.954545454545,175.72
L5,模型与工具层,IT-Services/Integration,EPAM,NEW,EPAM SYSTEMS INC,Technology,5026119559,17983,418.3333,286.6333,1769456.272727272727,97.43
L5,模型与工具层,IT-Services/Integration,GLOB,NEW,GLOBANT SA,Technology,1639451590,19921,1002.4333,338.3,1614042.5,37.4
L5,模型与工具层,IT-Services/Integration,CTSH,NEW,COGNIZANT TECHNOLOGY SOLUTIONS CORP,Technology,25977117533,100292,3323.1667,2241.4,9692518.818181818182,57.67
L5,模型与工具层,IT-Services/Integration,INFY,NEW,INFOSYS LTD,Technology,50816564289,415989,7477.8,4346.6667,26063101.136363636364,12.53
L5,模型与工具层,IT-Services/Integration,WIT,NEW,WIPRO LTD,Technology,21186593165,11317,121.3,351,9019549.090909090909,2.02
L5,模型与工具层,IT-Services/Integration,DXC,NEW,DXC TECHNOLOGY CO,Technology,1732000989,21443,604.9333,123.6667,4047537.136363636364,10.84
