ticker,in_taxonomy,activity_per_day,full_name,sector,marketcap,total_open_interest,avg_30_day_call_volume,avg_30_day_put_volume,avg30_volume,close
NFLX,no,433253,NETFLIX INC,Communication Services,308714487579,5587642,294244.7667,139008.9333,46736606.909090909091,74.14
GOOG,no,198502,ALPHABET INC,Communication Services,1879382770000,1880184,134745.9,63756.9667,20769354.045454545455,353.47
ONDS,no,148307,ONDAS HOLDINGS INC,Technology,4516397742,1648876,105447.7,42859.4667,106326521.72727273,9.11
RIVN,no,135477,RIVIAN AUTOMOTIVE INC,Consumer Cyclical,23103170080,2321194,94905.8667,40571.5333,29326399.318181818182,16
BMNR,no,132254,BitMine Immersion Technologies,Financial Services,11352720735,1632581,101425.9333,30828.6,33984926.363636363636,18.82
GME,no,125521,GAMESTOP CORP,Consumer Cyclical,8596924484,1539926,105448.4,20073.0667,5616432.545454545455,19.16
WBD,no,118334,WARNER BROS DISCOVERY INC,Communication Services,67236634749,2792169,43912.0333,74422.1,24794229.818181818182,26.78
AMC,no,103688,AMC ENTERTAINMENT HOLDINGS,Communication Services,2311846012,1057435,84358.2333,19330.4333,46957993.681818181818,2.59
UBER,no,102715,UBER TECHNOLOGIES INC,Technology,153232860277,1355914,66209.7333,36505.4333,19404021.818181818182,75.02
OPEN,no,97427,OPENDOOR TECHNOLOGIES INC,Real Estate,3384252309,1099563,80704.4667,16723.5,67547461.909090909091,3.485
T,no,91454,AT&T INC,Communication Services,163018254614,1211873,57259.4667,34194.9,74285139.136363636364,23.79
PYPL,no,90722,PAYPAL HOLDINGS INC,Financial Services,50532073827,1816413,66849.2333,23873.5333,18058348.181818181818,59.07
F,no,88960,FORD MOTOR CO,Consumer Cyclical,54756075402,1938754,58816.2667,30143.7667,54195242.818181818182,13.98
AAL,no,81820,AMERICAN AIRLINES GROUP INC,Industrials,10551801019,2084005,40642.1667,41178.4,100681311.136363636364,15.94
IONQ,no,79562,IONQ INC,Technology,16584383790,770200,39941.1667,39621.7,21289916.272727272727,44.43
WEN,no,74510,WENDY'S CO,Consumer Cyclical,1466251762,604511,46705.6,27805.3667,7983999.772727272727,7.69
HTZ,no,74316,HERTZ GLOBAL HOLDINGS INC,Industrials,809144662,1142118,48244.4,26071.6667,35875464.5,2.27
FIG,no,73158,"Figma, Inc",Technology,10599596000,484877,59513,13645.5333,25336659.681818181818,23.29
VZ,no,73085,VERIZON COMMUNICATIONS INC,Communication Services,195523721006,1196164,42134.3667,30951.2333,26982743.227272727273,47.06
LCID,no,71546,LUCID GROUP INC,Consumer Cyclical,2774254039,791997,35888.5,35657.9,24943499.681818181818,7.04
BB,no,70866,BLACKBERRY LTD,Technology,5263181870,690835,54005.0333,16861.2333,17549049.045454545455,8.98
BA,no,66598,BOEING CO,Industrials,185278540088,850832,42090,24508.7,6118194.863636363636,234.42
POET,no,58919,POET TECHNOLOGIES INC,Technology,1178710484,1146471,49225.1333,9694.2667,12908784.909090909091,8.91
C,no,58090,CITIGROUP INC,Financial Services,226453965705,1090594,33364.8667,24725.5,12430459.681818181818,135
NU,no,57904,NU HOLDINGS LTD,Financial Services,53049729407,1690351,43568.4,14335.8667,99201308.045454545455,13.84
FRMI,no,57671,Fermi,Real Estate,3940208797,967732,47267.5333,10404,19617298.318181818182,6.18
RGTI,no,56691,RIGETTI COMPUTING INC,Technology,5987811321,705666,36974.8,19716.9,21958391.090909090909,17.94
CMG,no,55035,CHIPOTLE MEXICAN GRILL INC,Consumer Cyclical,41493056220,869827,31127.9,23907.2667,19611520.727272727273,32.79
FCX,no,54527,FREEPORT-MCMORAN INC,Basic Materials,99975539951,1155158,36387.8333,18139.8,14300758.5,69.62
SLS,no,54204,SELLAS LIFE SCIENCES GROUP INC,Healthcare,2234251214,963841,39355.4,14849.0333,6491350.5,12.01
CVNA,no,52505,CARVANA CO,Consumer Cyclical,51006078003,1165366,25749.0333,26756.3,9983522.409090909091,70.85
KEEL,no,51471,Keel Infrastructure,Technology,2342855166,1076388,43303.2333,8168.1667,30121711.954545454545,3.88
RKT,no,51262,ROCKET COMPANIES INC,Financial Services,26156119115,944693,38181.7667,13081.1333,29290390.045454545455,13.72
PCG,no,51208,PG&E CORP,Utilities,46794729260,1605334,45497.1333,5711,22717609,17.46
CLF,no,50881,CLEVELAND-CLIFFS INC,Basic Materials,6994820976,784198,34749.5333,16131.6333,25779326.045454545455,12.26
TE,no,49719,T1 Energy,Industrials,1633737573,536352,36081.2333,13637.9333,44127156.636363636364,5.85
MRNA,no,48235,MODERNA INC,Healthcare,23622787552,622946,34287.3,13948.6,5350088.545454545455,59.17
CMCSA,no,45641,COMCAST CORP,Communication Services,89753914141,873324,31794.7667,13847.0333,32989802.954545454545,25.36
EOSE,no,44852,EOS ENERGY ENTERPRISES INC,Industrials,1511296138,1568926,35906.9333,8945.8333,28925508.545454545455,4.15
NVTS,no,44562,NAVITAS SEMICONDUCTOR CORP,Technology,3246275876,563625,31168.6333,13394.3,14903816.318181818182,13.89
BULL,no,44308,Webull Corporation Class A Ordinary Shares,Technology,3226039429,912973,34619.8333,9688.6333,8449815.045454545455,7.32
QBTS,no,43719,D-WAVE QUANTUM INC,Technology,7665917256,580363,28986.3,14732.9667,19223898.363636363636,20.76
DIS,no,43491,WALT DISNEY CO,Communication Services,181146722889,743868,27449.4333,16041.6333,11870427.090909090909,104.91
ET,no,42449,ENERGY TRANSFER LP,Energy,69313620968,912349,37191.2667,5258.5333,9467947.272727272727,20.13
BSX,no,41290,BOSTON SCIENTIFIC CORP,Healthcare,71461507927,952842,20331.8,20958.7333,19419431.954545454545,49.31
CCL,no,40517,CARNIVAL CORP,Consumer Cyclical,39706127960,984562,20601.0667,19915.9333,18201444.136363636364,28.99
ACHR,no,40129,ARCHER AVIATION INC,Industrials,4246152870,698219,32605.4667,7523.9,32215137.681818181818,5.59
PEP,no,39266,PEPSICO INC,Consumer Defensive,189747224393,404784,28852.8667,10414.1,8414688.409090909091,139.02
BYND,no,36732,BEYOND MEAT INC,Consumer Defensive,277355864,1062842,34126.4667,2605.7,30299522.045454545455,0.5377
DKNG,no,36052,DRAFTKINGS INC,Consumer Cyclical,11929790773,987742,27314.2667,8738.5667,13776766.954545454545,24.03
RUN,no,34302,SUNRUN INC,Technology,2456639216,559113,27672.6,6629.8333,9828676.045454545455,10.2
CBRS,no,34186,Cerebras Systems,Technology,20888677525,215902,23742.7,10443.8333,5249013.454545454545,226.73
QXO,no,33229,SILVERSUN TECHNOLOGIES INC,Industrials,11718715365,576474,24088.6667,9141.1,23692973.818181818182,16.16
AG,no,32863,FIRST MAJESTIC SILVER CORP,Basic Materials,9040330394,978691,22845.9333,10017.1333,10682066.818181818182,18.4
KHC,no,32805,KRAFT HEINZ CO,Consumer Defensive,30025057553,441205,28394.2,4411.7333,14301117.590909090909,25.32
ZETA,no,32680,ZETA GLOBAL HOLDINGS CORP,Technology,6687002437,345712,26009.7333,6670.3333,9557609.909090909091,26.64
CELH,no,32675,CELSIUS HOLDINGS INC,Consumer Defensive,7026783255,694435,23746.7333,8928.8,10948217.5,27.77
BMY,no,31484,BRISTOL MYERS SQUIBB CO,Healthcare,132204492536,719700,20025.1667,11458.9,12733630.954545454545,64.72
BBAI,yes,30105,BIGBEARAI HOLDINGS INC,Technology,1567946992,741385,25685.7667,4419.5,26293627.863636363636,3.27
QS,no,29548,QUANTUMSCAPE CORP,Consumer Cyclical,3570292517,726688,22136.8333,7411.4333,26565262.227272727273,6.08
VG,no,28797,Venture Global,Communication Services,6838892365,835713,23610.6667,5186.5333,15246709.318181818182,13.26
PG,no,28702,PROCTER & GAMBLE CO,Consumer Defensive,338879095817,396999,20830.3,7872.1667,8380916.681818181818,145.79
USAR,no,27989,USA Rare Earth,Basic Materials,4311273625,504979,19481.2333,8508.3333,10797166.136363636364,19.33
JOBY,no,27841,JOBY AVIATION INC,Industrials,8546033408,476408,20787.9333,7053.3,46116662.318181818182,8.64
XYZ,no,27774,Block,Technology,42724464000,562214,19127.9333,8646.8667,5156969.909090909091,79
DVN,no,27473,DEVON ENERGY CORP,Energy,47278000000,539282,20775.0667,6698.7333,9996615.909090909091,42.98
LAES,no,27348,SEALSQ CORP,Technology,492219582,872722,25660.1,1688.6667,14136211.181818181818,2.57
AI,yes,26462,C3AI INC,Technology,1552921693,278494,24414.6,2048.2667,5062698.136363636364,10.22
JBLU,no,25801,JETBLUE AIRWAYS CORP,Industrials,2290284939,988833,13293.3333,12507.8333,37779971.590909090909,6.07
GRAB,no,25587,GRAB HOLDINGS LTD,Financial Services,14527604613,1533877,21080.8,4506.7,47012073.772727272727,3.66
LYFT,no,25112,LYFT INC,Technology,6609312748,634203,16754.8333,8357.9,12089294.227272727273,17.46
FISV,no,24327,FISERV INC,Technology,27869893848,581541,12060.4667,12267.2333,7851488.727272727273,52.41
PSKY,no,24001,Paramount Skydance Corporation Class B,Communication Services,10021195909,1239729,14958.8333,9042.7333,12330388.863636363636,9.19
SOC,no,23777,SABLE OFFSHORE CORP,Energy,733223823,397240,18680.9333,5096.1333,8110489.590909090909,4.75
NN,no,23485,NEXTNAV INC,Communication Services,2225286475,489657,21060.3667,2425.5333,2649618.909090909091,16.31
PLUG,no,23296,PLUG POWER INC,Industrials,3041250599,793295,17580.5333,5715.6667,47489776.045454545455,2.18
ECHO,no,22766,EchoStar,Technology,14329167290,628812,15172.1333,7594.2,5431712.227272727273,90.04
HL,no,22618,HECLA MINING CO,Basic Materials,11319298062,747999,16109.2,6509.2333,40006287.454545454545,16.85
OWL,no,21431,BLUE OWL CAPITAL INC,Financial Services,8117995035,1152497,12455.7,8975.3667,19447056,11.87
SIRI,no,21080,SIRIUS XM HOLDINGS INC,Communication Services,10081670710,373982,19255.5667,1824.8333,3956352.409090909091,29.91
FSLR,no,20809,FIRST SOLAR INC,Technology,26872820489,629221,13076.3333,7733.2667,2424246.454545454545,250.05
NCLH,no,20305,NORWEGIAN CRUISE LINE HOLDINGS LTD,Consumer Cyclical,8839366036,546927,12496.7,7808.3333,14665028.545454545455,19.25
NEM,no,20248,NEWMONT CORP,Basic Materials,119046152778,539038,14411.6333,5836.5,7375129.136363636364,112.98
CPNG,no,19627,COUPANG INC,Consumer Cyclical,26612472396,728893,14725.2333,4901.9333,20929604.681818181818,16.23
SLB,no,17477,SCHLUMBERGER LIMITED,Energy,74993757462,749164,11127.2,6350.5333,12413492,50.53
OSCR,no,17182,OSCAR HEALTH INC,Healthcare,7629785100,538121,11631.7333,5550.5667,5005857.181818181818,27.9
BKNG,no,16287,BOOKING HOLDINGS INC,Consumer Cyclical,161111006810,662046,9844.3667,6443.2333,6254131.409090909091,214.42
IBRX,no,15659,IMMUNITYBIO INC,Healthcare,8097149126,567533,12485.6,3174.0333,9659728,7.64
PTON,no,15534,PELOTON INTERACTIVE INC,Consumer Cyclical,2402839237,786130,10534.2,5000.5667,8712490.590909090909,5.68
RIG,no,15421,TRANSOCEAN LTD,Energy,5874789247,1275787,11435.7667,3986.0667,41790532.727272727273,5.26
BTG,no,13981,B2GOLD CORP,Basic Materials,6743327936,700692,8520.7333,5461.1667,21719443.818181818182,5.03
VFC,no,11357,V F CORP,Consumer Cyclical,5893087204,586721,5875.0333,5482.1,8352750.909090909091,14.99
