scope,horizon,std,mad,mean,n,cov_1.0,cov_1.0_nominal,cov_1.96,cov_1.96_nominal,pit_ks_stat,pit_ks_p,pit_ks_n_indep,k_ci_lo,k_ci_hi,ci_n_dates
pooled,5,1.1156967255715873,0.9129250721848519,0.13206639032858558,16147,0.7088003963584567,0.6826894921370859,0.9505790549328048,0.950004209703559,0.06944650027362687,5.4534581774037626e-14,3230,0.9216554209071324,1.3657409815942825,149
ticker:AAOI,5,0.9624551930618964,0.9781783750110394,0.27254785532326575,149,0.6845637583892618,0.6826894921370859,0.9395973154362416,0.950004209703559,0.20358368110687608,0.1443574837981918,30,0.7972683668365549,1.0917143459441245,149
ticker:AAPL,5,1.0947457766432878,1.052772588107847,0.1055366997843334,149,0.6174496644295302,0.6826894921370859,0.9328859060402684,0.950004209703559,0.21880915754674368,0.0966553578434537,30,0.8825727123502497,1.2365384281665852,149
ticker:ALAB,5,0.9913304758538101,0.8865699992234106,0.2551392401966803,149,0.6912751677852349,0.6826894921370859,0.9395973154362416,0.950004209703559,0.1517026462566342,0.45072752895046697,30,0.7867064555477599,1.1853489975465052,149
ticker:AMAT,5,0.9286938756747123,0.8305581360137655,0.3717528831084151,149,0.6711409395973155,0.6826894921370859,0.9530201342281879,0.950004209703559,0.2511762770458511,0.03731914579506501,30,0.7437096056739178,1.0446301500711952,149
ticker:AMD,5,1.0459253902267613,1.0798188803907425,0.386728168873759,149,0.6174496644295302,0.6826894921370859,0.9261744966442953,0.950004209703559,0.25951994602530115,0.02856483529260534,30,0.8778268417881503,1.1898012290604365,149
ticker:AMZN,5,1.0581579700196149,0.9713933440318026,0.14357678478323327,149,0.6442953020134228,0.6826894921370859,0.9261744966442953,0.950004209703559,0.1505509690885188,0.46027064531482076,30,0.8303840369227278,1.276880077684154,149
ticker:ANET,5,1.001918953572513,1.03899795854169,0.21480810568239397,149,0.6510067114093959,0.6826894921370859,0.9530201342281879,0.950004209703559,0.14419534809532453,0.5147030789005849,30,0.8584213434629215,1.1230553593655617,149
ticker:APP,5,1.1251052727138018,0.9274902540460025,-0.15092233289886642,149,0.6442953020134228,0.6826894921370859,0.9395973154362416,0.950004209703559,0.1648089566779618,0.35010104757161253,30,0.8819077443499134,1.3156323064773787,149
ticker:ARM,5,1.1266514668525247,1.2063324049128008,0.38939652135889163,149,0.6174496644295302,0.6826894921370859,0.8993288590604027,0.950004209703559,0.1705885690821614,0.31072471720407313,30,0.8949217255478243,1.3102714010466927,149
ticker:ASML,5,0.9028064674693009,0.7002249518230899,0.29212790975448283,149,0.7651006711409396,0.6826894921370859,0.9731543624161074,0.950004209703559,0.2510145580578701,0.03750964782229027,30,0.6689060319561788,1.0281184134661279,149
ticker:ASTS,5,0.9714632248372514,1.025690356681599,0.06315880593971789,149,0.6711409395973155,0.6826894921370859,0.9664429530201343,0.950004209703559,0.13223627835730428,0.6232335465943188,30,0.789128682894523,1.06936258075772,149
ticker:AVGO,5,0.9204314803495921,0.749301376065278,0.15321764094100587,149,0.7651006711409396,0.6826894921370859,0.9463087248322147,0.950004209703559,0.12980433571716726,0.6458212707828042,30,0.6999547661626866,1.1112939263274095,149
ticker:BAC,5,0.8468413546804692,0.9380422129076702,0.15017969139030962,149,0.7181208053691275,0.6826894921370859,0.9798657718120806,0.950004209703559,0.1887025213081805,0.20760843474550017,30,0.7128234251716277,0.9625229571790325,149
ticker:BE,5,0.8810229631777446,0.8582644666628775,0.31306596967634925,149,0.7651006711409396,0.6826894921370859,0.9530201342281879,0.950004209703559,0.18808922262518635,0.21061150276316853,30,0.6643905548760944,1.0318769379263035,149
ticker:BLK,5,0.885371952645635,0.8242130928915357,0.01865597342837537,149,0.7583892617449665,0.6826894921370859,0.959731543624161,0.950004209703559,0.18809933668158568,0.21056171148833747,30,0.7082887056518008,1.0143703314121095,149
ticker:CDNS,5,0.918016781959964,0.6484711090749953,0.03939528224425392,149,0.7449664429530202,0.6826894921370859,0.9530201342281879,0.950004209703559,0.18991249356400297,0.2017797538962256,30,0.6639896118865931,1.1285153607079714,149
ticker:COHR,5,0.8440062470871623,0.8375825937584762,0.20684598289032383,149,0.7718120805369127,0.6826894921370859,0.9664429530201343,0.950004209703559,0.18811047402272196,0.2105068929793219,30,0.6914890185199066,0.9326618916547683,149
ticker:COIN,5,0.9660491870734443,0.8894903752241246,-0.12508222494143842,149,0.7114093959731543,0.6826894921370859,0.9463087248322147,0.950004209703559,0.117810357958759,0.7558802579336382,30,0.7633080909450289,1.1526084088087394,149
ticker:COST,5,0.9363511257427717,0.8303668625473649,0.16204360702637616,149,0.7181208053691275,0.6826894921370859,0.9395973154362416,0.950004209703559,0.2021898074939919,0.14953573039425827,30,0.7429348491268026,1.1178185153184257,149
ticker:CRCL,5,1.1237116321826495,0.9077729209106543,-0.04809876242161908,149,0.697986577181208,0.6826894921370859,0.8926174496644296,0.950004209703559,0.10883530357627902,0.832016603849951,30,0.8815112006834747,1.3565791900138218,149
ticker:CRDO,5,1.0391529601598128,0.999057300079437,0.19671701704385128,149,0.6778523489932886,0.6826894921370859,0.9395973154362416,0.950004209703559,0.16654112570414703,0.33796888828289684,30,0.8227763020167299,1.2748427924536858,149
ticker:CRM,5,1.0915216079273302,1.0918601532126493,-0.2283241199651313,149,0.6241610738255033,0.6826894921370859,0.9328859060402684,0.950004209703559,0.1436255680092458,0.5197166658899145,30,0.8760214605110549,1.2982654554287862,149
ticker:CRWD,5,3.6853395494997256,1.097956426471077,-0.5693359911158004,144,0.6111111111111112,0.6826894921370859,0.9305555555555556,0.950004209703559,0.1455500512694261,0.5235990506301699,29,0.9127853102392075,6.018490939605713,144
ticker:CRWV,5,0.9748325766373673,0.9253169964246427,0.12991769250908353,149,0.6778523489932886,0.6826894921370859,0.9395973154362416,0.950004209703559,0.12204208241863657,0.7176365690723672,30,0.7938359875910559,1.1162216123401572,149
ticker:CVX,5,0.9715673736789769,0.8891801435696618,0.2571483414749954,149,0.6912751677852349,0.6826894921370859,0.9731543624161074,0.950004209703559,0.21368089984245764,0.11100501439148525,30,0.7614954944435969,1.0518257218472744,149
ticker:DIA,5,0.6994617688334002,0.7777852145408465,0.17657637831771847,149,0.8322147651006712,0.6826894921370859,0.9932885906040269,0.950004209703559,0.20287070795935663,0.1469879467840386,30,0.5799180834115729,0.7676066031926886,149
ticker:FLY,5,0.9402653640095866,1.0342637415710776,0.10315878844031112,149,0.7046979865771812,0.6826894921370859,0.9731543624161074,0.950004209703559,0.17048806908580322,0.3113824057310485,30,0.7870914078320292,1.0516949712352444,149
ticker:GLD,5,1.2067995859556728,1.0355088856104364,-0.03967260164209129,149,0.6845637583892618,0.6826894921370859,0.9060402684563759,0.950004209703559,0.11440412294407276,0.785750134859225,30,0.8812483905955293,1.46102382024609,149
ticker:GLW,5,1.107855817893644,1.1636994916663135,0.3291442968977805,149,0.5838926174496645,0.6826894921370859,0.9261744966442953,0.950004209703559,0.20169066984160322,0.15142569539676654,30,0.9518984344804156,1.2430583654957679,149
ticker:GOOGL,5,1.0752576541189267,1.0065235519510252,0.1449953929844999,149,0.6845637583892618,0.6826894921370859,0.9194630872483222,0.950004209703559,0.15026460345921755,0.46265968461019447,30,0.8782433733982301,1.239122264986361,149
ticker:GS,5,0.8832837583885793,0.8400396812901636,0.13829006249985817,149,0.7449664429530202,0.6826894921370859,0.959731543624161,0.950004209703559,0.19091432318568433,0.19704943223285298,30,0.7406526627502967,0.9712703426365368,149
ticker:HD,5,0.9066969340295216,0.8844046824195383,0.030923023374592126,149,0.7315436241610739,0.6826894921370859,0.9731543624161074,0.950004209703559,0.13297396410126286,0.6163965171519035,30,0.7335317159010996,1.0680476257236493,149
ticker:HIMS,5,1.2401170803207955,0.8361835048668895,0.06376812800642306,149,0.7114093959731543,0.6826894921370859,0.8926174496644296,0.950004209703559,0.159489871345029,0.3890981078724475,30,0.9037966503175796,1.5496204820289,149
ticker:HOOD,5,1.0694839923983257,0.7802782569027189,-0.011390436159894041,149,0.7181208053691275,0.6826894921370859,0.9194630872483222,0.950004209703559,0.11775421693567772,0.7563801372313355,30,0.8223885319004792,1.3217405915485454,149
ticker:HUT,5,0.8879445681249936,0.6806010773672329,0.24770190801800673,149,0.7651006711409396,0.6826894921370859,0.9530201342281879,0.950004209703559,0.25822111080293253,0.029796445756838152,30,0.698110127234541,1.0215936445750218,149
ticker:HYG,5,0.6693776687338652,0.6594106654876003,-0.08079252047321307,149,0.87248322147651,0.6826894921370859,0.9932885906040269,0.950004209703559,0.20290302107165392,0.14686790618026213,30,0.5657693471061254,0.7466450959645037,149
ticker:IBM,5,1.6019928104725618,1.268011959886585,-0.10117974651475392,149,0.5906040268456376,0.6826894921370859,0.8590604026845637,0.950004209703559,0.11594351371607475,0.772372978884393,30,1.137818751708943,2.0860885193507466,149
ticker:IGV,5,1.0905025023605508,0.981441887348887,0.07934544359631755,132,0.6212121212121212,0.6826894921370859,0.9242424242424242,0.950004209703559,0.14347384134539332,0.5851099916193867,27,0.855284846031706,1.2577416222944575,132
ticker:INTC,5,1.0812054544389307,1.1494706571010187,0.4186087339598924,149,0.6375838926174496,0.6826894921370859,0.9060402684563759,0.950004209703559,0.2114820058037593,0.11767166528396389,30,0.8830425942873822,1.2382334858292996,149
ticker:IREN,5,0.9044407198868923,0.9385140026386113,0.10281126251204815,149,0.7181208053691275,0.6826894921370859,0.9731543624161074,0.950004209703559,0.13808218656077503,0.5694377836456048,30,0.7439355659614233,1.011497137266765,149
ticker:ISRG,5,0.7758328468263348,0.7703909171876522,-0.19132910522479,149,0.7516778523489933,0.6826894921370859,0.9865771812080537,0.950004209703559,0.20539809897904582,0.137833257113541,30,0.6364481012172135,0.8624297412335403,149
ticker:IWM,5,0.7670024208546542,0.7307452234414993,0.22065572568576283,149,0.7718120805369127,0.6826894921370859,0.9865771812080537,0.950004209703559,0.22249747982613952,0.08731426272615184,30,0.6307213632200264,0.8675341659141942,149
ticker:JNJ,5,0.9698303344591328,1.0666856548789116,0.26216788244621697,149,0.6912751677852349,0.6826894921370859,0.9530201342281879,0.950004209703559,0.16061162616491453,0.3806580693007401,30,0.7969991164143269,1.12379475560654,149
ticker:JPM,5,0.7686865422367808,0.7933784870591042,0.11765404861198574,149,0.7718120805369127,0.6826894921370859,1.0,0.950004209703559,0.1487301083456311,0.475568182908631,30,0.644300185762186,0.8662492280034477,149
ticker:KO,5,1.055780075864588,0.9788051701954682,0.25954286382844516,149,0.6644295302013423,0.6826894921370859,0.9261744966442953,0.950004209703559,0.16878461130877997,0.32267587628571825,30,0.861438740116128,1.178716452782403,149
ticker:LITE,5,0.7976758068585463,0.7895666160589848,0.2143530323162534,149,0.7516778523489933,0.6826894921370859,1.0,0.950004209703559,0.23209260396400064,0.06648200506739432,30,0.6765158106660142,0.8745557819362565,149
ticker:LLY,5,0.8017920744318849,0.7140095930615102,0.0602758059280135,149,0.785234899328859,0.6826894921370859,0.9798657718120806,0.950004209703559,0.17769601799207435,0.26663766274636624,30,0.6760133314139335,0.9192682777881743,149
ticker:LRCX,5,0.9572376397890063,0.8020426007292051,0.307427653438794,149,0.7114093959731543,0.6826894921370859,0.9463087248322147,0.950004209703559,0.21191299398735447,0.11633983835120632,30,0.7335832373064554,1.1204281707100023,149
ticker:MAGS,5,0.9983822850844477,0.8882149542692325,0.04005993620361897,145,0.6758620689655173,0.6826894921370859,0.9586206896551724,0.950004209703559,0.09401988016034002,0.9386364924439204,29,0.8006002928842805,1.1484752697309346,145
ticker:MARA,5,0.7782143400997538,0.7604846895375723,0.1059589703977452,149,0.7919463087248322,0.6826894921370859,0.9932885906040269,0.950004209703559,0.17583506750896633,0.2777202729119932,30,0.636954267216833,0.9062803480295994,149
ticker:MCD,5,0.8825028456006886,0.9424477711333719,-0.11389248062675586,149,0.785234899328859,0.6826894921370859,0.9731543624161074,0.950004209703559,0.18661605224746358,0.217960047461627,30,0.7392641181266473,0.9942112121821878,149
ticker:META,5,1.1313237454712126,1.0169692639360404,-0.03861778465337222,149,0.5838926174496645,0.6826894921370859,0.912751677852349,0.950004209703559,0.15083960707353267,0.45786910663480596,30,0.9244320074294733,1.307793428947685,149
ticker:MRVL,5,0.9680436144402239,0.933371704592225,0.33330544778479404,149,0.697986577181208,0.6826894921370859,0.9328859060402684,0.950004209703559,0.19356819784131174,0.18493156498491703,30,0.792488678155005,1.1251356408418847,149
ticker:MS,5,0.7995317813150935,0.8438229684424841,0.1576176308997868,149,0.7718120805369127,0.6826894921370859,1.0,0.950004209703559,0.19424926320964742,0.1819170964481821,30,0.6775862734302996,0.8844061121245111,149
ticker:MSFT,5,1.2096837268216671,1.114064136865084,-0.02955905872253425,149,0.6442953020134228,0.6826894921370859,0.8791946308724832,0.950004209703559,0.14840499272543806,0.4783257880491736,30,0.9482869584475736,1.402859030918727,149
ticker:MSTR,5,1.025192031617757,0.8167092071516132,-0.11039994272313045,149,0.7248322147651006,0.6826894921370859,0.9194630872483222,0.950004209703559,0.1315858429264113,0.6292688895825032,30,0.7708546227758089,1.2448349152779048,149
ticker:MU,5,1.1004687807407594,1.0372423161719702,0.4279764951151579,149,0.5838926174496645,0.6826894921370859,0.8859060402684564,0.950004209703559,0.2588037140804121,0.029238361444704375,30,0.9147423334041572,1.249710866510734,149
ticker:NBIS,5,1.0085910125942565,1.1502622835644243,0.283506743986498,149,0.6577181208053692,0.6826894921370859,0.9463087248322147,0.950004209703559,0.15547714420675338,0.42020716192911955,30,0.8637459961673761,1.155368711722921,149
ticker:NET,5,1.0388269046902303,1.018197086331217,0.15522498967312187,149,0.6442953020134228,0.6826894921370859,0.9463087248322147,0.950004209703559,0.1583354632609364,0.3979020767941621,30,0.8622753695536166,1.2094115847544331,149
ticker:NKE,5,0.8542736532130586,0.7653969709084221,-0.16185694345291116,149,0.738255033557047,0.6826894921370859,0.9731543624161074,0.950004209703559,0.1714401778291107,0.3051901222882718,30,0.706533560771135,0.9423541056121443,149
ticker:NOK,5,0.9246396882552879,0.8763302302144109,0.2969854990229983,149,0.6912751677852349,0.6826894921370859,0.9395973154362416,0.950004209703559,0.1679911132591388,0.3280304575802585,30,0.7705992666754001,1.071611112175614,149
ticker:NVDA,5,0.9429095850879575,0.8517097493907453,0.1463464030910347,149,0.7315436241610739,0.6826894921370859,0.9328859060402684,0.950004209703559,0.12855153919611967,0.6574684471107386,30,0.7558072731860674,1.0508870644509098,149
ticker:OKLO,5,0.8998796212376696,0.6401078685589053,-0.0379121660102505,149,0.785234899328859,0.6826894921370859,0.9463087248322147,0.950004209703559,0.26036157220632095,0.027790804358171828,30,0.6294056229407529,1.0690086246131234,149
ticker:ORCL,5,1.220697650951209,0.9213553520595218,-0.06339857335179029,149,0.6442953020134228,0.6826894921370859,0.8859060402684564,0.950004209703559,0.21388687241838905,0.11039673311136733,30,0.9292717346698578,1.4650926658452577,149
ticker:OXY,5,0.9636883703383159,1.0318962623479433,0.2515753365394553,149,0.6510067114093959,0.6826894921370859,0.9530201342281879,0.950004209703559,0.2711182011069874,0.019402469032793745,30,0.8191241173716243,1.105378172294393,149
ticker:PANW,5,1.1419949381279841,1.202262792829234,0.3680927966389301,149,0.6174496644295302,0.6826894921370859,0.8993288590604027,0.950004209703559,0.2207294081286305,0.09169367410791773,30,0.9310085808257315,1.3355753382330673,149
ticker:PFE,5,0.7453093439878139,0.7365026667379313,0.03597163084654299,149,0.87248322147651,0.6826894921370859,0.9865771812080537,0.950004209703559,0.20421850509926942,0.14204721303764223,30,0.5619625700950033,0.9165676915832585,149
ticker:PL,5,0.8953171827015929,1.0177639425621205,0.1547199623962153,149,0.6845637583892618,0.6826894921370859,0.9798657718120806,0.950004209703559,0.1365366719267393,0.5835562060602176,30,0.7466987546422066,0.9963041252526104,149
ticker:PLTR,5,1.0697252712794192,0.7714439806080902,-0.06415410651811745,149,0.6778523489932886,0.6826894921370859,0.9060402684563759,0.950004209703559,0.20818647016248715,0.1282716879946414,30,0.8263468965722972,1.2187436338428823,149
ticker:QCOM,5,1.1290775237408153,0.9547045335562963,0.026370977408482568,149,0.6845637583892618,0.6826894921370859,0.9261744966442953,0.950004209703559,0.1606069235135147,0.3806932137273914,30,0.8222057082650761,1.3652202383041712,149
ticker:QQQ,5,0.991535617103075,0.9761658361265616,0.15830697218066644,149,0.6644295302013423,0.6826894921370859,0.959731543624161,0.950004209703559,0.1428948099656424,0.5261756609485531,30,0.8212791944742859,1.133148888678152,149
ticker:RIOT,5,1.0173840136797923,0.8361574968901561,0.20946599968147198,149,0.7114093959731543,0.6826894921370859,0.8993288590604027,0.950004209703559,0.21560312606720386,0.1054338991192405,30,0.8327548267574773,1.1890833153659381,149
ticker:RKLB,5,1.0219714034916674,0.923720138529227,0.08169748320414748,149,0.6912751677852349,0.6826894921370859,0.9530201342281879,0.950004209703559,0.14428921493695868,0.513879068942797,30,0.789122644736994,1.178358406722776,149
ticker:SBUX,5,0.8299553771704731,0.7491784135462776,0.18029313950769654,149,0.738255033557047,0.6826894921370859,0.9932885906040269,0.950004209703559,0.16526898369073115,0.34685153392160983,30,0.6938086011587745,0.9482173388508744,149
ticker:SLV,5,1.1446883347514238,1.0711735238590543,-0.03013664842646419,149,0.6308724832214765,0.6826894921370859,0.9328859060402684,0.950004209703559,0.1047327866713656,0.863411319066971,30,0.9220492405643284,1.3114381621567648,149
ticker:SMH,5,0.8690227565461957,0.9365741981579573,0.3110736802175739,149,0.6845637583892618,0.6826894921370859,0.9798657718120806,0.950004209703559,0.2179879671437026,0.0988440938257128,30,0.7247520980527287,0.9723738452280767,149
ticker:SNDK,5,1.0638128965971543,0.9750412456091129,0.477126484538408,149,0.5838926174496645,0.6826894921370859,0.9194630872483222,0.950004209703559,0.30239305093035546,0.006254517190343201,30,0.8566073320195674,1.2173761855864913,149
ticker:SNOW,5,1.0589545376548335,0.89214833885878,0.05971514760720639,149,0.7181208053691275,0.6826894921370859,0.9328859060402684,0.950004209703559,0.1007347817204392,0.8912816570092726,30,0.8008566062177264,1.2798630458232352,149
ticker:SNPS,5,0.9313216564163166,0.657500614295731,-0.030117593238995755,149,0.7785234899328859,0.6826894921370859,0.9395973154362416,0.950004209703559,0.17880116219456102,0.260209582199717,30,0.6465362407438425,1.1438238646758063,149
ticker:SOFI,5,0.8205104552373979,0.7219921200431346,-0.04196659727577262,149,0.8120805369127517,0.6826894921370859,0.9664429530201343,0.950004209703559,0.17878829268110386,0.2602837824491867,30,0.6120414040217053,0.9576751912237765,149
ticker:SOXL,5,0.9846609795570901,1.0190683989518168,0.36948586999056515,149,0.6241610738255033,0.6826894921370859,0.9463087248322147,0.950004209703559,0.2444667529491359,0.045965780706370474,30,0.8254115781119139,1.1027818103038691,149
ticker:SOXX,5,0.9623220134225159,1.0176706710608303,0.3883893620445855,149,0.610738255033557,0.6826894921370859,0.9463087248322147,0.950004209703559,0.25764154852446347,0.030360847065024954,30,0.8028912094252693,1.0825943687688326,149
ticker:SPY,5,0.8941946549526706,0.8736504062084757,0.15759262106456023,149,0.7114093959731543,0.6826894921370859,0.9664429530201343,0.950004209703559,0.17229419261364845,0.2997089963238134,30,0.7194689250428804,1.0100476051106833,149
ticker:TER,5,0.8952130611197782,0.7136906906697226,0.30868780925549405,149,0.7114093959731543,0.6826894921370859,0.9530201342281879,0.950004209703559,0.27668978044150694,0.016011140898726017,30,0.7015900675289289,1.028394842915768,149
ticker:TGT,5,0.8943166663253803,0.9065106021573412,0.2868143092365,149,0.7315436241610739,0.6826894921370859,0.9530201342281879,0.950004209703559,0.22721986642844133,0.0764651671422264,30,0.7440577102555743,1.0382122595297,149
ticker:TLT,5,0.8850099624180642,0.8552418509495142,-0.15433306578854922,149,0.7248322147651006,0.6826894921370859,0.9798657718120806,0.950004209703559,0.13604452718713145,0.5880704896310422,30,0.7277676883928212,1.033962949247301,149
ticker:TSEM,5,0.9093336561982721,0.805028507568893,0.2713985052879342,112,0.75,0.6826894921370859,0.9642857142857143,0.950004209703559,0.22713807386917512,0.15914287568448215,23,0.7110085525124632,1.1238305635747325,112
ticker:TSLA,5,0.9614029826746208,0.8025781318998907,-0.12135415128980495,149,0.7583892617449665,0.6826894921370859,0.9261744966442953,0.950004209703559,0.14579065057532414,0.5007757433161532,30,0.7519686909230084,1.1555862047796694,149
ticker:TSM,5,0.7683505173159361,0.7277567105167619,0.22770753675242875,149,0.7718120805369127,0.6826894921370859,0.9865771812080537,0.950004209703559,0.2311910142338884,0.06824113330708448,30,0.6475610123238247,0.8349569881165617,149
ticker:TXN,5,0.8916137720062787,0.9058912212204876,0.28952237454941615,149,0.7181208053691275,0.6826894921370859,0.9664429530201343,0.950004209703559,0.16195870477161087,0.37067405888492866,30,0.7341577244041344,1.0147277619138368,149
ticker:UNH,5,1.0285767635430256,1.0527546666709409,0.18557714436492365,149,0.6442953020134228,0.6826894921370859,0.9328859060402684,0.950004209703559,0.1770150469748673,0.2706553845216241,30,0.8008350394016673,1.2529846209718756,149
ticker:WDC,5,0.8958852235809839,0.9085392643810298,0.37290958461055645,149,0.6845637583892618,0.6826894921370859,0.959731543624161,0.950004209703559,0.27043625274027827,0.019858506590236802,30,0.7347960077168861,1.0128920660314171,149
ticker:WFC,5,0.8635752169020461,0.813143638771473,0.003339259648776128,149,0.7651006711409396,0.6826894921370859,0.9798657718120806,0.950004209703559,0.1085114316750646,0.8345869587202319,30,0.7143497279211201,0.9795255210674702,149
ticker:WMT,5,0.9279950258971669,0.8293024094178153,0.09103957956625684,149,0.7651006711409396,0.6826894921370859,0.9664429530201343,0.950004209703559,0.1020375614148503,0.8825215484518386,30,0.7337810619329023,1.133789057261857,149
ticker:XLB,5,0.8676526823737676,0.8391545048168687,0.1489004907881913,145,0.7379310344827587,0.6826894921370859,0.9724137931034482,0.950004209703559,0.16172307216515544,0.39212370269966823,29,0.674566554650946,0.9858925670670742,145
ticker:XLC,5,0.9134501793838065,0.9138993124197183,-0.08710569837052703,145,0.7310344827586207,0.6826894921370859,0.9793103448275862,0.950004209703559,0.079009949023569,0.986925734932869,29,0.7688449673136735,1.028763871821763,145
ticker:XLE,5,0.884885785429072,0.8490188191531337,0.30405575349701197,149,0.7046979865771812,0.6826894921370859,0.9798657718120806,0.950004209703559,0.24062683475150914,0.051652189256538694,30,0.7310108834211422,0.9620930199139531,149
ticker:XLF,5,0.7491058903729538,0.7850602272637152,0.08613720771311764,149,0.8120805369127517,0.6826894921370859,0.9865771812080537,0.950004209703559,0.18295506557351626,0.2370600106877424,30,0.6157259951494001,0.867261218726236,149
ticker:XLI,5,0.7227082809011224,0.7986899731131765,0.1960073011454768,145,0.7931034482758621,0.6826894921370859,0.993103448275862,0.950004209703559,0.1883252687819561,0.2249273026807329,29,0.5879780823850161,0.823354337339893,145
ticker:XLK,5,1.0241349594580729,0.8744457826502647,0.22763465791890697,145,0.6413793103448275,0.6826894921370859,0.9310344827586207,0.950004209703559,0.1671235722318503,0.352990825164784,29,0.8205935936919049,1.188116466772507,145
ticker:XLP,5,1.0073293444751679,0.9152223559467266,0.2149221201847539,145,0.7103448275862069,0.6826894921370859,0.9379310344827586,0.950004209703559,0.22194191882326286,0.09795974249492467,29,0.779681210386194,1.1848910886326154,145
ticker:XLU,5,0.9149223323735987,0.894888418881476,0.03962982664326182,145,0.7310344827586207,0.6826894921370859,0.9793103448275862,0.950004209703559,0.09823543364585352,0.9165243837488027,29,0.7428201463227075,1.0723681367106943,145
ticker:XLV,5,0.8781981964302847,0.749689729219376,0.09671204290047573,145,0.7862068965517242,0.6826894921370859,0.9586206896551724,0.950004209703559,0.116592169752568,0.7831288484808949,29,0.6884110765434357,1.0911585750453525,145
ticker:XLY,5,0.8508307963440486,0.6796689370493909,-0.021227554082652696,145,0.7931034482758621,0.6826894921370859,0.9655172413793104,0.950004209703559,0.18218030908629013,0.25785986842822517,29,0.6542114024405842,0.9659342336713239,145
ticker:XOM,5,0.9526321228530255,1.0312446599109755,0.26681009453981225,149,0.697986577181208,0.6826894921370859,0.9731543624161074,0.950004209703559,0.2030904718246713,0.14617308774637627,30,0.7910925144810212,1.0616288143862025,149
pooled,10,1.252608231326839,0.9267695230279853,0.15522273398475517,16068,0.7106671645506597,0.6826894921370859,0.9451082897684839,0.950004209703559,0.056789879055239745,6.029900309410415e-05,1607,0.9310193565573358,1.6743475809519706,144
ticker:AAOI,10,0.9651869164714371,0.7458241266141975,0.40660076274277634,144,0.7638888888888888,0.6826894921370859,0.9097222222222222,0.950004209703559,,,15,0.6751361861423719,1.2324906231680346,144
ticker:AAPL,10,1.025614155654829,1.2540769132630858,0.23014185378676938,144,0.5972222222222222,0.6826894921370859,0.9583333333333334,0.950004209703559,,,15,0.7863990827404431,1.1437379944097168,144
ticker:ALAB,10,1.1133137096019394,0.8525293139768464,0.3648501305662127,144,0.7152777777777778,0.6826894921370859,0.875,0.950004209703559,,,15,0.7920744397829607,1.3781211614212203,144
ticker:AMAT,10,0.9217809764599403,0.8823004111702408,0.48888642274090216,144,0.6875,0.6826894921370859,0.9375,0.950004209703559,,,15,0.6801775490303148,1.0080475031547924,144
ticker:AMD,10,1.1195900871086037,1.0651488906425692,0.5786423874069493,144,0.6180555555555556,0.6826894921370859,0.8333333333333334,0.950004209703559,,,15,0.8044381767139546,1.3569450464898032,144
ticker:AMZN,10,1.0503816316325796,1.0218813264526283,0.13290725685188162,144,0.7222222222222222,0.6826894921370859,0.9166666666666666,0.950004209703559,,,15,0.6976632119871202,1.3213032340542148,144
ticker:ANET,10,0.9468050598402414,0.863558679741772,0.30695003327179926,144,0.7222222222222222,0.6826894921370859,0.9236111111111112,0.950004209703559,,,15,0.7047703471887743,1.1638070052501426,144
ticker:APP,10,1.0406291826286145,1.1560940889996536,-0.18665050521464124,144,0.5902777777777778,0.6826894921370859,0.9583333333333334,0.950004209703559,,,15,0.8634922310310693,1.2037494685122005,144
ticker:ARM,10,1.161554076655263,0.9999482820983641,0.5365750215680574,144,0.6805555555555556,0.6826894921370859,0.8680555555555556,0.950004209703559,,,15,0.8024881938907227,1.4779530896077395,144
ticker:ASML,10,0.8410974385406161,0.8078850371999252,0.34529096731762154,144,0.7986111111111112,0.6826894921370859,0.9583333333333334,0.950004209703559,,,15,0.5819287441284668,0.9200194402676634,144
ticker:ASTS,10,0.9504781923582413,1.100664889101561,0.0237673253729583,144,0.7222222222222222,0.6826894921370859,0.9791666666666666,0.950004209703559,,,15,0.6806017117697724,1.1244632330828557,144
ticker:AVGO,10,0.8638107249250605,0.6619166511180666,0.18784045573942992,144,0.8472222222222222,0.6826894921370859,0.9305555555555556,0.950004209703559,,,15,0.5050852686972019,1.1869468265839627,144
ticker:BAC,10,0.9504472769067752,1.0569208729035784,0.16425979234333277,144,0.6875,0.6826894921370859,0.9791666666666666,0.950004209703559,,,15,0.7487977570072674,1.0786948657976645,144
ticker:BE,10,0.9312619093809518,0.7825150245555308,0.3771406706904506,144,0.7708333333333334,0.6826894921370859,0.8958333333333334,0.950004209703559,,,15,0.5987926778245499,1.1010734152836437,144
ticker:BKSY,10,0.8931030796485296,1.060307553752823,0.14218837765278375,134,0.7313432835820896,0.6826894921370859,0.9776119402985075,0.950004209703559,,,14,0.6876016185735119,0.9542722506569061,134
ticker:BLK,10,0.900811597692177,0.8324840813170774,-0.007620568001598703,144,0.7083333333333334,0.6826894921370859,0.9722222222222222,0.950004209703559,,,15,0.6914757365396526,1.0560268186511874,144
ticker:CDNS,10,0.8302816728186517,0.6776660642930459,0.06525153561712492,144,0.8125,0.6826894921370859,0.9583333333333334,0.950004209703559,,,15,0.5999085432372037,1.0467889317862262,144
ticker:COHR,10,0.7336640069232517,0.6632466362472069,0.2733231698576494,144,0.7638888888888888,0.6826894921370859,0.9930555555555556,0.950004209703559,,,15,0.5798966850510419,0.8796171058930738,144
ticker:COIN,10,1.0315197899229205,1.0053003621043397,-0.20370401701704405,144,0.6736111111111112,0.6826894921370859,0.9305555555555556,0.950004209703559,,,15,0.7093178904403153,1.308727400497944,144
ticker:COST,10,0.9134444294003168,0.6535015604178926,0.2077754547537418,144,0.7847222222222222,0.6826894921370859,0.9375,0.950004209703559,,,15,0.5493950397753514,1.0861258653929018,144
ticker:CRCL,10,1.2926724252626438,1.292897874421441,-0.0754866530279748,144,0.5416666666666666,0.6826894921370859,0.8611111111111112,0.950004209703559,,,15,0.9172098162163678,1.6444427886862183,144
ticker:CRDO,10,1.0607940229258976,0.7447749396449882,0.2617181087831204,144,0.7708333333333334,0.6826894921370859,0.9305555555555556,0.950004209703559,,,15,0.6687072768265314,1.4377467348013222,144
ticker:CRM,10,1.1167819591252082,0.9516766711186947,-0.35820305578148365,144,0.7013888888888888,0.6826894921370859,0.8611111111111112,0.950004209703559,,,15,0.712142825723574,1.2418470119919232,144
ticker:CRWD,10,3.7106527331808232,1.079519745106983,-0.8917163129569851,139,0.6474820143884892,0.6826894921370859,0.9136690647482014,0.950004209703559,,,14,0.861239149996791,5.875547469331832,139
ticker:CRWV,10,0.9016658955644891,0.7732165178186042,0.1424640304282608,144,0.7708333333333334,0.6826894921370859,0.9513888888888888,0.950004209703559,,,15,0.6162838796832409,1.1215015719686994,144
ticker:CVX,10,1.034406060797339,1.079506139571952,0.34452442936431354,144,0.625,0.6826894921370859,0.9375,0.950004209703559,,,15,0.7650760205710184,1.1976997359303767,144
ticker:DIA,10,0.7271143280313676,0.7418335581597397,0.19549343333247518,144,0.8333333333333334,0.6826894921370859,0.9930555555555556,0.950004209703559,,,15,0.5160126255192581,0.8656557158077578,144
ticker:ELV,10,1.1235472866578138,1.0531794003142647,0.10141170671466582,126,0.6587301587301587,0.6826894921370859,0.9047619047619048,0.950004209703559,,,13,0.7793879692653679,1.4047038553385265,126
ticker:FLY,10,1.0000162031593167,1.0763036104120747,0.09047992488068722,144,0.6597222222222222,0.6826894921370859,0.9513888888888888,0.950004209703559,,,15,0.7640220435445981,1.1688311246242502,144
ticker:FN,10,0.7586400741056011,0.733955761517438,0.1566429638177086,130,0.823076923076923,0.6826894921370859,0.9846153846153847,0.950004209703559,,,13,0.5994113748716577,0.9090886734797794,130
ticker:GLD,10,1.102067740813324,0.9561028782595123,-0.07556659224049883,144,0.7083333333333334,0.6826894921370859,0.9097222222222222,0.950004209703559,,,15,0.6957014429431853,1.3665358674952475,144
ticker:GLW,10,1.1125887909694265,1.2455974595399681,0.4545426784335151,144,0.5555555555555556,0.6826894921370859,0.9027777777777778,0.950004209703559,,,15,0.8943440319915251,1.320042874047958,144
ticker:GOOGL,10,1.0214948867925433,1.0759926048661788,0.1456700068182996,144,0.6944444444444444,0.6826894921370859,0.9444444444444444,0.950004209703559,,,15,0.7051212038712993,1.2175116048635457,144
ticker:GS,10,0.8437759064255738,0.9409161632394117,0.14558001766819018,144,0.8055555555555556,0.6826894921370859,0.9861111111111112,0.950004209703559,,,15,0.6552086560458789,0.9834888145454229,144
ticker:HD,10,0.9842749303329186,1.008458712910876,0.02568602368238648,144,0.7152777777777778,0.6826894921370859,0.9375,0.950004209703559,,,15,0.6752072903287534,1.101267727286318,144
ticker:HIMS,10,1.445489392701728,1.1111226092129158,0.009155091264909678,144,0.625,0.6826894921370859,0.8263888888888888,0.950004209703559,,,15,0.9626989894321447,1.9090446968434482,144
ticker:HOOD,10,1.064814339039353,1.077423269161018,-0.053460404870111944,144,0.6527777777777778,0.6826894921370859,0.9583333333333334,0.950004209703559,,,15,0.8040921002589512,1.314755575688458,144
ticker:HUT,10,0.8135110201019253,0.7191908854158356,0.3240116295470682,144,0.8055555555555556,0.6826894921370859,0.9444444444444444,0.950004209703559,,,15,0.569210360342277,0.9631666676800421,144
ticker:HYG,10,0.6423020692646195,0.6277792708925489,-0.1672489575961695,144,0.9027777777777778,0.6826894921370859,0.9861111111111112,0.950004209703559,,,15,0.4719320506138151,0.7720533517320705,144
ticker:IBM,10,1.6924585709217914,0.9861832830424833,-0.13219248056670782,144,0.6388888888888888,0.6826894921370859,0.8263888888888888,0.950004209703559,,,15,1.0707010906120706,2.2654489430089026,144
ticker:IGV,10,1.1233623709568374,1.202637098440724,-0.08040608808503487,140,0.6071428571428571,0.6826894921370859,0.9357142857142857,0.950004209703559,,,14,0.8093609642852808,1.2906841674711609,140
ticker:INTC,10,1.2447539909029555,0.8988608285754038,0.558961218020044,144,0.6388888888888888,0.6826894921370859,0.8194444444444444,0.950004209703559,,,15,0.8213172302401871,1.4321650705074314,144
ticker:IREN,10,0.8911207842489014,0.8685341875037471,0.0936646084257063,144,0.7222222222222222,0.6826894921370859,0.9791666666666666,0.950004209703559,,,15,0.6596642089919456,1.0284123627477335,144
ticker:ISRG,10,0.6948591545979914,0.652878387918051,-0.35063686952712364,144,0.8055555555555556,0.6826894921370859,0.9930555555555556,0.950004209703559,,,15,0.5231948405464624,0.7685706715370798,144
ticker:IWM,10,0.7328464291999603,0.7172859201606371,0.2538976532690828,144,0.7847222222222222,0.6826894921370859,0.9930555555555556,0.950004209703559,,,15,0.5457255697559735,0.8403472059096841,144
ticker:JNJ,10,0.9126309841119132,0.9778533397628101,0.4155719971091001,144,0.7152777777777778,0.6826894921370859,0.9444444444444444,0.950004209703559,,,15,0.6854774579166201,1.0869513481836715,144
ticker:JNK,10,0.6971572442720702,0.6002417702398013,-0.1815541817485086,130,0.9153846153846154,0.6826894921370859,0.9769230769230769,0.950004209703559,,,13,0.439155693014205,0.9224229340349556,130
ticker:JPM,10,0.8091365884168508,0.8054796296161172,0.11804457817268904,144,0.7916666666666666,0.6826894921370859,0.9930555555555556,0.950004209703559,,,15,0.6100396157005462,0.9437231146114422,144
ticker:KO,10,0.9178311839959253,0.9111162402595364,0.4448734374065203,144,0.7013888888888888,0.6826894921370859,0.9375,0.950004209703559,,,15,0.715024504100147,1.1089535933868548,144
ticker:LITE,10,0.7283495640339871,0.8561856620682416,0.29238783746677444,144,0.8333333333333334,0.6826894921370859,0.9930555555555556,0.950004209703559,,,15,0.5726620921977356,0.8364807751819663,144
ticker:LLY,10,0.75278251257135,0.8118058641001583,0.11455412353514631,144,0.7847222222222222,0.6826894921370859,1.0,0.950004209703559,,,15,0.5759075003802238,0.8917952067810644,144
ticker:LRCX,10,0.8912009280720389,0.8767921486323772,0.36359401625785653,144,0.7430555555555556,0.6826894921370859,0.9513888888888888,0.950004209703559,,,15,0.6731492962808734,0.9592591994645785,144
ticker:MAGS,10,0.9438681230413511,0.9168192126384145,0.010358005470289859,140,0.7071428571428572,0.6826894921370859,0.9571428571428572,0.950004209703559,,,14,0.7018439186475033,1.1358023255860796,140
ticker:MARA,10,0.7791338619613608,0.6796366762996371,0.12368772789070251,144,0.7777777777777778,0.6826894921370859,0.9861111111111112,0.950004209703559,,,15,0.5652082484433671,0.969275079187694,144
ticker:MCD,10,0.8288042099452183,0.8960556392468992,-0.16705449169554953,144,0.7291666666666666,0.6826894921370859,0.9930555555555556,0.950004209703559,,,15,0.6672550517237394,0.9761315377788219,144
ticker:META,10,1.195729797798694,1.0425547585533999,-0.05795017257517183,144,0.6111111111111112,0.6826894921370859,0.8888888888888888,0.950004209703559,,,15,0.913731399918017,1.4181159112286619,144
ticker:MRVL,10,1.0972605320707636,0.9637944439234508,0.4846535296471948,144,0.6388888888888888,0.6826894921370859,0.8888888888888888,0.950004209703559,,,15,0.7847389392060893,1.340658233812605,144
ticker:MS,10,0.7969574357035558,0.7823770546401608,0.16591403601432475,144,0.7847222222222222,0.6826894921370859,0.9930555555555556,0.950004209703559,,,15,0.6466382187954437,0.9329316863086458,144
ticker:MSFT,10,1.1994362833929322,1.0527789486545012,-0.09707689914971677,144,0.5972222222222222,0.6826894921370859,0.8888888888888888,0.950004209703559,,,15,0.8758204416917351,1.3846055688393597,144
ticker:MSTR,10,1.0929067285797367,1.0357617948963518,-0.19090824649023508,144,0.6805555555555556,0.6826894921370859,0.9166666666666666,0.950004209703559,,,15,0.8152095560250836,1.3607359872103215,144
ticker:MU,10,1.055531745908539,1.1236958656637364,0.5828789236922218,144,0.5902777777777778,0.6826894921370859,0.8819444444444444,0.950004209703559,,,15,0.8513732149405957,1.2221246171993987,144
ticker:NBIS,10,0.9592304905311253,1.006527539541867,0.37752992808773655,144,0.6805555555555556,0.6826894921370859,0.9513888888888888,0.950004209703559,,,15,0.7564352893147065,1.1575542712910865,144
ticker:NET,10,0.9175351983807661,0.9469793762152996,0.2485093579813648,144,0.7291666666666666,0.6826894921370859,0.9722222222222222,0.950004209703559,,,15,0.7261587539815596,1.057159858033155,144
ticker:NKE,10,0.8124193611701085,0.7999678117948056,-0.2729725990406042,144,0.75,0.6826894921370859,0.9861111111111112,0.950004209703559,,,15,0.6034519871573764,0.9406408818567951,144
ticker:NOK,10,0.9563216447629237,1.1451429030635634,0.3898462064803145,144,0.6111111111111112,0.6826894921370859,0.9583333333333334,0.950004209703559,,,15,0.73821184683526,1.1337350139980256,144
ticker:NOV,10,0.8373705049230785,0.7011454984070868,0.24596397585149854,130,0.7461538461538462,0.6826894921370859,0.9692307692307692,0.950004209703559,,,13,0.5346229536252473,0.9522842080183285,130
ticker:NVDA,10,0.7994002534147489,0.6913324384416686,0.1593633621643235,144,0.8263888888888888,0.6826894921370859,0.9583333333333334,0.950004209703559,,,15,0.5548399893690844,0.9809113484930301,144
ticker:OKLO,10,0.8537245049257592,0.5267003651546431,-0.14518619953669332,144,0.7708333333333334,0.6826894921370859,0.9722222222222222,0.950004209703559,,,15,0.4902201893325559,1.0793414985143055,144
ticker:ORCL,10,1.1821057886058752,1.057367605754261,-0.1503883304565128,144,0.5902777777777778,0.6826894921370859,0.8819444444444444,0.950004209703559,,,15,0.8672755518320449,1.4224424721778213,144
ticker:OXY,10,1.0044239613586654,1.0387257019179985,0.34864085632095576,144,0.5694444444444444,0.6826894921370859,0.9722222222222222,0.950004209703559,,,15,0.7599806296534829,1.1897769753519947,144
ticker:PANW,10,1.1799033034859432,1.2841126290857119,0.49050408474524626,144,0.5763888888888888,0.6826894921370859,0.8888888888888888,0.950004209703559,,,15,0.8602624265655553,1.4554439936151828,144
ticker:PFE,10,0.6903622824387671,0.7065568167145663,0.025960146757852583,144,0.9027777777777778,0.6826894921370859,0.9861111111111112,0.950004209703559,,,15,0.4865741649491655,0.8801690253194657,144
ticker:PL,10,0.9007827395221764,0.864112773739917,0.1668033699541788,144,0.7013888888888888,0.6826894921370859,0.9722222222222222,0.950004209703559,,,15,0.6372344826171505,1.0071618236919402,144
ticker:PLTR,10,0.9264680734154185,0.8329071186631938,-0.11284881056800068,144,0.6736111111111112,0.6826894921370859,0.9791666666666666,0.950004209703559,,,15,0.7133603529468487,1.040582685568044,144
ticker:QCOM,10,1.2385454934872564,0.8414404546188329,-0.04965379731566958,144,0.6875,0.6826894921370859,0.8819444444444444,0.950004209703559,,,15,0.6979056252242558,1.5845917209699676,144
ticker:QQQ,10,0.9059169000749626,0.8520307915695232,0.1987321907812044,144,0.7361111111111112,0.6826894921370859,0.9444444444444444,0.950004209703559,,,15,0.6532989315084415,1.0910803712119137,144
ticker:RIOT,10,0.9784379949649746,0.951209566779899,0.2524510542068658,144,0.7152777777777778,0.6826894921370859,0.9375,0.950004209703559,,,15,0.7304105802200213,1.140539360189215,144
ticker:RKLB,10,1.0364156275016756,0.8199073592424315,0.0665544477893967,144,0.6527777777777778,0.6826894921370859,0.9305555555555556,0.950004209703559,,,15,0.6790593696382591,1.2568169861099372,144
ticker:SBUX,10,0.8337855356241864,0.5860904404487869,0.2233784765715721,144,0.7777777777777778,0.6826894921370859,0.9791666666666666,0.950004209703559,,,15,0.5550557420218462,1.0157641657661178,144
ticker:SLV,10,1.0091884075887487,1.0495097671759035,-0.09692181517259463,144,0.6736111111111112,0.6826894921370859,0.9513888888888888,0.950004209703559,,,15,0.7545585928519166,1.1588531510668914,144
ticker:SMH,10,0.8430481693165468,0.9620727826850353,0.4098494316772313,144,0.7013888888888888,0.6826894921370859,0.9583333333333334,0.950004209703559,,,15,0.6373144566087571,0.9792895312541386,144
ticker:SNDK,10,1.0177609787340072,1.021844367557427,0.6250690137418033,144,0.6041666666666666,0.6826894921370859,0.9375,0.950004209703559,,,15,0.7195965936249598,1.1297080971761058,144
ticker:SNOW,10,1.0796432379298768,1.0055164107151884,0.05807584489297277,144,0.6736111111111112,0.6826894921370859,0.9375,0.950004209703559,,,15,0.7558368425480249,1.3208958182718809,144
ticker:SNPS,10,0.9341751624602086,0.8366798613815092,-0.11811077122063462,144,0.7291666666666666,0.6826894921370859,0.9583333333333334,0.950004209703559,,,15,0.5985726178650225,1.1564831120628942,144
ticker:SOFI,10,0.7747106663373482,0.7952851966255553,-0.14731147362007194,144,0.7708333333333334,0.6826894921370859,0.9930555555555556,0.950004209703559,,,15,0.5666121837661148,0.9397309146328224,144
ticker:SOXL,10,1.0090357723632346,1.0898628208621495,0.48226509942972345,144,0.6388888888888888,0.6826894921370859,0.9097222222222222,0.950004209703559,,,15,0.767458110456015,1.180177204509493,144
ticker:SOXX,10,0.9852194284160571,1.0747030838858929,0.5172182470314437,144,0.6458333333333334,0.6826894921370859,0.9027777777777778,0.950004209703559,,,15,0.7471937736281444,1.1556914831666667,144
ticker:SPY,10,0.7761434982200077,0.846827108655256,0.18521285220528785,144,0.7847222222222222,0.6826894921370859,0.9930555555555556,0.950004209703559,,,15,0.5836143852194475,0.9201502988816179,144
ticker:TER,10,0.8373677502051383,0.8371343457604528,0.3654414699900972,144,0.7152777777777778,0.6826894921370859,0.9930555555555556,0.950004209703559,,,15,0.6511103516220819,0.983156078843311,144
ticker:TGT,10,0.7216180984481393,0.8890810843498844,0.406158208517975,144,0.7291666666666666,0.6826894921370859,0.9930555555555556,0.950004209703559,,,15,0.5767775434959025,0.7827868647776128,144
ticker:TLT,10,0.84922409155253,0.7870942026266284,-0.2021962452872091,144,0.75,0.6826894921370859,0.9791666666666666,0.950004209703559,,,15,0.641797667689633,1.026307560203018,144
ticker:TSEM,10,0.8712428970500312,0.8105058853201329,0.35921538417100873,140,0.7642857142857142,0.6826894921370859,0.9428571428571428,0.950004209703559,,,14,0.6463579106510784,1.1034978993991613,140
ticker:TSLA,10,0.8516336549655198,0.6185805420033003,-0.20202982215488202,144,0.7847222222222222,0.6826894921370859,0.9444444444444444,0.950004209703559,,,15,0.5743570602829052,1.0981451864075824,144
ticker:TSM,10,0.6790908693362544,0.6935049808346749,0.2808066988582911,144,0.8055555555555556,0.6826894921370859,1.0,0.950004209703559,,,15,0.5434138839542267,0.7536647141497611,144
ticker:TXN,10,1.0213359132688957,1.0895173860107856,0.4028057418767491,144,0.6180555555555556,0.6826894921370859,0.9444444444444444,0.950004209703559,,,15,0.7617047552637538,1.2323900131004994,144
ticker:UNH,10,1.0287081481038352,1.0127310483239986,0.2521759243213787,144,0.6527777777777778,0.6826894921370859,0.9583333333333334,0.950004209703559,,,15,0.731027953031908,1.309121497305048,144
ticker:WDC,10,0.8316447042214332,0.924628149833672,0.5178475373672914,144,0.6527777777777778,0.6826894921370859,0.9791666666666666,0.950004209703559,,,15,0.6476220802464897,0.9496567563522059,144
ticker:WFC,10,0.9327661344252693,1.1019008040151612,-0.06504119415037247,144,0.6805555555555556,0.6826894921370859,0.9791666666666666,0.950004209703559,,,15,0.7463750383310253,1.0455866831242113,144
ticker:WMT,10,0.9191566651951851,0.6921733921706112,0.10745445958847163,144,0.7430555555555556,0.6826894921370859,0.9444444444444444,0.950004209703559,,,15,0.6064383898295665,1.1323117718917712,144
ticker:XLB,10,0.8402482593778902,0.8436197093819423,0.16840926483496518,140,0.7285714285714285,0.6826894921370859,0.9785714285714285,0.950004209703559,,,14,0.6172379163009014,1.0159669451566102,140
ticker:XLC,10,0.8445222023265357,0.9812360399990859,-0.13647291702224384,140,0.6785714285714286,0.6826894921370859,1.0,0.950004209703559,,,14,0.6854587256828502,0.9604866154309676,140
ticker:XLE,10,0.9494977866158079,1.0929438582831077,0.4277835343463081,144,0.5763888888888888,0.6826894921370859,0.9861111111111112,0.950004209703559,,,15,0.7363805695099733,1.0914407251943454,144
ticker:XLF,10,0.8011293580114242,0.7422842700643428,0.07113478077483881,144,0.7430555555555556,0.6826894921370859,0.9930555555555556,0.950004209703559,,,15,0.6121051667772504,0.9097658548371413,144
ticker:XLI,10,0.7646634358183649,0.6636478391242945,0.2470898749694285,140,0.7928571428571428,0.6826894921370859,0.9857142857142858,0.950004209703559,,,14,0.5301356121739008,0.9410734540576811,140
ticker:XLK,10,0.9505491893826629,0.8037468744299928,0.2910621140912605,140,0.7214285714285714,0.6826894921370859,0.9142857142857143,0.950004209703559,,,14,0.6660108778288905,1.1089135938968577,140
ticker:XLP,10,1.025442691269292,0.7234830390292851,0.2836399373787379,140,0.7142857142857143,0.6826894921370859,0.9142857142857143,0.950004209703559,,,14,0.6732084076590192,1.2122834832880387,140
ticker:XLRE,10,0.9381189653166808,0.9355658198424015,0.2963579954308449,126,0.6825396825396826,0.6826894921370859,0.9603174603174603,0.950004209703559,,,13,0.6729176161887304,1.1637929117253345,126
ticker:XLU,10,0.8516232856466283,0.7454826603329716,0.10066485014737266,140,0.8,0.6826894921370859,0.9428571428571428,0.950004209703559,,,14,0.5766692841815824,1.0321815994861356,140
ticker:XLV,10,0.8882445551628972,0.7764261223156347,0.14529097964271645,140,0.7642857142857142,0.6826894921370859,0.9571428571428572,0.950004209703559,,,14,0.6266444944460243,1.1848513464299784,140
ticker:XLY,10,0.7367456353112475,0.6552262266320152,-0.08888945285373807,140,0.8142857142857143,0.6826894921370859,0.9857142857142858,0.950004209703559,,,14,0.489101988219176,0.878444836336173,140
ticker:XOM,10,1.0550711357499793,1.163657166197838,0.39775307738145166,144,0.5833333333333334,0.6826894921370859,0.9166666666666666,0.950004209703559,,,15,0.8019927830320068,1.2319177978593077,144
