start,year,month,equity,drawdown_pct
2015-08-01,2015,9,135817.9667949857,-0.050224008426673454
2015-08-01,2015,10,142480.18601936146,-0.003635062801668142
2015-08-01,2015,11,148744.78637346,0.0
2015-08-01,2015,12,161420.72633764744,0.0
2015-08-01,2016,1,157612.39623200224,-0.02663167906045597
2015-08-01,2016,2,167560.11809327407,0.0
2015-08-01,2016,3,171820.78211990732,0.0
2015-08-01,2016,4,171820.78211990732,0.0
2015-08-01,2016,5,184593.01851332118,0.0
2015-08-01,2016,6,211183.94042579163,0.0
2015-08-01,2016,7,228735.23016640244,0.0
2015-08-01,2016,8,235298.18679882705,0.0
2015-08-01,2016,9,258994.60284370085,0.0
2015-08-01,2016,10,273122.7760849348,0.0
2015-08-01,2016,11,279192.392927508,0.0
2015-08-01,2016,12,295943.30051158695,0.0
2015-08-01,2017,1,301775.68419513694,0.0
2015-08-01,2017,2,308779.1033173095,0.0
2015-08-01,2017,3,329598.8080850424,0.0
2015-08-01,2017,4,337540.49845129764,0.0
2015-08-01,2017,5,354104.80516594136,0.0
2015-08-01,2017,6,354104.80516594136,0.0
2015-08-01,2017,7,354104.80516594136,0.0
2015-08-01,2017,8,359522.13391471986,0.0
2015-08-01,2017,9,366769.31440029264,0.0
2015-08-01,2017,10,366769.31440029264,0.0
2015-08-01,2017,11,372642.2897839931,0.0
2015-08-01,2017,12,395303.8758717878,0.0
2015-08-01,2018,1,400611.05193311267,0.0
2015-08-01,2018,2,400611.05193311267,0.0
2015-08-01,2018,3,380971.43902726576,-0.1373399503905378
2015-08-01,2018,4,380971.43902726576,-0.1373399503905378
2015-08-01,2018,5,386501.6749173866,-0.09866697213794447
2015-08-01,2018,6,386501.6749173866,-0.09866697213794447
2015-08-01,2018,7,390712.0515474403,-0.06922377892078586
2015-08-01,2018,8,403556.52107888466,0.0
2015-08-01,2018,9,417256.38539629156,0.0
2015-08-01,2018,10,373670.0939595387,-0.30479924081645376
2015-08-01,2018,11,343619.2085854144,-0.5149452923837564
2015-08-01,2018,12,349648.4764581173,-0.47278257998723255
2015-08-01,2019,1,349648.4764581173,-0.47278257998723255
2015-08-01,2019,2,356259.46769828367,-0.4265518720140412
2015-08-01,2019,3,368769.10792891413,-0.33907187040124076
2015-08-01,2019,4,389418.14275969344,-0.1946730254307561
2015-08-01,2019,5,396308.0553602551,-0.14649181843382125
2015-08-01,2019,6,412762.94821541617,-0.03142263762849925
2015-08-01,2019,7,418892.3851624231,0.0
2015-08-01,2019,8,402411.43506962503,-0.11525139925033595
2015-08-01,2019,9,418174.38167903456,-0.005021003380339264
2015-08-01,2019,10,418174.38167903456,-0.005021003380339264
2015-08-01,2019,11,435516.453050045,0.0
2015-08-01,2019,12,447074.3999412997,0.0
2015-08-01,2020,1,467272.372596982,0.0
2015-08-01,2020,2,457342.5165720658,-0.06943955262179138
2015-08-01,2020,3,416142.7805875423,-0.3575495944716064
2015-08-01,2020,4,395216.82926698023,-0.5038849183916208
2015-08-01,2020,5,395216.82926698023,-0.5038849183916208
2015-08-01,2020,6,403632.06262671895,-0.4450371326591821
2015-08-01,2020,7,423025.0252509429,-0.3094220094128607
2015-08-01,2020,8,443823.1993944486,-0.1639802321855482
2015-08-01,2020,9,466515.02009950334,-0.005296171311039552
2015-08-01,2020,10,482531.52624084725,0.0
2015-08-01,2020,11,493958.96543268656,0.0
2015-08-01,2020,12,514306.85564525216,0.0
2015-08-01,2021,1,521496.71894627437,0.0
2015-08-01,2021,2,541620.5063495943,0.0
2015-08-01,2021,3,559374.1000607191,0.0
2015-08-01,2021,4,564845.9204510339,0.0
2015-08-01,2021,5,564845.9204510339,0.0
2015-08-01,2021,6,576335.7411959526,0.0
2015-08-01,2021,7,582980.3602458754,0.0
2015-08-01,2021,8,582980.3602458754,0.0
2015-08-01,2021,9,582980.3602458754,0.0
2015-08-01,2021,10,595189.4340834261,0.0
2015-08-01,2021,11,601919.3894698442,0.0
2015-08-01,2021,12,611254.2767350015,0.0
2015-08-01,2022,1,620317.5236709818,0.0
2015-08-01,2022,2,620317.5236709818,0.0
2015-08-01,2022,3,631206.948278513,0.0
2015-08-01,2022,4,635417.5892401995,0.0
2015-08-01,2022,5,635417.5892401995,0.0
2015-08-01,2022,6,630377.3272982934,-0.035246587006336934
2015-08-01,2022,7,630377.3272982934,-0.035246587006336934
2015-08-01,2022,8,630377.3272982934,-0.035246587006336934
2015-08-01,2022,9,630377.3272982934,-0.035246587006336934
2015-08-01,2022,10,617926.5626832847,-0.12231487102737615
2015-08-01,2022,11,631653.5935224006,-0.026321648376216377
2015-08-01,2022,12,631653.5935224006,-0.026321648376216377
2015-08-01,2023,1,637637.3287142488,0.0
2015-08-01,2023,2,642693.0701187742,0.0
2015-08-01,2023,3,654997.8368827116,0.0
2015-08-01,2023,4,670293.1349874502,0.0
2015-08-01,2023,5,692283.843742492,0.0
2015-08-01,2023,6,710644.776893021,0.0
2015-08-01,2023,7,719281.959250136,0.0
2015-08-01,2023,8,730876.6613581844,0.0
2015-08-01,2023,9,749656.4767212841,0.0
2015-08-01,2023,10,754101.2317432327,0.0
2015-08-01,2023,11,776740.9515140645,0.0
2015-08-01,2023,12,787419.0060104734,0.0
2015-08-01,2024,1,789126.8010036506,0.0
2015-08-01,2024,2,794351.4291749215,0.0
2015-08-01,2024,3,796280.4166361815,0.0
2015-08-01,2024,4,796280.4166361815,0.0
2015-08-01,2024,5,808799.4122512705,0.0
2015-08-01,2024,6,813809.5659623881,0.0
2015-08-01,2024,7,823972.0306952033,0.0
2015-08-01,2024,8,839992.7043725938,0.0
2015-08-01,2024,9,845894.3051453743,0.0
2015-08-01,2024,10,849506.0731715717,0.0
2015-08-01,2024,11,859594.5738016836,0.0
2015-08-01,2024,12,873096.4755799026,0.0
2015-08-01,2025,1,883383.1995253733,0.0
2015-08-01,2025,2,883383.1995253733,0.0
2015-08-01,2025,3,883383.1995253733,0.0
2015-08-01,2025,4,842504.9075708208,-0.2858621815003673
2015-08-01,2025,5,849962.4905803634,-0.2337112513637053
2015-08-01,2025,6,849962.4905803634,-0.2337112513637053
2015-08-01,2025,7,856102.9555587887,-0.19077093682926266
2015-08-01,2025,8,880859.036030212,-0.01765149297315621
2015-08-01,2025,9,895956.2103850226,0.0
2015-08-01,2025,10,907875.5780645316,0.0
2015-08-01,2025,11,930818.5974837141,0.0
2015-08-01,2025,12,938829.7396946192,0.0
2015-08-01,2026,1,942920.6669171937,0.0
2015-08-01,2026,2,949077.4349699825,0.0
2015-08-01,2026,3,944012.7585215215,-0.03541731782140572
2015-08-01,2026,4,962598.6391947502,0.0
2015-08-01,2026,5,978789.7381872209,0.0
2018-09-20,2018,11,112949.11462587575,-0.21014605156730246
2018-09-20,2018,12,118978.38249857868,-0.16798333917077848
2018-09-20,2019,1,118978.38249857868,-0.16798333917077848
2018-09-20,2019,2,125589.37373874505,-0.12175263119758704
2018-09-20,2019,3,138099.01396937555,-0.03427262958478638
2018-09-20,2019,4,158748.04880015485,0.0
2018-09-20,2019,5,165637.96140071657,0.0
2018-09-20,2019,6,182092.85425587758,0.0
2018-09-20,2019,7,188222.29120288452,0.0
2018-09-20,2019,8,171741.3411100865,-0.11525139925033574
2018-09-20,2019,9,187504.287719496,-0.005021003380339264
2018-09-20,2019,10,187504.287719496,-0.005021003380339264
2018-09-20,2019,11,204846.35909050645,0.0
2018-09-20,2019,12,216404.30598176114,0.0
2018-09-20,2020,1,236602.2786374434,0.0
2018-09-20,2020,2,226672.42261252727,-0.06943955262179118
2018-09-20,2020,3,185472.68662800372,-0.35754959447160617
2018-09-20,2020,4,164546.7353074417,-0.5038849183916203
2018-09-20,2020,5,164546.7353074417,-0.5038849183916203
2018-09-20,2020,6,172961.96866718042,-0.4450371326591817
2018-09-20,2020,7,192354.93129140435,-0.3094220094128605
2018-09-20,2020,8,213153.10543491002,-0.1639802321855482
2018-09-20,2020,9,235844.92613996475,-0.005296171311039552
2018-09-20,2020,10,251861.43228130866,0.0
2018-09-20,2020,11,263288.871473148,0.0
2018-09-20,2020,12,283636.76168571366,0.0
2018-09-20,2021,1,290826.6249867359,0.0
2018-09-20,2021,2,310950.41239005583,0.0
2018-09-20,2021,3,328704.00610118057,0.0
2018-09-20,2021,4,334175.8264914954,0.0
2018-09-20,2021,5,334175.8264914954,0.0
2018-09-20,2021,6,345665.64723641425,0.0
2018-09-20,2021,7,352310.26628633705,0.0
2018-09-20,2021,8,352310.26628633705,0.0
2018-09-20,2021,9,352310.26628633705,0.0
2018-09-20,2021,10,364519.3401238877,0.0
2018-09-20,2021,11,371249.2955103057,0.0
2018-09-20,2021,12,380584.18277546304,0.0
2018-09-20,2022,1,389647.42971144326,0.0
2018-09-20,2022,2,389647.42971144326,0.0
2018-09-20,2022,3,400536.8543189746,0.0
2018-09-20,2022,4,404747.49528066115,0.0
2018-09-20,2022,5,404747.49528066115,0.0
2018-09-20,2022,6,399707.233338755,-0.035246587006336934
2018-09-20,2022,7,399707.233338755,-0.035246587006336934
2018-09-20,2022,8,399707.233338755,-0.035246587006336934
2018-09-20,2022,9,399707.233338755,-0.035246587006336934
2018-09-20,2022,10,387256.4687237463,-0.12231487102737655
2018-09-20,2022,11,400983.49956286215,-0.026321648376216783
2018-09-20,2022,12,400983.49956286215,-0.026321648376216783
2018-09-20,2023,1,406967.2347547104,0.0
2018-09-20,2023,2,412022.97615923575,0.0
2018-09-20,2023,3,424327.7429231731,0.0
2018-09-20,2023,4,439623.0410279117,0.0
2018-09-20,2023,5,461613.7497829535,0.0
2018-09-20,2023,6,479974.6829334824,0.0
2018-09-20,2023,7,488611.86529059743,0.0
2018-09-20,2023,8,500206.56739864574,0.0
2018-09-20,2023,9,518986.3827617454,0.0
2018-09-20,2023,10,523431.137783694,0.0
2018-09-20,2023,11,546070.8575545258,0.0
2018-09-20,2023,12,556748.9120509347,0.0
2018-09-20,2024,1,558456.707044112,0.0
2018-09-20,2024,2,563681.3352153829,0.0
2018-09-20,2024,3,565610.3226766429,0.0
2018-09-20,2024,4,565610.3226766429,0.0
2018-09-20,2024,5,578129.3182917319,0.0
2018-09-20,2024,6,583139.4720028494,0.0
2018-09-20,2024,7,593301.9367356647,0.0
2018-09-20,2024,8,609322.6104130552,0.0
2018-09-20,2024,9,615224.2111858357,0.0
2018-09-20,2024,10,618835.9792120331,0.0
2018-09-20,2024,11,628924.479842145,0.0
2018-09-20,2024,12,642426.381620364,0.0
2018-09-20,2025,1,652713.1055658347,0.0
2018-09-20,2025,2,652713.1055658347,0.0
2018-09-20,2025,3,652713.1055658347,0.0
2018-09-20,2025,4,611834.8136112822,-0.2858621815003673
2018-09-20,2025,5,619292.3966208248,-0.2337112513637053
2018-09-20,2025,6,619292.3966208248,-0.2337112513637053
2018-09-20,2025,7,625432.8615992501,-0.19077093682926266
2018-09-20,2025,8,650188.9420706733,-0.01765149297315621
2018-09-20,2025,9,665286.116425484,0.0
2018-09-20,2025,10,677205.4841049929,0.0
2018-09-20,2025,11,700148.5035241755,0.0
2018-09-20,2025,12,708159.6457350806,0.0
2018-09-20,2026,1,712250.5729576551,0.0
2018-09-20,2026,2,718407.3410104439,0.0
2018-09-20,2026,3,713342.6645619828,-0.03541731782140572
2018-09-20,2026,4,731928.5452352116,0.0
2018-09-20,2026,5,748119.6442276823,0.0
2020-02-19,2020,4,122074.04867943798,-0.1463353239200141
2020-02-19,2020,5,122074.04867943798,-0.1463353239200141
2020-02-19,2020,6,130489.2820391767,-0.08748753818757551
2020-02-19,2020,7,149882.24466340063,0.0
2020-02-19,2020,8,170680.4188069063,0.0
2020-02-19,2020,9,193372.23951196103,0.0
2020-02-19,2020,10,209388.74565330494,0.0
2020-02-19,2020,11,220816.18484514428,0.0
2020-02-19,2020,12,241164.0750577099,0.0
2020-02-19,2021,1,248353.93835873215,0.0
2020-02-19,2021,2,268477.7257620521,0.0
2020-02-19,2021,3,286231.31947317685,0.0
2020-02-19,2021,4,291703.1398634917,0.0
2020-02-19,2021,5,291703.1398634917,0.0
2020-02-19,2021,6,303192.96060841053,0.0
2020-02-19,2021,7,309837.5796583333,0.0
2020-02-19,2021,8,309837.5796583333,0.0
2020-02-19,2021,9,309837.5796583333,0.0
2020-02-19,2021,10,322046.653495884,0.0
2020-02-19,2021,11,328776.60888230195,0.0
2020-02-19,2021,12,338111.4961474593,0.0
2020-02-19,2022,1,347174.74308343953,0.0
2020-02-19,2022,2,347174.74308343953,0.0
2020-02-19,2022,3,358064.1676909709,0.0
2020-02-19,2022,4,362274.80865265743,0.0
2020-02-19,2022,5,362274.80865265743,0.0
2020-02-19,2022,6,357234.54671075125,-0.035246587006336934
2020-02-19,2022,7,357234.54671075125,-0.035246587006336934
2020-02-19,2022,8,357234.54671075125,-0.035246587006336934
2020-02-19,2022,9,357234.54671075125,-0.035246587006336934
2020-02-19,2022,10,344783.7820957426,-0.12231487102737655
2020-02-19,2022,11,358510.81293485843,-0.026321648376216783
2020-02-19,2022,12,358510.81293485843,-0.026321648376216783
2020-02-19,2023,1,364494.5481267067,0.0
2020-02-19,2023,2,369550.28953123203,0.0
2020-02-19,2023,3,381855.0562951694,0.0
2020-02-19,2023,4,397150.354399908,0.0
2020-02-19,2023,5,419141.0631549498,0.0
2020-02-19,2023,6,437501.9963054787,0.0
2020-02-19,2023,7,446139.1786625937,0.0
2020-02-19,2023,8,457733.880770642,0.0
2020-02-19,2023,9,476513.6961337417,0.0
2020-02-19,2023,10,480958.4511556903,0.0
2020-02-19,2023,11,503598.17092652206,0.0
2020-02-19,2023,12,514276.2254229309,0.0
2020-02-19,2024,1,515984.02041610813,0.0
2020-02-19,2024,2,521208.648587379,0.0
2020-02-19,2024,3,523137.6360486391,0.0
2020-02-19,2024,4,523137.6360486391,0.0
2020-02-19,2024,5,535656.631663728,0.0
2020-02-19,2024,6,540666.7853748456,0.0
2020-02-19,2024,7,550829.2501076609,0.0
2020-02-19,2024,8,566849.9237850513,0.0
2020-02-19,2024,9,572751.5245578318,0.0
2020-02-19,2024,10,576363.2925840293,0.0
2020-02-19,2024,11,586451.7932141412,0.0
2020-02-19,2024,12,599953.6949923602,0.0
2020-02-19,2025,1,610240.4189378308,0.0
2020-02-19,2025,2,610240.4189378308,0.0
2020-02-19,2025,3,610240.4189378308,0.0
2020-02-19,2025,4,569362.1269832783,-0.2858621815003673
2020-02-19,2025,5,576819.709992821,-0.2337112513637053
2020-02-19,2025,6,576819.709992821,-0.2337112513637053
2020-02-19,2025,7,582960.1749712463,-0.19077093682926266
2020-02-19,2025,8,607716.2554426695,-0.01765149297315621
2020-02-19,2025,9,622813.4297974801,0.0
2020-02-19,2025,10,634732.7974769891,0.0
2020-02-19,2025,11,657675.8168961717,0.0
2020-02-19,2025,12,665686.9591070767,0.0
2020-02-19,2026,1,669777.8863296512,0.0
2020-02-19,2026,2,675934.65438244,0.0
2020-02-19,2026,3,670869.977933979,-0.03541731782140572
2020-02-19,2026,4,689455.8586072078,0.0
2020-02-19,2026,5,705646.9575996784,0.0
2022-01-03,2022,3,153889.42460753134,0.0
2022-01-03,2022,4,158100.0655692179,0.0
2022-01-03,2022,5,158100.0655692179,0.0
2022-01-03,2022,6,153059.80362731172,-0.035246587006336934
2022-01-03,2022,7,153059.80362731172,-0.035246587006336934
2022-01-03,2022,8,153059.80362731172,-0.035246587006336934
2022-01-03,2022,9,153059.80362731172,-0.035246587006336934
2022-01-03,2022,10,140609.03901230308,-0.12231487102737634
2022-01-03,2022,11,154336.06985141896,-0.026321648376216377
2022-01-03,2022,12,154336.06985141896,-0.026321648376216377
2022-01-03,2023,1,160319.8050432672,0.0
2022-01-03,2023,2,165375.54644779253,0.0
2022-01-03,2023,3,177680.3132117299,0.0
2022-01-03,2023,4,192975.6113164685,0.0
2022-01-03,2023,5,214966.32007151036,0.0
2022-01-03,2023,6,233327.25322203926,0.0
2022-01-03,2023,7,241964.43557915432,0.0
2022-01-03,2023,8,253559.13768720263,0.0
2022-01-03,2023,9,272338.95305030234,0.0
2022-01-03,2023,10,276783.70807225094,0.0
2022-01-03,2023,11,299423.4278430827,0.0
2022-01-03,2023,12,310101.4823394916,0.0
2022-01-03,2024,1,311809.27733266883,0.0
2022-01-03,2024,2,317033.9055039397,0.0
2022-01-03,2024,3,318962.8929651998,0.0
2022-01-03,2024,4,318962.8929651998,0.0
2022-01-03,2024,5,331481.8885802887,0.0
2022-01-03,2024,6,336492.0422914063,0.0
2022-01-03,2024,7,346654.50702422165,0.0
2022-01-03,2024,8,362675.18070161203,0.0
2022-01-03,2024,9,368576.78147439257,0.0
2022-01-03,2024,10,372188.54950059,0.0
2022-01-03,2024,11,382277.0501307019,0.0
2022-01-03,2024,12,395778.95190892095,0.0
2022-01-03,2025,1,406065.67585439153,0.0
2022-01-03,2025,2,406065.67585439153,0.0
2022-01-03,2025,3,406065.67585439153,0.0
2022-01-03,2025,4,365187.383899839,-0.2858621815003673
2022-01-03,2025,5,372644.9669093816,-0.2337112513637057
2022-01-03,2025,6,372644.9669093816,-0.2337112513637057
2022-01-03,2025,7,378785.4318878069,-0.19077093682926305
2022-01-03,2025,8,403541.5123592301,-0.01765149297315702
2022-01-03,2025,9,418638.6867140407,0.0
2022-01-03,2025,10,430558.0543935496,0.0
2022-01-03,2025,11,453501.0738127321,0.0
2022-01-03,2025,12,461512.2160236372,0.0
2022-01-03,2026,1,465603.14324621175,0.0
2022-01-03,2026,2,471759.91129900055,0.0
2022-01-03,2026,3,466695.2348505395,-0.03541731782140613
2022-01-03,2026,4,485281.11552376824,0.0
2022-01-03,2026,5,501472.2145162389,0.0
