test,trial,value,param
entry_jitter,0,1.2946927610977286,jitter_seed=2026123081869
entry_jitter,1,1.3242366909724046,jitter_seed=2026123081870
entry_jitter,2,1.5340616212164184,jitter_seed=2026123081871
entry_jitter,3,1.468706443466238,jitter_seed=2026123081872
entry_jitter,4,1.4225601983372604,jitter_seed=2026123081873
entry_jitter,5,1.4597404987636031,jitter_seed=2026123081874
entry_jitter,6,1.4842020270295042,jitter_seed=2026123081875
entry_jitter,7,1.8968403739749546,jitter_seed=2026123081876
entry_jitter,8,1.3706818406787236,jitter_seed=2026123081877
entry_jitter,9,1.4941099416437962,jitter_seed=2026123081878
entry_jitter,10,1.1714481409930384,jitter_seed=2026123081879
entry_jitter,11,1.4926691154916234,jitter_seed=2026123081880
entry_jitter,12,1.3823509104225187,jitter_seed=2026123081881
entry_jitter,13,1.4656642566411981,jitter_seed=2026123081882
entry_jitter,14,1.3925118876419789,jitter_seed=2026123081883
entry_jitter,15,1.6292434621358063,jitter_seed=2026123081884
entry_jitter,16,1.3081015347206837,jitter_seed=2026123081885
entry_jitter,17,1.2205946022295213,jitter_seed=2026123081886
entry_jitter,18,1.3344053817087207,jitter_seed=2026123081887
entry_jitter,19,1.4894477751750426,jitter_seed=2026123081888
entry_jitter,20,1.5251357283535072,jitter_seed=2026123081889
entry_jitter,21,1.5323762035566748,jitter_seed=2026123081890
entry_jitter,22,1.400695221023802,jitter_seed=2026123081891
entry_jitter,23,1.43673493368821,jitter_seed=2026123081892
entry_jitter,24,1.4658221816532844,jitter_seed=2026123081893
entry_jitter,25,1.3544115733049849,jitter_seed=2026123081894
entry_jitter,26,1.413129974707427,jitter_seed=2026123081895
entry_jitter,27,1.467243838884136,jitter_seed=2026123081896
entry_jitter,28,1.4615422653825532,jitter_seed=2026123081897
entry_jitter,29,1.5228337429029686,jitter_seed=2026123081898
entry_jitter,30,1.2992596023219298,jitter_seed=2026123081899
entry_jitter,31,1.3542107283449631,jitter_seed=2026123081900
entry_jitter,32,1.22214941727987,jitter_seed=2026123081901
entry_jitter,33,1.3723450440471727,jitter_seed=2026123081902
entry_jitter,34,1.549392909119398,jitter_seed=2026123081903
entry_jitter,35,1.2684042373727946,jitter_seed=2026123081904
entry_jitter,36,1.5382453129257885,jitter_seed=2026123081905
entry_jitter,37,1.2059149250528813,jitter_seed=2026123081906
entry_jitter,38,1.1880414852824763,jitter_seed=2026123081907
entry_jitter,39,1.3684751383175786,jitter_seed=2026123081908
entry_jitter,40,1.1290419090267503,jitter_seed=2026123081909
entry_jitter,41,1.4006185806758618,jitter_seed=2026123081910
entry_jitter,42,1.590979488969322,jitter_seed=2026123081911
entry_jitter,43,1.1861384518478593,jitter_seed=2026123081912
entry_jitter,44,1.3520777650457814,jitter_seed=2026123081913
entry_jitter,45,1.2396459086406586,jitter_seed=2026123081914
entry_jitter,46,1.3551493422121317,jitter_seed=2026123081915
entry_jitter,47,1.386329505978204,jitter_seed=2026123081916
entry_jitter,48,1.2572132755128385,jitter_seed=2026123081917
entry_jitter,49,1.4002122806198953,jitter_seed=2026123081918
entry_jitter,50,1.3482199053476873,jitter_seed=2026123081919
entry_jitter,51,1.4567291049525066,jitter_seed=2026123081920
entry_jitter,52,1.3644985220684889,jitter_seed=2026123081921
entry_jitter,53,1.412950032143054,jitter_seed=2026123081922
entry_jitter,54,1.3366028893221615,jitter_seed=2026123081923
entry_jitter,55,1.224582971133259,jitter_seed=2026123081924
entry_jitter,56,1.4072196804876367,jitter_seed=2026123081925
entry_jitter,57,1.4189259565669061,jitter_seed=2026123081926
entry_jitter,58,1.3701900592856757,jitter_seed=2026123081927
entry_jitter,59,1.431509091171723,jitter_seed=2026123081928
entry_jitter,60,1.3011654130337158,jitter_seed=2026123081929
entry_jitter,61,1.2691414860644978,jitter_seed=2026123081930
entry_jitter,62,1.3432943482452573,jitter_seed=2026123081931
entry_jitter,63,1.281116821997638,jitter_seed=2026123081932
entry_jitter,64,1.2508263691730424,jitter_seed=2026123081933
entry_jitter,65,1.2937313511424087,jitter_seed=2026123081934
entry_jitter,66,1.4151923286500832,jitter_seed=2026123081935
entry_jitter,67,1.433034224112435,jitter_seed=2026123081936
entry_jitter,68,1.1293457492999197,jitter_seed=2026123081937
entry_jitter,69,1.6017762991214624,jitter_seed=2026123081938
entry_jitter,70,1.4060738826255919,jitter_seed=2026123081939
entry_jitter,71,1.3360224465638988,jitter_seed=2026123081940
entry_jitter,72,1.3164961756856124,jitter_seed=2026123081941
entry_jitter,73,1.3161763159476314,jitter_seed=2026123081942
entry_jitter,74,1.5042768910170932,jitter_seed=2026123081943
entry_jitter,75,1.2658483515996317,jitter_seed=2026123081944
entry_jitter,76,1.74086822799221,jitter_seed=2026123081945
entry_jitter,77,1.132212059881875,jitter_seed=2026123081946
entry_jitter,78,1.7513409589765188,jitter_seed=2026123081947
entry_jitter,79,1.3979463312403348,jitter_seed=2026123081948
entry_jitter,80,1.251988558770559,jitter_seed=2026123081949
entry_jitter,81,1.4825621520547136,jitter_seed=2026123081950
entry_jitter,82,1.4410662311520646,jitter_seed=2026123081951
entry_jitter,83,1.2633198973927369,jitter_seed=2026123081952
entry_jitter,84,1.304719962247184,jitter_seed=2026123081953
entry_jitter,85,1.3293587248727528,jitter_seed=2026123081954
entry_jitter,86,1.5969753837682104,jitter_seed=2026123081955
entry_jitter,87,1.5316710757292074,jitter_seed=2026123081956
entry_jitter,88,1.5547461987564934,jitter_seed=2026123081957
entry_jitter,89,1.1489559834922223,jitter_seed=2026123081958
entry_jitter,90,1.3635479417055605,jitter_seed=2026123081959
entry_jitter,91,1.2040643791001266,jitter_seed=2026123081960
entry_jitter,92,1.3528921315171825,jitter_seed=2026123081961
entry_jitter,93,1.5430247910201065,jitter_seed=2026123081962
entry_jitter,94,1.272626306545827,jitter_seed=2026123081963
entry_jitter,95,1.4815621796840814,jitter_seed=2026123081964
entry_jitter,96,1.5719677477531586,jitter_seed=2026123081965
entry_jitter,97,1.3694444391492595,jitter_seed=2026123081966
entry_jitter,98,1.3379539867342036,jitter_seed=2026123081967
entry_jitter,99,1.2981381413833077,jitter_seed=2026123081968
entry_jitter,100,1.606923853493059,jitter_seed=2026123081969
entry_jitter,101,1.2357512839422393,jitter_seed=2026123081970
entry_jitter,102,1.3276111755095796,jitter_seed=2026123081971
entry_jitter,103,1.364092650746938,jitter_seed=2026123081972
entry_jitter,104,1.6982570441035905,jitter_seed=2026123081973
entry_jitter,105,1.34344305114538,jitter_seed=2026123081974
entry_jitter,106,1.2021724562935705,jitter_seed=2026123081975
entry_jitter,107,1.5435409983645119,jitter_seed=2026123081976
entry_jitter,108,1.5274561516707184,jitter_seed=2026123081977
entry_jitter,109,1.369566197894599,jitter_seed=2026123081978
entry_jitter,110,1.2926479704907452,jitter_seed=2026123081979
entry_jitter,111,1.3110197231331824,jitter_seed=2026123081980
entry_jitter,112,1.4448286199346758,jitter_seed=2026123081981
entry_jitter,113,1.5291334611090306,jitter_seed=2026123081982
entry_jitter,114,1.4703520064015911,jitter_seed=2026123081983
entry_jitter,115,1.2954428716589512,jitter_seed=2026123081984
entry_jitter,116,1.5114712047140362,jitter_seed=2026123081985
entry_jitter,117,1.3927527106554474,jitter_seed=2026123081986
entry_jitter,118,1.5178156584902172,jitter_seed=2026123081987
entry_jitter,119,1.532801278856826,jitter_seed=2026123081988
entry_jitter,120,1.3443513230980306,jitter_seed=2026123081989
entry_jitter,121,1.313966529785787,jitter_seed=2026123081990
entry_jitter,122,1.404333386681592,jitter_seed=2026123081991
entry_jitter,123,1.400940133852832,jitter_seed=2026123081992
entry_jitter,124,1.4533044903084786,jitter_seed=2026123081993
entry_jitter,125,1.3284711757538643,jitter_seed=2026123081994
entry_jitter,126,1.4955257243269116,jitter_seed=2026123081995
entry_jitter,127,1.275373777177992,jitter_seed=2026123081996
entry_jitter,128,1.4012755860581507,jitter_seed=2026123081997
entry_jitter,129,1.427280165821135,jitter_seed=2026123081998
entry_jitter,130,1.2516337572462461,jitter_seed=2026123081999
entry_jitter,131,1.5415236622081492,jitter_seed=2026123082000
entry_jitter,132,1.4185633988562694,jitter_seed=2026123082001
entry_jitter,133,1.3116378509680404,jitter_seed=2026123082002
entry_jitter,134,1.2464700688174055,jitter_seed=2026123082003
entry_jitter,135,1.3460160420047673,jitter_seed=2026123082004
entry_jitter,136,1.3142407598626185,jitter_seed=2026123082005
entry_jitter,137,1.3689695098230454,jitter_seed=2026123082006
entry_jitter,138,1.1515810474404102,jitter_seed=2026123082007
entry_jitter,139,1.4641845558600564,jitter_seed=2026123082008
entry_jitter,140,1.2389706206965274,jitter_seed=2026123082009
entry_jitter,141,1.1947943373311658,jitter_seed=2026123082010
entry_jitter,142,1.3586551372792075,jitter_seed=2026123082011
entry_jitter,143,1.3391634978179638,jitter_seed=2026123082012
entry_jitter,144,1.3018681743277403,jitter_seed=2026123082013
entry_jitter,145,1.5385147547678848,jitter_seed=2026123082014
entry_jitter,146,1.3037574610957947,jitter_seed=2026123082015
entry_jitter,147,1.5333403409581623,jitter_seed=2026123082016
entry_jitter,148,1.2794193802742888,jitter_seed=2026123082017
entry_jitter,149,1.5339761899424977,jitter_seed=2026123082018
entry_jitter,150,1.3095825695380154,jitter_seed=2026123082019
entry_jitter,151,1.431397546916314,jitter_seed=2026123082020
entry_jitter,152,1.2766738899464432,jitter_seed=2026123082021
entry_jitter,153,1.1626797424574837,jitter_seed=2026123082022
entry_jitter,154,1.4716128448089223,jitter_seed=2026123082023
entry_jitter,155,1.779989243191393,jitter_seed=2026123082024
entry_jitter,156,1.2947631253427123,jitter_seed=2026123082025
entry_jitter,157,1.4531309930682845,jitter_seed=2026123082026
entry_jitter,158,1.2954998591905713,jitter_seed=2026123082027
entry_jitter,159,1.2319716281943887,jitter_seed=2026123082028
entry_jitter,160,1.2864170839249478,jitter_seed=2026123082029
entry_jitter,161,1.2881062861914905,jitter_seed=2026123082030
entry_jitter,162,1.2110825487984382,jitter_seed=2026123082031
entry_jitter,163,1.2911825533425316,jitter_seed=2026123082032
entry_jitter,164,1.3000702337838654,jitter_seed=2026123082033
entry_jitter,165,1.2632307451709641,jitter_seed=2026123082034
entry_jitter,166,1.2255886400768097,jitter_seed=2026123082035
entry_jitter,167,1.4718845416886583,jitter_seed=2026123082036
entry_jitter,168,1.469889277891275,jitter_seed=2026123082037
entry_jitter,169,1.4144205488693564,jitter_seed=2026123082038
entry_jitter,170,1.4810316155244785,jitter_seed=2026123082039
entry_jitter,171,1.2832468363452625,jitter_seed=2026123082040
entry_jitter,172,1.2986799468156753,jitter_seed=2026123082041
entry_jitter,173,1.8098932507958936,jitter_seed=2026123082042
entry_jitter,174,1.3704488824294985,jitter_seed=2026123082043
entry_jitter,175,1.2493778322564075,jitter_seed=2026123082044
entry_jitter,176,1.3728758105623051,jitter_seed=2026123082045
entry_jitter,177,1.5415291146363506,jitter_seed=2026123082046
entry_jitter,178,1.544046879365424,jitter_seed=2026123082047
entry_jitter,179,1.4046010446670818,jitter_seed=2026123082048
entry_jitter,180,1.4180423077739688,jitter_seed=2026123082049
entry_jitter,181,1.3115931365682023,jitter_seed=2026123082050
entry_jitter,182,1.3478273641587821,jitter_seed=2026123082051
entry_jitter,183,1.3574284073321208,jitter_seed=2026123082052
entry_jitter,184,1.22425991510358,jitter_seed=2026123082053
entry_jitter,185,1.3287654972657288,jitter_seed=2026123082054
entry_jitter,186,1.392718336636662,jitter_seed=2026123082055
entry_jitter,187,1.558680767146325,jitter_seed=2026123082056
entry_jitter,188,1.4190410573858383,jitter_seed=2026123082057
entry_jitter,189,1.3112564377689773,jitter_seed=2026123082058
entry_jitter,190,1.313485130620592,jitter_seed=2026123082059
entry_jitter,191,1.3706333298682178,jitter_seed=2026123082060
entry_jitter,192,1.3114867938941712,jitter_seed=2026123082061
entry_jitter,193,1.340220719861854,jitter_seed=2026123082062
entry_jitter,194,1.3555096163336184,jitter_seed=2026123082063
entry_jitter,195,1.6568381579633753,jitter_seed=2026123082064
entry_jitter,196,1.1725808023851703,jitter_seed=2026123082065
entry_jitter,197,1.416730986076173,jitter_seed=2026123082066
entry_jitter,198,1.3904554345078621,jitter_seed=2026123082067
entry_jitter,199,1.3950854281235403,jitter_seed=2026123082068
block_bootstrap,0,1.2234115045446616,mean_block=6.0
block_bootstrap,1,1.5522666139008545,mean_block=6.0
block_bootstrap,2,2.34075665867753,mean_block=6.0
block_bootstrap,3,1.804204172596557,mean_block=6.0
block_bootstrap,4,0.631287177903405,mean_block=6.0
block_bootstrap,5,2.0709865557529215,mean_block=6.0
block_bootstrap,6,1.922981974811416,mean_block=6.0
block_bootstrap,7,1.4213185729297608,mean_block=6.0
block_bootstrap,8,1.6205754962407553,mean_block=6.0
block_bootstrap,9,1.0514227861723766,mean_block=6.0
block_bootstrap,10,2.4049410177532047,mean_block=6.0
block_bootstrap,11,2.2899990832901533,mean_block=6.0
block_bootstrap,12,1.3771861825413891,mean_block=6.0
block_bootstrap,13,1.6715158306076194,mean_block=6.0
block_bootstrap,14,1.9413873391152026,mean_block=6.0
block_bootstrap,15,2.402727222384601,mean_block=6.0
block_bootstrap,16,0.9160796606998463,mean_block=6.0
block_bootstrap,17,1.8063100116717725,mean_block=6.0
block_bootstrap,18,1.1306286092622508,mean_block=6.0
block_bootstrap,19,1.56911487424176,mean_block=6.0
block_bootstrap,20,1.5811136958140994,mean_block=6.0
block_bootstrap,21,1.3637583036779397,mean_block=6.0
block_bootstrap,22,1.3486129941804563,mean_block=6.0
block_bootstrap,23,1.1244373271143544,mean_block=6.0
block_bootstrap,24,1.38970529401681,mean_block=6.0
block_bootstrap,25,1.5167608586679644,mean_block=6.0
block_bootstrap,26,2.5366050530995894,mean_block=6.0
block_bootstrap,27,1.5368172440309258,mean_block=6.0
block_bootstrap,28,2.4756969309414942,mean_block=6.0
block_bootstrap,29,1.2808705162135323,mean_block=6.0
block_bootstrap,30,1.6140218148687007,mean_block=6.0
block_bootstrap,31,1.4775878460377545,mean_block=6.0
block_bootstrap,32,2.900033811417953,mean_block=6.0
block_bootstrap,33,1.2854152978847435,mean_block=6.0
block_bootstrap,34,1.5364078356597133,mean_block=6.0
block_bootstrap,35,1.6992662445873428,mean_block=6.0
block_bootstrap,36,1.8030464639021195,mean_block=6.0
block_bootstrap,37,1.5494257510698293,mean_block=6.0
block_bootstrap,38,1.3019020798218117,mean_block=6.0
block_bootstrap,39,1.6198773689171342,mean_block=6.0
block_bootstrap,40,1.710482370863208,mean_block=6.0
block_bootstrap,41,1.3457493325045737,mean_block=6.0
block_bootstrap,42,2.1615168808457508,mean_block=6.0
block_bootstrap,43,2.187671534989478,mean_block=6.0
block_bootstrap,44,1.4900393422144964,mean_block=6.0
block_bootstrap,45,1.2488512746281202,mean_block=6.0
block_bootstrap,46,1.6837018779356767,mean_block=6.0
block_bootstrap,47,0.9993082777065149,mean_block=6.0
block_bootstrap,48,1.5337057328471835,mean_block=6.0
block_bootstrap,49,1.817962414792533,mean_block=6.0
block_bootstrap,50,1.64418097372727,mean_block=6.0
block_bootstrap,51,1.760509075685588,mean_block=6.0
block_bootstrap,52,1.1078397556069637,mean_block=6.0
block_bootstrap,53,2.0407811987203237,mean_block=6.0
block_bootstrap,54,1.4897439426761094,mean_block=6.0
block_bootstrap,55,1.5203383812208944,mean_block=6.0
block_bootstrap,56,1.4689993966303998,mean_block=6.0
block_bootstrap,57,2.164471548181711,mean_block=6.0
block_bootstrap,58,1.4866030590238788,mean_block=6.0
block_bootstrap,59,1.7398720460923118,mean_block=6.0
block_bootstrap,60,1.6880921724934144,mean_block=6.0
block_bootstrap,61,2.3764058660627883,mean_block=6.0
block_bootstrap,62,2.245436919597595,mean_block=6.0
block_bootstrap,63,1.4505910214694204,mean_block=6.0
block_bootstrap,64,1.4307200208694981,mean_block=6.0
block_bootstrap,65,1.5061795557154252,mean_block=6.0
block_bootstrap,66,1.644214069782873,mean_block=6.0
block_bootstrap,67,2.183473168172668,mean_block=6.0
block_bootstrap,68,1.8658391958540437,mean_block=6.0
block_bootstrap,69,2.002298553008011,mean_block=6.0
block_bootstrap,70,1.750382593042551,mean_block=6.0
block_bootstrap,71,1.8673628757469662,mean_block=6.0
block_bootstrap,72,2.433638079311985,mean_block=6.0
block_bootstrap,73,2.275714205500328,mean_block=6.0
block_bootstrap,74,1.7447490417852776,mean_block=6.0
block_bootstrap,75,1.6798847640609162,mean_block=6.0
block_bootstrap,76,1.523086831764119,mean_block=6.0
block_bootstrap,77,1.6462596205350228,mean_block=6.0
block_bootstrap,78,1.721704835513289,mean_block=6.0
block_bootstrap,79,1.6425232126175762,mean_block=6.0
block_bootstrap,80,1.2018098701403808,mean_block=6.0
block_bootstrap,81,3.032893837842333,mean_block=6.0
block_bootstrap,82,1.6228982636485223,mean_block=6.0
block_bootstrap,83,2.4369570794843973,mean_block=6.0
block_bootstrap,84,1.6055733316737884,mean_block=6.0
block_bootstrap,85,2.5187819508611393,mean_block=6.0
block_bootstrap,86,1.5068926061456616,mean_block=6.0
block_bootstrap,87,2.167020709660059,mean_block=6.0
block_bootstrap,88,1.7635063729690517,mean_block=6.0
block_bootstrap,89,1.5782105970336016,mean_block=6.0
block_bootstrap,90,2.0029966489040754,mean_block=6.0
block_bootstrap,91,2.0731949259849793,mean_block=6.0
block_bootstrap,92,1.5685231070660253,mean_block=6.0
block_bootstrap,93,1.5605173644649382,mean_block=6.0
block_bootstrap,94,2.486404010889063,mean_block=6.0
block_bootstrap,95,1.7208186255786166,mean_block=6.0
block_bootstrap,96,1.495656939829814,mean_block=6.0
block_bootstrap,97,2.5764717846861904,mean_block=6.0
block_bootstrap,98,1.056873007362509,mean_block=6.0
block_bootstrap,99,2.1464270077164085,mean_block=6.0
block_bootstrap,100,0.7786448678041041,mean_block=6.0
block_bootstrap,101,1.556461571935105,mean_block=6.0
block_bootstrap,102,1.5974081584382862,mean_block=6.0
block_bootstrap,103,2.2546305867322523,mean_block=6.0
block_bootstrap,104,2.1747964034011993,mean_block=6.0
block_bootstrap,105,1.4473948993468484,mean_block=6.0
block_bootstrap,106,1.8486291703806075,mean_block=6.0
block_bootstrap,107,1.444949697499754,mean_block=6.0
block_bootstrap,108,2.4914886046257827,mean_block=6.0
block_bootstrap,109,1.792576585784029,mean_block=6.0
block_bootstrap,110,1.9242780613002621,mean_block=6.0
block_bootstrap,111,1.5814462407920225,mean_block=6.0
block_bootstrap,112,1.7896877263994153,mean_block=6.0
block_bootstrap,113,1.3681896415412915,mean_block=6.0
block_bootstrap,114,1.4853411802209466,mean_block=6.0
block_bootstrap,115,1.7252434905382261,mean_block=6.0
block_bootstrap,116,2.033375176040538,mean_block=6.0
block_bootstrap,117,1.7057682996987047,mean_block=6.0
block_bootstrap,118,2.3298781523142007,mean_block=6.0
block_bootstrap,119,1.5929048241897774,mean_block=6.0
block_bootstrap,120,1.4534666172394433,mean_block=6.0
block_bootstrap,121,1.5407964904584959,mean_block=6.0
block_bootstrap,122,1.8182229254166729,mean_block=6.0
block_bootstrap,123,2.5770761956009998,mean_block=6.0
block_bootstrap,124,1.6468133751290008,mean_block=6.0
block_bootstrap,125,1.8568524004431877,mean_block=6.0
block_bootstrap,126,1.354707660432606,mean_block=6.0
block_bootstrap,127,1.2967207897703497,mean_block=6.0
block_bootstrap,128,1.8570152194838725,mean_block=6.0
block_bootstrap,129,1.749004882073411,mean_block=6.0
block_bootstrap,130,1.638896419663335,mean_block=6.0
block_bootstrap,131,1.3630149960205973,mean_block=6.0
block_bootstrap,132,1.8301175852635068,mean_block=6.0
block_bootstrap,133,1.2430641138268186,mean_block=6.0
block_bootstrap,134,1.872974148448242,mean_block=6.0
block_bootstrap,135,1.9357555148390007,mean_block=6.0
block_bootstrap,136,1.222904799415275,mean_block=6.0
block_bootstrap,137,1.7598337407936635,mean_block=6.0
block_bootstrap,138,2.168970830735395,mean_block=6.0
block_bootstrap,139,1.3304293900063417,mean_block=6.0
block_bootstrap,140,0.9567866504549727,mean_block=6.0
block_bootstrap,141,1.8993623162918485,mean_block=6.0
block_bootstrap,142,1.4485041088101225,mean_block=6.0
block_bootstrap,143,2.7905801593847515,mean_block=6.0
block_bootstrap,144,2.2934545740709127,mean_block=6.0
block_bootstrap,145,1.9455451061938025,mean_block=6.0
block_bootstrap,146,1.7345734197518934,mean_block=6.0
block_bootstrap,147,2.9422378079379685,mean_block=6.0
block_bootstrap,148,1.7873543442682267,mean_block=6.0
block_bootstrap,149,1.5807563279228292,mean_block=6.0
block_bootstrap,150,1.745596758914204,mean_block=6.0
block_bootstrap,151,1.3432360167723483,mean_block=6.0
block_bootstrap,152,1.5824838020562981,mean_block=6.0
block_bootstrap,153,1.5604998715329805,mean_block=6.0
block_bootstrap,154,0.9162719755155527,mean_block=6.0
block_bootstrap,155,1.4988461318397173,mean_block=6.0
block_bootstrap,156,1.5328104774987183,mean_block=6.0
block_bootstrap,157,1.4092400337085471,mean_block=6.0
block_bootstrap,158,1.7855534178003276,mean_block=6.0
block_bootstrap,159,1.8089622548126454,mean_block=6.0
block_bootstrap,160,1.2467183830889093,mean_block=6.0
block_bootstrap,161,2.5555571523305094,mean_block=6.0
block_bootstrap,162,2.0551707745658323,mean_block=6.0
block_bootstrap,163,1.9091092558220275,mean_block=6.0
block_bootstrap,164,2.6117119504297226,mean_block=6.0
block_bootstrap,165,1.6101631814221593,mean_block=6.0
block_bootstrap,166,1.0283046981431154,mean_block=6.0
block_bootstrap,167,2.047381642574334,mean_block=6.0
block_bootstrap,168,2.390513645463459,mean_block=6.0
block_bootstrap,169,1.7418841504766513,mean_block=6.0
block_bootstrap,170,1.3934363742145863,mean_block=6.0
block_bootstrap,171,1.6052265497116824,mean_block=6.0
block_bootstrap,172,1.630625864895887,mean_block=6.0
block_bootstrap,173,2.744770402548201,mean_block=6.0
block_bootstrap,174,2.2921977930381394,mean_block=6.0
block_bootstrap,175,1.61039884713566,mean_block=6.0
block_bootstrap,176,1.9705757825287291,mean_block=6.0
block_bootstrap,177,1.5788932158221254,mean_block=6.0
block_bootstrap,178,1.4898330097722703,mean_block=6.0
block_bootstrap,179,2.433158016123836,mean_block=6.0
block_bootstrap,180,1.0307362957642667,mean_block=6.0
block_bootstrap,181,0.826343546415782,mean_block=6.0
block_bootstrap,182,1.025777638375222,mean_block=6.0
block_bootstrap,183,1.7973444455945577,mean_block=6.0
block_bootstrap,184,1.540047026174842,mean_block=6.0
block_bootstrap,185,1.1091110601408867,mean_block=6.0
block_bootstrap,186,1.1284069488944415,mean_block=6.0
block_bootstrap,187,1.903386754981697,mean_block=6.0
block_bootstrap,188,2.146146684175645,mean_block=6.0
block_bootstrap,189,1.9582237870247554,mean_block=6.0
block_bootstrap,190,1.0829176946554901,mean_block=6.0
block_bootstrap,191,1.95580693108224,mean_block=6.0
block_bootstrap,192,1.2198503342518459,mean_block=6.0
block_bootstrap,193,1.4537077473151145,mean_block=6.0
block_bootstrap,194,1.4875762254686677,mean_block=6.0
block_bootstrap,195,1.6660665312463099,mean_block=6.0
block_bootstrap,196,1.4997138728759147,mean_block=6.0
block_bootstrap,197,1.3276098778260172,mean_block=6.0
block_bootstrap,198,1.812247773561176,mean_block=6.0
block_bootstrap,199,0.9970445670078902,mean_block=6.0
block_bootstrap,200,1.3556175521724378,mean_block=6.0
block_bootstrap,201,1.7363604560460146,mean_block=6.0
block_bootstrap,202,1.2382621520107666,mean_block=6.0
block_bootstrap,203,1.1078094459296821,mean_block=6.0
block_bootstrap,204,0.8715558498518586,mean_block=6.0
block_bootstrap,205,1.6101479733019217,mean_block=6.0
block_bootstrap,206,1.6444310239039603,mean_block=6.0
block_bootstrap,207,1.4564785766953325,mean_block=6.0
block_bootstrap,208,1.8625936115548782,mean_block=6.0
block_bootstrap,209,2.0707021057112645,mean_block=6.0
block_bootstrap,210,1.0301436536164632,mean_block=6.0
block_bootstrap,211,2.110269038987879,mean_block=6.0
block_bootstrap,212,1.9666234089669334,mean_block=6.0
block_bootstrap,213,1.9385158213026104,mean_block=6.0
block_bootstrap,214,1.421573595412229,mean_block=6.0
block_bootstrap,215,1.580670839825786,mean_block=6.0
block_bootstrap,216,2.316247075283449,mean_block=6.0
block_bootstrap,217,1.5790088507958098,mean_block=6.0
block_bootstrap,218,1.4434422701408562,mean_block=6.0
block_bootstrap,219,2.0333979315236235,mean_block=6.0
block_bootstrap,220,1.590181079373844,mean_block=6.0
block_bootstrap,221,1.8744710692439115,mean_block=6.0
block_bootstrap,222,1.151084299890151,mean_block=6.0
block_bootstrap,223,1.9319182003933753,mean_block=6.0
block_bootstrap,224,1.3942437030194046,mean_block=6.0
block_bootstrap,225,2.053835369104434,mean_block=6.0
block_bootstrap,226,1.9106167401437042,mean_block=6.0
block_bootstrap,227,2.3621740582737973,mean_block=6.0
block_bootstrap,228,1.6379182415278914,mean_block=6.0
block_bootstrap,229,1.814935001635813,mean_block=6.0
block_bootstrap,230,2.0713698590866727,mean_block=6.0
block_bootstrap,231,1.8787533196917725,mean_block=6.0
block_bootstrap,232,1.7519294522424265,mean_block=6.0
block_bootstrap,233,2.070238529712643,mean_block=6.0
block_bootstrap,234,1.7914428823986703,mean_block=6.0
block_bootstrap,235,2.3403967968873207,mean_block=6.0
block_bootstrap,236,1.3620193991856495,mean_block=6.0
block_bootstrap,237,1.3704826866621158,mean_block=6.0
block_bootstrap,238,1.104463836571138,mean_block=6.0
block_bootstrap,239,2.3268284795596985,mean_block=6.0
block_bootstrap,240,1.8814247336245498,mean_block=6.0
block_bootstrap,241,1.9479851913562385,mean_block=6.0
block_bootstrap,242,1.416457346313376,mean_block=6.0
block_bootstrap,243,1.402774568072879,mean_block=6.0
block_bootstrap,244,1.654860322586784,mean_block=6.0
block_bootstrap,245,0.9952191365301186,mean_block=6.0
block_bootstrap,246,1.0228406503876026,mean_block=6.0
block_bootstrap,247,1.8320725614737574,mean_block=6.0
block_bootstrap,248,2.206302345990849,mean_block=6.0
block_bootstrap,249,1.6989474357059313,mean_block=6.0
block_bootstrap,250,1.973718639978512,mean_block=6.0
block_bootstrap,251,2.2508491561190853,mean_block=6.0
block_bootstrap,252,2.1484712459873267,mean_block=6.0
block_bootstrap,253,2.3975389577896555,mean_block=6.0
block_bootstrap,254,1.2775494997754158,mean_block=6.0
block_bootstrap,255,0.8205216761907078,mean_block=6.0
block_bootstrap,256,1.3131151739754585,mean_block=6.0
block_bootstrap,257,1.4663652285988042,mean_block=6.0
block_bootstrap,258,1.5190822678665672,mean_block=6.0
block_bootstrap,259,2.3021704207147726,mean_block=6.0
block_bootstrap,260,1.4823434990181392,mean_block=6.0
block_bootstrap,261,2.6315200186978154,mean_block=6.0
block_bootstrap,262,0.9972567321280279,mean_block=6.0
block_bootstrap,263,2.138605300853182,mean_block=6.0
block_bootstrap,264,2.0782156239530867,mean_block=6.0
block_bootstrap,265,1.7258847890993014,mean_block=6.0
block_bootstrap,266,1.5082911484337949,mean_block=6.0
block_bootstrap,267,1.0832138535584914,mean_block=6.0
block_bootstrap,268,1.6812334230452837,mean_block=6.0
block_bootstrap,269,1.879236306188177,mean_block=6.0
block_bootstrap,270,1.4243197756626804,mean_block=6.0
block_bootstrap,271,1.4339701767322253,mean_block=6.0
block_bootstrap,272,1.5900813059862244,mean_block=6.0
block_bootstrap,273,2.1790032312355616,mean_block=6.0
block_bootstrap,274,1.6279685056586526,mean_block=6.0
block_bootstrap,275,1.7983496956344505,mean_block=6.0
block_bootstrap,276,1.2217898053681888,mean_block=6.0
block_bootstrap,277,1.9184588999154477,mean_block=6.0
block_bootstrap,278,1.3944884100755317,mean_block=6.0
block_bootstrap,279,2.221549551326312,mean_block=6.0
block_bootstrap,280,2.0878872908545802,mean_block=6.0
block_bootstrap,281,1.3654410788512907,mean_block=6.0
block_bootstrap,282,1.2425810107888369,mean_block=6.0
block_bootstrap,283,0.7456186967200397,mean_block=6.0
block_bootstrap,284,2.0651689300685394,mean_block=6.0
block_bootstrap,285,1.3969613173400612,mean_block=6.0
block_bootstrap,286,1.706701132638412,mean_block=6.0
block_bootstrap,287,1.759610924114722,mean_block=6.0
block_bootstrap,288,1.8702622975395635,mean_block=6.0
block_bootstrap,289,2.411224483934902,mean_block=6.0
block_bootstrap,290,1.4874591665559491,mean_block=6.0
block_bootstrap,291,1.305641775976509,mean_block=6.0
block_bootstrap,292,3.014618146966402,mean_block=6.0
block_bootstrap,293,1.084257978469258,mean_block=6.0
block_bootstrap,294,1.9090108692180692,mean_block=6.0
block_bootstrap,295,1.550592633548257,mean_block=6.0
block_bootstrap,296,1.3937716706100964,mean_block=6.0
block_bootstrap,297,1.241554496293146,mean_block=6.0
block_bootstrap,298,1.5007765069167487,mean_block=6.0
block_bootstrap,299,2.1047160528350375,mean_block=6.0
block_bootstrap,300,1.73943234136491,mean_block=6.0
block_bootstrap,301,1.3238299692360185,mean_block=6.0
block_bootstrap,302,2.434556080156391,mean_block=6.0
block_bootstrap,303,1.7278473683975817,mean_block=6.0
block_bootstrap,304,1.3166617804065661,mean_block=6.0
block_bootstrap,305,1.1571542746195287,mean_block=6.0
block_bootstrap,306,1.792730522706352,mean_block=6.0
block_bootstrap,307,2.137800156028156,mean_block=6.0
block_bootstrap,308,1.83488365811219,mean_block=6.0
block_bootstrap,309,1.561869907607382,mean_block=6.0
block_bootstrap,310,1.8274540478128003,mean_block=6.0
block_bootstrap,311,1.1995183604586734,mean_block=6.0
block_bootstrap,312,1.609470408833795,mean_block=6.0
block_bootstrap,313,2.5747180981243347,mean_block=6.0
block_bootstrap,314,3.0732602081564417,mean_block=6.0
block_bootstrap,315,1.5657070011207919,mean_block=6.0
block_bootstrap,316,1.1438559499053158,mean_block=6.0
block_bootstrap,317,1.3593355768547803,mean_block=6.0
block_bootstrap,318,1.5505793208010186,mean_block=6.0
block_bootstrap,319,2.5416935929621007,mean_block=6.0
block_bootstrap,320,1.4673580001544932,mean_block=6.0
block_bootstrap,321,1.2271010827216124,mean_block=6.0
block_bootstrap,322,1.6432870358894227,mean_block=6.0
block_bootstrap,323,1.4223373286522825,mean_block=6.0
block_bootstrap,324,2.0520223932553288,mean_block=6.0
block_bootstrap,325,1.609883724218561,mean_block=6.0
block_bootstrap,326,1.4432959851968947,mean_block=6.0
block_bootstrap,327,1.5169713877813327,mean_block=6.0
block_bootstrap,328,1.8011286597128149,mean_block=6.0
block_bootstrap,329,1.9683213432394582,mean_block=6.0
block_bootstrap,330,1.661209711778009,mean_block=6.0
block_bootstrap,331,1.8350423374693015,mean_block=6.0
block_bootstrap,332,2.3693776663007253,mean_block=6.0
block_bootstrap,333,2.899660132618141,mean_block=6.0
block_bootstrap,334,1.5079630913146886,mean_block=6.0
block_bootstrap,335,1.9287422432117511,mean_block=6.0
block_bootstrap,336,2.222909321814735,mean_block=6.0
block_bootstrap,337,1.3937296341273675,mean_block=6.0
block_bootstrap,338,2.0189404819257457,mean_block=6.0
block_bootstrap,339,2.165648975895096,mean_block=6.0
block_bootstrap,340,2.0949993806630443,mean_block=6.0
block_bootstrap,341,2.022852874002172,mean_block=6.0
block_bootstrap,342,1.5699545545432212,mean_block=6.0
block_bootstrap,343,1.7332169895400833,mean_block=6.0
block_bootstrap,344,1.7216336967887385,mean_block=6.0
block_bootstrap,345,1.3964907288879553,mean_block=6.0
block_bootstrap,346,1.5093947458874049,mean_block=6.0
block_bootstrap,347,1.694233296249872,mean_block=6.0
block_bootstrap,348,1.7722465306531727,mean_block=6.0
block_bootstrap,349,1.3857824844732989,mean_block=6.0
block_bootstrap,350,1.739668558632337,mean_block=6.0
block_bootstrap,351,2.1936357058581026,mean_block=6.0
block_bootstrap,352,1.7020836765277936,mean_block=6.0
block_bootstrap,353,1.8276195320300221,mean_block=6.0
block_bootstrap,354,1.3332954675177981,mean_block=6.0
block_bootstrap,355,1.9930745855777126,mean_block=6.0
block_bootstrap,356,1.3862543771147127,mean_block=6.0
block_bootstrap,357,1.6982351931919013,mean_block=6.0
block_bootstrap,358,1.7485717162535523,mean_block=6.0
block_bootstrap,359,1.2564505611127288,mean_block=6.0
block_bootstrap,360,1.1511622126762928,mean_block=6.0
block_bootstrap,361,1.7911805276070552,mean_block=6.0
block_bootstrap,362,2.6101090008811765,mean_block=6.0
block_bootstrap,363,2.0780010951219317,mean_block=6.0
block_bootstrap,364,1.7271754414391571,mean_block=6.0
block_bootstrap,365,1.5345040448733556,mean_block=6.0
block_bootstrap,366,1.5367413468488025,mean_block=6.0
block_bootstrap,367,2.0089548346075867,mean_block=6.0
block_bootstrap,368,1.6780609618219284,mean_block=6.0
block_bootstrap,369,2.5783915303757126,mean_block=6.0
block_bootstrap,370,2.030906593761691,mean_block=6.0
block_bootstrap,371,1.950075027462398,mean_block=6.0
block_bootstrap,372,1.0209576619620642,mean_block=6.0
block_bootstrap,373,1.0671156389311367,mean_block=6.0
block_bootstrap,374,2.242591152805916,mean_block=6.0
block_bootstrap,375,2.0070044155195985,mean_block=6.0
block_bootstrap,376,1.575295604600649,mean_block=6.0
block_bootstrap,377,2.3985820209916513,mean_block=6.0
block_bootstrap,378,1.8523793366402592,mean_block=6.0
block_bootstrap,379,1.6680450336171762,mean_block=6.0
block_bootstrap,380,1.799822709002281,mean_block=6.0
block_bootstrap,381,2.6203635820856497,mean_block=6.0
block_bootstrap,382,1.3508594991904022,mean_block=6.0
block_bootstrap,383,1.2122595290003269,mean_block=6.0
block_bootstrap,384,1.0934899380468162,mean_block=6.0
block_bootstrap,385,2.299482080537649,mean_block=6.0
block_bootstrap,386,2.6061486177751974,mean_block=6.0
block_bootstrap,387,1.998008003583646,mean_block=6.0
block_bootstrap,388,1.6686340824087436,mean_block=6.0
block_bootstrap,389,1.4504763450717382,mean_block=6.0
block_bootstrap,390,2.302693720107072,mean_block=6.0
block_bootstrap,391,2.02958651887006,mean_block=6.0
block_bootstrap,392,2.569247875896057,mean_block=6.0
block_bootstrap,393,1.0192211913275262,mean_block=6.0
block_bootstrap,394,2.4150832516345524,mean_block=6.0
block_bootstrap,395,1.7916592432731615,mean_block=6.0
block_bootstrap,396,2.4838893758837792,mean_block=6.0
block_bootstrap,397,2.1309305292044387,mean_block=6.0
block_bootstrap,398,2.1107846685038267,mean_block=6.0
block_bootstrap,399,2.4425840963886354,mean_block=6.0
block_bootstrap,400,1.722446943559332,mean_block=6.0
block_bootstrap,401,2.636912232141619,mean_block=6.0
block_bootstrap,402,2.005161233303635,mean_block=6.0
block_bootstrap,403,2.105078574600858,mean_block=6.0
block_bootstrap,404,1.2376911392633154,mean_block=6.0
block_bootstrap,405,2.6165791012264212,mean_block=6.0
block_bootstrap,406,2.128832758112966,mean_block=6.0
block_bootstrap,407,1.292659840595055,mean_block=6.0
block_bootstrap,408,1.0764325513150694,mean_block=6.0
block_bootstrap,409,1.2583884575172453,mean_block=6.0
block_bootstrap,410,1.193762957055414,mean_block=6.0
block_bootstrap,411,1.3490597573754166,mean_block=6.0
block_bootstrap,412,1.2369580761269499,mean_block=6.0
block_bootstrap,413,2.2485013363724504,mean_block=6.0
block_bootstrap,414,1.568130207365209,mean_block=6.0
block_bootstrap,415,1.649742119143737,mean_block=6.0
block_bootstrap,416,1.9886382257085988,mean_block=6.0
block_bootstrap,417,1.4504272359923929,mean_block=6.0
block_bootstrap,418,1.121976840001519,mean_block=6.0
block_bootstrap,419,1.69920179318952,mean_block=6.0
block_bootstrap,420,2.2857269569320575,mean_block=6.0
block_bootstrap,421,1.5385226452106924,mean_block=6.0
block_bootstrap,422,1.893796612859111,mean_block=6.0
block_bootstrap,423,2.0965973602522863,mean_block=6.0
block_bootstrap,424,1.2885148406199438,mean_block=6.0
block_bootstrap,425,1.5915943479305428,mean_block=6.0
block_bootstrap,426,1.2629116552822046,mean_block=6.0
block_bootstrap,427,1.1494008920181988,mean_block=6.0
block_bootstrap,428,2.402631421235395,mean_block=6.0
block_bootstrap,429,2.1096139573645254,mean_block=6.0
block_bootstrap,430,1.8278595186991882,mean_block=6.0
block_bootstrap,431,1.9147880635523138,mean_block=6.0
block_bootstrap,432,1.718496218479329,mean_block=6.0
block_bootstrap,433,1.7499039927531896,mean_block=6.0
block_bootstrap,434,1.2937181614395585,mean_block=6.0
block_bootstrap,435,1.4775556912969123,mean_block=6.0
block_bootstrap,436,1.635959109141069,mean_block=6.0
block_bootstrap,437,0.8615319170988055,mean_block=6.0
block_bootstrap,438,1.8909958651142087,mean_block=6.0
block_bootstrap,439,1.8342672479388202,mean_block=6.0
block_bootstrap,440,1.6028490891224854,mean_block=6.0
block_bootstrap,441,2.0564090306454386,mean_block=6.0
block_bootstrap,442,2.936152944062655,mean_block=6.0
block_bootstrap,443,1.4173238682605123,mean_block=6.0
block_bootstrap,444,1.95768468036651,mean_block=6.0
block_bootstrap,445,2.345235601309878,mean_block=6.0
block_bootstrap,446,1.3017239543038777,mean_block=6.0
block_bootstrap,447,1.5929150790607407,mean_block=6.0
block_bootstrap,448,1.6440063260984796,mean_block=6.0
block_bootstrap,449,1.6730940275912305,mean_block=6.0
block_bootstrap,450,1.7528784054554793,mean_block=6.0
block_bootstrap,451,1.2588143617215062,mean_block=6.0
block_bootstrap,452,1.180281971078861,mean_block=6.0
block_bootstrap,453,1.4706805377994454,mean_block=6.0
block_bootstrap,454,1.1990384005605623,mean_block=6.0
block_bootstrap,455,1.6243692579860087,mean_block=6.0
block_bootstrap,456,2.572611138484072,mean_block=6.0
block_bootstrap,457,2.180042033740316,mean_block=6.0
block_bootstrap,458,1.8952322376543302,mean_block=6.0
block_bootstrap,459,0.7082347164752787,mean_block=6.0
block_bootstrap,460,1.3366670772590714,mean_block=6.0
block_bootstrap,461,1.6023067459025848,mean_block=6.0
block_bootstrap,462,1.4944745125386416,mean_block=6.0
block_bootstrap,463,2.4822807209051856,mean_block=6.0
block_bootstrap,464,2.1579976045610616,mean_block=6.0
block_bootstrap,465,1.3139754030421569,mean_block=6.0
block_bootstrap,466,2.12860234453062,mean_block=6.0
block_bootstrap,467,1.5071947158128338,mean_block=6.0
block_bootstrap,468,1.950598632304677,mean_block=6.0
block_bootstrap,469,2.714225561889619,mean_block=6.0
block_bootstrap,470,1.0685341782876223,mean_block=6.0
block_bootstrap,471,2.357611334767736,mean_block=6.0
block_bootstrap,472,1.2357022151559462,mean_block=6.0
block_bootstrap,473,1.608320304395877,mean_block=6.0
block_bootstrap,474,1.6033091996427309,mean_block=6.0
block_bootstrap,475,1.6133143946977873,mean_block=6.0
block_bootstrap,476,1.2286308021000827,mean_block=6.0
block_bootstrap,477,1.4955749646425758,mean_block=6.0
block_bootstrap,478,1.3367621843092652,mean_block=6.0
block_bootstrap,479,1.9540313519628398,mean_block=6.0
block_bootstrap,480,1.2678003431401248,mean_block=6.0
block_bootstrap,481,1.4372661770638742,mean_block=6.0
block_bootstrap,482,0.9529091028211224,mean_block=6.0
block_bootstrap,483,2.0043587350362966,mean_block=6.0
block_bootstrap,484,1.1612918987289038,mean_block=6.0
block_bootstrap,485,1.837958364097326,mean_block=6.0
block_bootstrap,486,1.2500185092013862,mean_block=6.0
block_bootstrap,487,1.1939170045369922,mean_block=6.0
block_bootstrap,488,2.4241368746984615,mean_block=6.0
block_bootstrap,489,1.8837625976996535,mean_block=6.0
block_bootstrap,490,2.1999533668861937,mean_block=6.0
block_bootstrap,491,0.7728116982603395,mean_block=6.0
block_bootstrap,492,1.669667530584162,mean_block=6.0
block_bootstrap,493,1.5432651511899877,mean_block=6.0
block_bootstrap,494,1.1696189901745089,mean_block=6.0
block_bootstrap,495,1.4264259409935098,mean_block=6.0
block_bootstrap,496,1.917928312256199,mean_block=6.0
block_bootstrap,497,1.8430514165523875,mean_block=6.0
block_bootstrap,498,0.8476757225365023,mean_block=6.0
block_bootstrap,499,2.2602964111849517,mean_block=6.0
random_start,0,1.7815670327135988,start=2015-04-07
random_start,1,1.6523542871576975,start=2006-08-22
random_start,2,2.12005418428858,start=2018-10-31
random_start,3,1.6523542871576975,start=2006-05-18
random_start,4,1.5555540864467956,start=2018-08-15
random_start,5,1.6217020245037128,start=2007-08-07
random_start,6,2.2851119781221914,start=2022-03-22
random_start,7,2.07504775833424,start=2010-07-21
random_start,8,2.766922879224876,start=2023-03-10
random_start,9,1.7815670327135988,start=2015-04-22
random_start,10,1.8823407711943325,start=2013-12-05
random_start,11,1.789188137812844,start=2015-01-02
random_start,12,1.9779077595275278,start=2012-09-12
random_start,13,2.550306268332478,start=2020-12-11
random_start,14,1.8674625799316051,start=2014-01-03
random_start,15,1.6523542871576975,start=2006-12-19
random_start,16,2.004974187451918,start=2011-12-06
random_start,17,2.12005418428858,start=2018-12-18
random_start,18,1.933144732539871,start=2013-06-10
random_start,19,1.5673686871456252,start=2017-03-24
random_start,20,1.8853088255487669,start=2013-11-25
random_start,21,1.9437889146719987,start=2009-08-27
random_start,22,2.02672839034561,start=2011-08-30
random_start,23,1.6379055673709433,start=2007-05-15
random_start,24,1.6151384643455275,start=2007-09-28
random_start,25,1.961607700062279,start=2012-12-12
random_start,26,2.5034517442637103,start=2022-06-30
random_start,27,1.7716207930896293,start=2015-10-13
random_start,28,1.6771826347105763,start=2016-08-24
random_start,29,1.8084157127550824,start=2008-07-29
random_start,30,2.5034517442637103,start=2022-07-19
random_start,31,2.4504566242325567,start=2021-08-10
random_start,32,2.2626319787674594,start=2024-04-08
random_start,33,2.311783119410575,start=2022-01-18
random_start,34,1.996714879591719,start=2012-08-17
random_start,35,2.5674983217674607,start=2023-05-17
random_start,36,2.8878918973017145,start=2020-04-14
random_start,37,1.97650161292375,start=2012-02-24
random_start,38,2.432614312541707,start=2021-04-20
random_start,39,2.178861790764657,start=2023-11-09
random_start,40,1.6523542871576975,start=2006-07-20
random_start,41,1.8084157127550824,start=2008-08-05
random_start,42,1.7036177594907322,start=2008-05-28
random_start,43,1.6523542871576975,start=2006-04-05
random_start,44,1.611539721857819,start=2016-12-21
random_start,45,1.6491501917407254,start=2007-12-26
random_start,46,2.311783119410575,start=2021-12-28
random_start,47,2.0217115407044024,start=2019-04-05
random_start,48,1.6539866393348535,start=2008-01-02
random_start,49,1.9058856469376,start=2020-01-03
random_start,50,1.81520744071334,start=2008-06-24
random_start,51,2.5760172822096132,start=2020-11-25
random_start,52,2.493090896645407,start=2021-01-15
random_start,53,1.9779077595275278,start=2012-09-20
random_start,54,2.0969664267798573,start=2019-07-22
random_start,55,2.11327327561571,start=2019-01-24
random_start,56,1.6317921546308627,start=2007-05-31
random_start,57,2.5363345492173273,start=2023-06-22
random_start,58,2.3330092847239694,start=2021-11-12
random_start,59,1.5112755985402921,start=2018-01-08
random_start,60,2.1076782312585727,start=2018-10-18
random_start,61,1.993029008371648,start=2011-05-02
random_start,62,1.6567709034934999,start=2007-10-30
random_start,63,1.6257792685992258,start=2007-06-11
random_start,64,1.9764452821043854,start=2019-12-09
random_start,65,1.5613065481893176,start=2018-08-13
random_start,66,2.178861790764657,start=2023-11-17
random_start,67,1.9936858060412272,start=2019-06-18
random_start,68,2.174455138877256,start=2024-05-03
random_start,69,2.11327327561571,start=2019-01-29
random_start,70,1.8136086813581773,start=2014-07-02
random_start,71,1.71382698255245,start=2016-06-22
random_start,72,1.880189056958286,start=2010-01-08
random_start,73,1.9602968947025567,start=2012-03-23
random_start,74,2.048686952738791,start=2019-03-15
random_start,75,2.052386802816623,start=2010-10-12
random_start,76,2.2851119781221914,start=2022-03-10
random_start,77,2.016865284977741,start=2009-03-10
random_start,78,2.036348266168369,start=2010-12-21
random_start,79,1.5892639276782439,start=2018-06-26
random_start,80,1.6523542871576975,start=2006-11-13
random_start,81,1.8619563273498332,start=2010-02-05
random_start,82,1.71382698255245,start=2016-06-16
random_start,83,1.6183653565695502,start=2007-08-31
random_start,84,2.178861790764657,start=2023-11-16
random_start,85,1.6523542871576975,start=2006-09-12
random_start,86,1.789188137812844,start=2015-01-14
random_start,87,1.98862632759702,start=2011-04-21
random_start,88,1.6043297243568482,start=2018-02-27
random_start,89,2.8400493673301193,start=2023-02-14
random_start,90,2.802274795626295,start=2020-07-02
random_start,91,1.8304659745256633,start=2014-04-02
random_start,92,1.8295905348816492,start=2008-09-23
random_start,93,1.6523542871576975,start=2006-05-31
random_start,94,2.311783119410575,start=2022-01-20
random_start,95,1.6452562034922478,start=2008-01-17
random_start,96,1.7085000924999545,start=2016-07-13
random_start,97,2.4504566242325567,start=2021-08-12
random_start,98,2.8882238004949885,start=2023-01-31
random_start,99,1.6513462474249576,start=2007-11-13
random_start,100,1.9929303316952869,start=2009-06-09
random_start,101,1.9024073966730706,start=2013-09-17
random_start,102,2.4178831945450083,start=2021-02-09
random_start,103,2.2851119781221914,start=2022-04-18
random_start,104,2.0110352240734066,start=2011-12-22
random_start,105,1.957873905124949,start=2009-08-06
random_start,106,1.6012519618030938,start=2018-02-07
random_start,107,1.7770249051037954,start=2015-09-14
random_start,108,1.8344513160820968,start=2008-12-03
random_start,109,2.041495452687541,start=2009-02-06
random_start,110,1.6316789970568846,start=2008-05-02
random_start,111,1.6461870165700794,start=2016-10-21
random_start,112,2.435335848625519,start=2021-02-17
random_start,113,1.6153954674853477,start=2016-12-19
random_start,114,1.9988906336615184,start=2012-05-16
random_start,115,1.8899203665091628,start=2013-10-16
random_start,116,1.6523542871576975,start=2007-03-26
random_start,117,1.8084157127550824,start=2008-08-13
random_start,118,2.285097454808392,start=2024-03-26
random_start,119,1.5518141577073885,start=2017-07-11
random_start,120,1.9578858443985772,start=2012-12-17
random_start,121,1.9779077595275278,start=2012-09-28
random_start,122,1.603045070417556,start=2017-01-10
random_start,123,1.8853088255487669,start=2013-11-21
random_start,124,1.6043297243568482,start=2018-03-01
random_start,125,1.6452562034922478,start=2008-01-17
random_start,126,2.0798615261075653,start=2019-08-12
random_start,127,1.6514642033344744,start=2016-10-04
random_start,128,1.6523542871576975,start=2006-05-11
random_start,129,2.4852729721338855,start=2023-06-13
random_start,130,2.006700544026723,start=2011-11-09
random_start,131,2.004974187451918,start=2011-11-29
random_start,132,2.3985686091872207,start=2021-05-21
random_start,133,1.89549209474495,start=2013-09-27
random_start,134,1.8610059589139116,start=2010-03-09
random_start,135,2.0089064261153693,start=2012-01-04
random_start,136,2.661894439745294,start=2023-04-20
random_start,137,1.8938381744619295,start=2009-11-27
random_start,138,1.996714879591719,start=2012-08-08
random_start,139,1.6217020245037128,start=2007-08-13
random_start,140,2.096311825985043,start=2019-02-08
random_start,141,2.006700544026723,start=2011-10-13
random_start,142,2.0538628169818214,start=2010-10-05
random_start,143,2.0718662937060266,start=2010-06-03
random_start,144,1.6290446407441286,start=2008-04-11
random_start,145,1.8563075456858316,start=2014-01-29
random_start,146,1.9988906336615184,start=2012-05-15
random_start,147,1.5518891395507703,start=2017-09-21
random_start,148,2.91226067121708,start=2022-10-21
random_start,149,1.7684405429463792,start=2015-03-17
random_start,150,2.004119605682233,start=2011-05-31
random_start,151,2.07504775833424,start=2010-08-04
random_start,152,1.8493463933242067,start=2014-03-17
random_start,153,1.9894489062051062,start=2012-06-28
random_start,154,1.949883563292875,start=2013-03-25
random_start,155,2.5034517442637103,start=2022-08-15
random_start,156,1.6316789970568846,start=2008-05-19
random_start,157,1.9892670078391268,start=2019-06-25
random_start,158,2.068428472511682,start=2019-07-31
random_start,159,1.6491501917407254,start=2007-11-26
random_start,160,1.9472021968390292,start=2013-06-25
random_start,161,2.7682248666190405,start=2020-08-03
random_start,162,1.6205473734526503,start=2016-11-25
random_start,163,1.9280152981217842,start=2018-09-24
random_start,164,1.6364792892458748,start=2008-02-27
random_start,165,2.5034517442637103,start=2022-05-20
random_start,166,1.5673686871456252,start=2017-03-22
random_start,167,1.9475850103956829,start=2013-01-03
random_start,168,2.7469586374961663,start=2023-03-20
random_start,169,1.767106719002977,start=2015-05-07
random_start,170,1.8357320077624246,start=2014-09-17
random_start,171,1.9929303316952869,start=2009-06-10
random_start,172,1.9475850103956829,start=2013-01-17
random_start,173,2.12005418428858,start=2018-12-18
random_start,174,1.8300297941501038,start=2014-06-09
random_start,175,2.1008121103226363,start=2018-10-10
random_start,176,1.6491501917407254,start=2007-12-28
random_start,177,2.3294284974592916,start=2020-01-23
random_start,178,2.001398832865532,start=2009-05-15
random_start,179,2.2851119781221914,start=2022-03-29
random_start,180,2.8878918973017145,start=2020-04-15
random_start,181,2.0718662937060266,start=2010-06-11
random_start,182,1.7981731733543942,start=2014-08-12
random_start,183,1.6523542871576975,start=2006-01-27
random_start,184,2.2925306403441468,start=2021-11-26
random_start,185,1.693227345531153,start=2016-08-10
random_start,186,2.0041201544568814,start=2009-05-11
random_start,187,1.950471914245234,start=2013-05-15
random_start,188,1.997860739258584,start=2011-03-07
random_start,189,2.91226067121708,start=2022-10-31
random_start,190,2.6148626190074507,start=2020-10-23
random_start,191,1.8295905348816492,start=2008-09-12
random_start,192,1.996951548631604,start=2009-06-02
random_start,193,1.7716207930896293,start=2015-10-16
random_start,194,2.726209793245772,start=2020-08-11
random_start,195,2.3888296914931333,start=2021-06-24
random_start,196,2.5034517442637103,start=2022-08-11
random_start,197,2.5034517442637103,start=2022-08-08
random_start,198,2.02672839034561,start=2011-08-29
random_start,199,2.432614312541707,start=2021-03-31
random_start_bear,0,1.63350741536338,start=2008-02-29
random_start_bear,1,1.6523542871576975,start=2007-02-01
random_start_bear,2,1.8084157127550824,start=2008-08-08
random_start_bear,3,1.6523542871576975,start=2007-01-19
random_start_bear,4,1.8084157127550824,start=2008-07-31
random_start_bear,5,1.6523542871576975,start=2007-03-16
random_start_bear,6,1.963842456630515,start=2009-01-12
random_start_bear,7,1.6278255262896508,start=2007-07-30
random_start_bear,8,2.0214584092629013,start=2009-02-25
random_start_bear,9,1.63350741536338,start=2008-03-03
random_start_bear,10,1.6491501917407254,start=2007-12-28
random_start_bear,11,1.63824127679288,start=2008-02-19
random_start_bear,12,1.6546321433185596,start=2007-11-01
random_start_bear,13,1.8295905348816492,start=2008-11-12
random_start_bear,14,1.6539866393348535,start=2008-01-02
random_start_bear,15,1.996951548631604,start=2009-06-01
random_start_bear,16,1.6523542871576975,start=2007-02-15
random_start_bear,17,1.6151384643455275,start=2007-09-28
random_start_bear,18,1.8084157127550824,start=2008-08-14
random_start_bear,19,1.6491501917407254,start=2007-12-05
random_start_bear,20,1.7036177594907322,start=2008-05-29
random_start_bear,21,1.6491501917407254,start=2007-12-27
random_start_bear,22,1.623963022380969,start=2007-06-18
random_start_bear,23,1.6151384643455275,start=2007-09-18
random_start_bear,24,1.6523542871576975,start=2007-03-06
random_start_bear,25,1.6523542871576975,start=2007-03-22
random_start_bear,26,1.6513462474249576,start=2007-11-13
random_start_bear,27,2.0248841950371723,start=2009-01-23
random_start_bear,28,1.6290446407441286,start=2008-03-25
random_start_bear,29,1.6290446407441286,start=2008-05-01
random_start_bear,30,1.6428955770939804,start=2007-04-30
random_start_bear,31,2.0464278173223454,start=2009-01-27
random_start_bear,32,1.8344513160820968,start=2008-12-11
random_start_bear,33,1.976811916228655,start=2009-06-30
random_start_bear,34,2.0203080188376554,start=2009-04-15
random_start_bear,35,1.8344513160820968,start=2009-01-02
random_start_bear,36,1.6567709034934999,start=2007-10-30
random_start_bear,37,2.016865284977741,start=2009-03-05
random_start_bear,38,1.8295905348816492,start=2008-10-14
random_start_bear,39,1.6211295863423794,start=2007-10-09
random_start_bear,40,1.8344513160820968,start=2008-11-28
random_start_bear,41,2.016865284977741,start=2009-03-26
random_start_bear,42,1.6523542871576975,start=2007-01-29
random_start_bear,43,1.6428955770939804,start=2007-05-01
random_start_bear,44,1.996951548631604,start=2009-06-04
random_start_bear,45,1.6482359262752462,start=2007-04-23
random_start_bear,46,1.6523542871576975,start=2007-01-16
random_start_bear,47,1.6316789970568846,start=2008-05-16
random_start_bear,48,1.6523542871576975,start=2007-04-03
random_start_bear,49,1.8344513160820968,start=2008-12-31
random_start_bear,50,1.8084157127550824,start=2008-08-28
random_start_bear,51,1.6523542871576975,start=2007-04-03
random_start_bear,52,1.8295905348816492,start=2008-10-01
random_start_bear,53,1.6482359262752462,start=2007-04-25
random_start_bear,54,1.8295905348816492,start=2008-11-10
random_start_bear,55,1.8295905348816492,start=2008-11-17
random_start_bear,56,1.6546321433185596,start=2007-11-02
random_start_bear,57,1.8295905348816492,start=2008-09-11
random_start_bear,58,1.8084157127550824,start=2008-08-19
random_start_bear,59,1.6523542871576975,start=2007-03-08
random_start_bear,60,2.016865284977741,start=2009-03-10
random_start_bear,61,1.8344513160820968,start=2008-12-24
random_start_bear,62,1.813658516511906,start=2008-07-03
random_start_bear,63,1.8084157127550824,start=2008-08-07
random_start_bear,64,1.6183653565695502,start=2007-08-31
random_start_bear,65,1.6523542871576975,start=2007-03-27
random_start_bear,66,1.6523542871576975,start=2007-03-09
random_start_bear,67,1.8295905348816492,start=2008-09-29
random_start_bear,68,1.8084157127550824,start=2008-07-30
random_start_bear,69,2.016865284977741,start=2009-03-27
random_start_bear,70,1.8084157127550824,start=2008-09-08
random_start_bear,71,2.0203080188376554,start=2009-04-17
random_start_bear,72,1.8084157127550824,start=2008-08-20
random_start_bear,73,1.6379583571780316,start=2008-01-25
random_start_bear,74,1.6290446407441286,start=2008-04-24
random_start_bear,75,1.6234980744245404,start=2007-07-05
random_start_bear,76,1.6494601335446526,start=2007-10-11
random_start_bear,77,1.8084157127550824,start=2008-08-26
random_start_bear,78,1.6217020245037128,start=2007-08-08
random_start_bear,79,1.9141185001748544,start=2009-01-09
random_start_bear,80,1.6317921546308627,start=2007-05-29
random_start_bear,81,1.6183653565695502,start=2007-08-16
random_start_bear,82,1.8033514873855474,start=2008-07-24
random_start_bear,83,1.6523542871576975,start=2007-02-12
random_start_bear,84,1.6234980744245404,start=2007-07-09
random_start_bear,85,1.6290446407441286,start=2008-04-23
random_start_bear,86,1.6523542871576975,start=2007-03-20
random_start_bear,87,2.016865284977741,start=2009-03-27
random_start_bear,88,1.6523542871576975,start=2007-02-02
random_start_bear,89,1.63824127679288,start=2008-02-20
random_start_bear,90,1.6183653565695502,start=2007-08-30
random_start_bear,91,1.8068255586885025,start=2008-07-10
random_start_bear,92,2.0292873925826465,start=2009-02-23
random_start_bear,93,1.8295905348816492,start=2008-10-23
random_start_bear,94,1.647468771298405,start=2008-01-14
random_start_bear,95,1.9929303316952869,start=2009-06-05
random_start_bear,96,1.636325118200713,start=2007-05-07
random_start_bear,97,1.6523542871576975,start=2007-01-22
random_start_bear,98,1.9141185001748544,start=2009-01-05
random_start_bear,99,1.6523542871576975,start=2007-04-05
random_start_bear,100,2.011207342861854,start=2009-05-06
random_start_bear,101,1.6290446407441286,start=2008-04-28
random_start_bear,102,1.8344513160820968,start=2008-12-12
random_start_bear,103,2.0292873925826465,start=2009-02-20
random_start_bear,104,2.001398832865532,start=2009-05-18
random_start_bear,105,1.6523542871576975,start=2007-03-28
random_start_bear,106,1.6257792685992258,start=2007-06-07
random_start_bear,107,1.6491501917407254,start=2007-12-18
random_start_bear,108,1.8344513160820968,start=2008-11-19
random_start_bear,109,1.9817275208765017,start=2009-06-23
random_start_bear,110,1.963842456630515,start=2009-01-14
random_start_bear,111,1.6151384643455275,start=2007-10-02
random_start_bear,112,1.623963022380969,start=2007-06-15
random_start_bear,113,1.8068255586885025,start=2008-07-08
random_start_bear,114,1.6290446407441286,start=2008-03-20
random_start_bear,115,1.6379055673709433,start=2007-05-15
random_start_bear,116,1.635815930133908,start=2007-05-23
random_start_bear,117,1.6523542871576975,start=2007-04-19
random_start_bear,118,1.6316789970568846,start=2008-05-09
random_start_bear,119,1.8344513160820968,start=2008-11-19
random_start_bear,120,1.6316789970568846,start=2008-05-16
random_start_bear,121,1.6624793855999627,start=2007-10-18
random_start_bear,122,1.6491501917407254,start=2007-12-21
random_start_bear,123,1.6523542871576975,start=2007-02-28
random_start_bear,124,1.6428955770939804,start=2007-05-02
random_start_bear,125,2.0203080188376554,start=2009-04-14
random_start_bear,126,1.807549137680943,start=2008-06-11
random_start_bear,127,1.6513462474249576,start=2007-11-13
random_start_bear,128,1.6546321433185596,start=2007-11-05
random_start_bear,129,1.6316789970568846,start=2008-05-19
random_start_bear,130,1.6491501917407254,start=2007-12-27
random_start_bear,131,1.8068255586885025,start=2008-07-10
random_start_bear,132,2.011207342861854,start=2009-05-04
random_start_bear,133,1.9853391361192807,start=2009-06-18
random_start_bear,134,1.6523542871576975,start=2007-04-05
random_start_bear,135,1.8295905348816492,start=2008-09-15
random_start_bear,136,1.6316789970568846,start=2008-05-07
random_start_bear,137,1.6523542871576975,start=2007-01-19
random_start_bear,138,2.0002235393256407,start=2009-05-26
random_start_bear,139,2.016865284977741,start=2009-03-09
random_start_bear,140,1.6151384643455275,start=2007-09-26
random_start_bear,141,1.6151384643455275,start=2007-09-28
random_start_bear,142,1.8344513160820968,start=2008-12-03
random_start_bear,143,1.6491501917407254,start=2007-12-19
random_start_bear,144,1.632430571240186,start=2007-07-12
random_start_bear,145,1.6151384643455275,start=2007-10-03
random_start_bear,146,2.0214584092629013,start=2009-03-03
random_start_bear,147,1.6234980744245404,start=2007-06-28
random_start_bear,148,1.6567709034934999,start=2007-10-29
random_start_bear,149,1.6523542871576975,start=2007-03-16
random_start_bear,150,1.8084157127550824,start=2008-08-21
random_start_bear,151,1.6151384643455275,start=2007-09-24
random_start_bear,152,1.6217020245037128,start=2007-08-07
random_start_bear,153,1.632430571240186,start=2007-07-23
random_start_bear,154,1.6523542871576975,start=2007-04-17
random_start_bear,155,1.6539866393348535,start=2008-01-04
random_start_bear,156,1.6624793855999627,start=2007-10-18
random_start_bear,157,1.8145323814338503,start=2008-06-19
random_start_bear,158,2.041495452687541,start=2009-02-06
random_start_bear,159,1.6364792892458748,start=2008-02-27
random_start_bear,160,1.9929303316952869,start=2009-06-11
random_start_bear,161,1.6183653565695502,start=2007-09-06
random_start_bear,162,1.6278255262896508,start=2007-07-31
random_start_bear,163,1.647468771298405,start=2008-01-10
random_start_bear,164,1.6624793855999627,start=2007-10-24
random_start_bear,165,1.9929303316952869,start=2009-06-08
random_start_bear,166,1.6491501917407254,start=2007-11-27
random_start_bear,167,2.0464278173223454,start=2009-01-29
random_start_bear,168,1.6523542871576975,start=2007-04-20
random_start_bear,169,1.8084157127550824,start=2008-09-08
random_start_bear,170,1.8295905348816492,start=2008-09-12
random_start_bear,171,1.6523542871576975,start=2007-03-29
random_start_bear,172,1.6491501917407254,start=2007-12-07
random_start_bear,173,1.8295905348816492,start=2008-10-27
random_start_bear,174,1.6316789970568846,start=2008-05-14
random_start_bear,175,1.8084157127550824,start=2008-08-05
random_start_bear,176,1.6523542871576975,start=2007-04-11
random_start_bear,177,2.0248841950371723,start=2009-01-20
random_start_bear,178,1.7036177594907322,start=2008-05-28
random_start_bear,179,1.6513462474249576,start=2007-11-15
random_start_bear,180,2.0214584092629013,start=2009-02-26
random_start_bear,181,1.63350741536338,start=2008-03-04
random_start_bear,182,1.63824127679288,start=2008-02-04
random_start_bear,183,1.6257792685992258,start=2007-06-08
random_start_bear,184,1.6513462474249576,start=2007-11-16
random_start_bear,185,1.8084157127550824,start=2008-08-14
random_start_bear,186,1.6379583571780316,start=2008-01-23
random_start_bear,187,1.8084157127550824,start=2008-08-06
random_start_bear,188,1.6523542871576975,start=2007-04-03
random_start_bear,189,1.8295905348816492,start=2008-10-03
random_start_bear,190,1.6257792685992258,start=2007-06-05
random_start_bear,191,1.963842456630515,start=2009-01-12
random_start_bear,192,2.0041201544568814,start=2009-05-11
random_start_bear,193,1.8295905348816492,start=2008-10-14
random_start_bear,194,1.632430571240186,start=2007-07-24
random_start_bear,195,1.63824127679288,start=2008-01-30
random_start_bear,196,1.9817275208765017,start=2009-06-23
random_start_bear,197,1.6523542871576975,start=2007-01-05
random_start_bear,198,1.8344513160820968,start=2008-12-26
random_start_bear,199,1.6290446407441286,start=2008-04-30
config_perturb,0,1.0197367540532418,short_delta=0.2284;hold=20;ramp_full_z=0.4577
config_perturb,1,1.1556966755646658,short_delta=0.2388;hold=21;ramp_full_z=0.5696
config_perturb,2,1.4352805373837694,short_delta=0.2498;hold=36;ramp_full_z=0.5935
config_perturb,3,1.4572435453548944,short_delta=0.2244;hold=26;ramp_full_z=0.4837
config_perturb,4,1.281829718570669,short_delta=0.2246;hold=38;ramp_full_z=0.6344
config_perturb,5,1.6789751378291693,short_delta=0.299;hold=32;ramp_full_z=0.3913
config_perturb,6,1.4075544766487869,short_delta=0.2345;hold=27;ramp_full_z=0.6648
config_perturb,7,1.1058101365400594,short_delta=0.2986;hold=21;ramp_full_z=0.3214
config_perturb,8,1.6428353442742436,short_delta=0.2507;hold=30;ramp_full_z=0.3316
config_perturb,9,1.4166050355080149,short_delta=0.2479;hold=37;ramp_full_z=0.6214
config_perturb,10,1.3575033715144385,short_delta=0.2204;hold=37;ramp_full_z=0.4755
config_perturb,11,1.0047554693962648,short_delta=0.247;hold=20;ramp_full_z=0.3318
config_perturb,12,1.0517856962319716,short_delta=0.2074;hold=20;ramp_full_z=0.5822
config_perturb,13,1.1657941001401442,short_delta=0.2337;hold=21;ramp_full_z=0.4965
config_perturb,14,1.1153982577898405,short_delta=0.2769;hold=21;ramp_full_z=0.4721
config_perturb,15,1.4506107020738879,short_delta=0.2076;hold=34;ramp_full_z=0.6142
config_perturb,16,1.3756892665984786,short_delta=0.2786;hold=26;ramp_full_z=0.6739
config_perturb,17,1.6725182955033981,short_delta=0.2933;hold=32;ramp_full_z=0.5632
config_perturb,18,1.6463609590511168,short_delta=0.2537;hold=31;ramp_full_z=0.5874
config_perturb,19,1.2181362864868874,short_delta=0.2164;hold=21;ramp_full_z=0.3176
config_perturb,20,1.4143525157057963,short_delta=0.2428;hold=37;ramp_full_z=0.4653
config_perturb,21,1.2418380520116707,short_delta=0.2402;hold=28;ramp_full_z=0.6214
config_perturb,22,1.4268996500108453,short_delta=0.2322;hold=26;ramp_full_z=0.5704
config_perturb,23,1.241521226679801,short_delta=0.296;hold=24;ramp_full_z=0.4989
config_perturb,24,1.277722756792785,short_delta=0.2727;hold=24;ramp_full_z=0.4534
config_perturb,25,1.2560137079499707,short_delta=0.2809;hold=24;ramp_full_z=0.5478
config_perturb,26,1.5679151677612668,short_delta=0.2821;hold=37;ramp_full_z=0.3085
config_perturb,27,1.6497541275352066,short_delta=0.2672;hold=31;ramp_full_z=0.6969
config_perturb,28,1.2521185700369322,short_delta=0.2526;hold=28;ramp_full_z=0.6351
config_perturb,29,0.9993405613712687,short_delta=0.2977;hold=20;ramp_full_z=0.4973
config_perturb,30,1.4138444408826754,short_delta=0.2842;hold=38;ramp_full_z=0.4294
config_perturb,31,1.3877118711641332,short_delta=0.2525;hold=38;ramp_full_z=0.3229
config_perturb,32,1.4621537535057547,short_delta=0.2105;hold=27;ramp_full_z=0.4856
config_perturb,33,1.0718974672977641,short_delta=0.2501;hold=23;ramp_full_z=0.6984
config_perturb,34,1.4458509444540308,short_delta=0.2949;hold=29;ramp_full_z=0.6195
config_perturb,35,1.2879729921488747,short_delta=0.2713;hold=22;ramp_full_z=0.3381
config_perturb,36,1.426632064957227,short_delta=0.2072;hold=34;ramp_full_z=0.4348
config_perturb,37,1.2123670585034398,short_delta=0.2196;hold=21;ramp_full_z=0.3321
config_perturb,38,1.3841132794955446,short_delta=0.2851;hold=26;ramp_full_z=0.6289
config_perturb,39,1.4658560973933616,short_delta=0.2207;hold=27;ramp_full_z=0.4494
config_perturb,40,1.3455979242727634,short_delta=0.2657;hold=39;ramp_full_z=0.5559
config_perturb,41,1.0080998217970782,short_delta=0.2418;hold=20;ramp_full_z=0.5355
config_perturb,42,1.3010550060506816,short_delta=0.2773;hold=25;ramp_full_z=0.5653
config_perturb,43,1.3959846398876525,short_delta=0.2238;hold=25;ramp_full_z=0.5126
config_perturb,44,1.1381416225155094,short_delta=0.2756;hold=23;ramp_full_z=0.3812
config_perturb,45,1.475454577904461,short_delta=0.2049;hold=25;ramp_full_z=0.3585
config_perturb,46,1.4820665399000892,short_delta=0.207;hold=27;ramp_full_z=0.3783
config_perturb,47,1.491186848870274,short_delta=0.2739;hold=36;ramp_full_z=0.6154
config_perturb,48,1.2929072099014014,short_delta=0.26;hold=24;ramp_full_z=0.4008
config_perturb,49,1.4058723564296614,short_delta=0.2916;hold=39;ramp_full_z=0.3887
config_perturb,50,1.304474360421476,short_delta=0.2073;hold=33;ramp_full_z=0.6829
config_perturb,51,1.3473272298679841,short_delta=0.2808;hold=27;ramp_full_z=0.4792
config_perturb,52,1.6253261442878935,short_delta=0.2335;hold=32;ramp_full_z=0.3264
config_perturb,53,1.422354979665875,short_delta=0.2345;hold=36;ramp_full_z=0.4148
config_perturb,54,1.3812703666490649,short_delta=0.2929;hold=39;ramp_full_z=0.6731
config_perturb,55,1.6705786270584961,short_delta=0.2719;hold=32;ramp_full_z=0.4036
config_perturb,56,1.3869312503310445,short_delta=0.2393;hold=33;ramp_full_z=0.3414
config_perturb,57,1.2926122589065117,short_delta=0.2578;hold=24;ramp_full_z=0.4058
config_perturb,58,1.5669314686307247,short_delta=0.2608;hold=35;ramp_full_z=0.4303
config_perturb,59,1.3775013358740074,short_delta=0.2226;hold=36;ramp_full_z=0.4821
config_perturb,60,1.3934908636513936,short_delta=0.2083;hold=29;ramp_full_z=0.4795
config_perturb,61,1.4963143498778524,short_delta=0.2754;hold=36;ramp_full_z=0.6348
config_perturb,62,1.3704466634257921,short_delta=0.2895;hold=39;ramp_full_z=0.4873
config_perturb,63,1.2374240721110672,short_delta=0.2269;hold=28;ramp_full_z=0.6294
config_perturb,64,1.4381494408075834,short_delta=0.2568;hold=37;ramp_full_z=0.5964
config_perturb,65,1.2391990246727635,short_delta=0.2015;hold=21;ramp_full_z=0.3204
config_perturb,66,1.3933663605265445,short_delta=0.2026;hold=36;ramp_full_z=0.3882
config_perturb,67,1.464035975400083,short_delta=0.2076;hold=27;ramp_full_z=0.4633
config_perturb,68,1.6457687193142607,short_delta=0.247;hold=32;ramp_full_z=0.3465
config_perturb,69,1.5301631448711766,short_delta=0.2434;hold=34;ramp_full_z=0.332
config_perturb,70,1.586677198915343,short_delta=0.2068;hold=30;ramp_full_z=0.3953
config_perturb,71,1.3708232470763146,short_delta=0.2916;hold=39;ramp_full_z=0.5557
config_perturb,72,1.0099368879423707,short_delta=0.2384;hold=20;ramp_full_z=0.405
config_perturb,73,1.4409538046247772,short_delta=0.2968;hold=26;ramp_full_z=0.3355
config_perturb,74,1.210119722794455,short_delta=0.2613;hold=22;ramp_full_z=0.6806
config_perturb,75,1.0099443057502249,short_delta=0.2851;hold=20;ramp_full_z=0.3682
config_perturb,76,1.3338982821646108,short_delta=0.2502;hold=39;ramp_full_z=0.6365
config_perturb,77,1.3575929493638765,short_delta=0.2314;hold=33;ramp_full_z=0.4169
config_perturb,78,1.1340032570547762,short_delta=0.2083;hold=23;ramp_full_z=0.6403
config_perturb,79,1.2703130878173257,short_delta=0.2487;hold=28;ramp_full_z=0.4799
config_perturb,80,1.5838927856636593,short_delta=0.2831;hold=34;ramp_full_z=0.487
config_perturb,81,1.1311831395945398,short_delta=0.2638;hold=21;ramp_full_z=0.6564
config_perturb,82,1.5114034545373112,short_delta=0.2851;hold=37;ramp_full_z=0.6534
config_perturb,83,1.4705398183337517,short_delta=0.2268;hold=27;ramp_full_z=0.4028
config_perturb,84,1.6239809444549567,short_delta=0.2263;hold=31;ramp_full_z=0.4959
config_perturb,85,1.3117654139244503,short_delta=0.2042;hold=37;ramp_full_z=0.4494
config_perturb,86,1.4640413219889903,short_delta=0.2392;hold=40;ramp_full_z=0.3134
config_perturb,87,1.2864149097810051,short_delta=0.2167;hold=39;ramp_full_z=0.4429
config_perturb,88,1.5496758685081868,short_delta=0.2085;hold=32;ramp_full_z=0.6402
config_perturb,89,1.255952882640204,short_delta=0.2614;hold=24;ramp_full_z=0.6313
config_perturb,90,1.123430006789283,short_delta=0.2709;hold=21;ramp_full_z=0.6753
config_perturb,91,1.0029441748984196,short_delta=0.2898;hold=20;ramp_full_z=0.6048
config_perturb,92,1.3428580168988924,short_delta=0.2415;hold=39;ramp_full_z=0.4143
config_perturb,93,1.3319891415264198,short_delta=0.2147;hold=33;ramp_full_z=0.3421
config_perturb,94,1.591833640774255,short_delta=0.2915;hold=35;ramp_full_z=0.5108
config_perturb,95,1.40699531376924,short_delta=0.276;hold=38;ramp_full_z=0.6965
config_perturb,96,1.4535237072478122,short_delta=0.2398;hold=27;ramp_full_z=0.4153
config_perturb,97,1.5403108876218519,short_delta=0.2126;hold=35;ramp_full_z=0.3507
config_perturb,98,1.137580699173495,short_delta=0.2947;hold=23;ramp_full_z=0.3111
config_perturb,99,1.2504056718191108,short_delta=0.2183;hold=22;ramp_full_z=0.6216
config_perturb,100,1.425720928787149,short_delta=0.2633;hold=33;ramp_full_z=0.3844
config_perturb,101,1.0975921742923331,short_delta=0.2738;hold=23;ramp_full_z=0.5412
config_perturb,102,1.228312637112597,short_delta=0.2017;hold=28;ramp_full_z=0.5501
config_perturb,103,1.2590029163974528,short_delta=0.279;hold=24;ramp_full_z=0.5384
config_perturb,104,1.0347310530530152,short_delta=0.2147;hold=20;ramp_full_z=0.6976
config_perturb,105,1.3348750809353893,short_delta=0.2606;hold=25;ramp_full_z=0.3986
config_perturb,106,1.4082455750676477,short_delta=0.2408;hold=40;ramp_full_z=0.4992
config_perturb,107,1.2712784561508665,short_delta=0.2597;hold=28;ramp_full_z=0.5497
config_perturb,108,1.5692713330619743,short_delta=0.2695;hold=35;ramp_full_z=0.5587
config_perturb,109,1.1940107959156308,short_delta=0.2079;hold=24;ramp_full_z=0.6375
config_perturb,110,1.1511495824771587,short_delta=0.2626;hold=21;ramp_full_z=0.3803
config_perturb,111,1.3285748534056379,short_delta=0.2243;hold=39;ramp_full_z=0.3845
config_perturb,112,1.2418670571672055,short_delta=0.2054;hold=28;ramp_full_z=0.4378
config_perturb,113,1.429529722117135,short_delta=0.2789;hold=40;ramp_full_z=0.486
config_perturb,114,1.4454082090081015,short_delta=0.2945;hold=40;ramp_full_z=0.4188
config_perturb,115,1.5690884270680845,short_delta=0.2061;hold=32;ramp_full_z=0.357
config_perturb,116,1.4099809418817872,short_delta=0.254;hold=33;ramp_full_z=0.3623
config_perturb,117,1.3195330423239973,short_delta=0.2168;hold=33;ramp_full_z=0.4203
config_perturb,118,1.6057131953638943,short_delta=0.2737;hold=35;ramp_full_z=0.3144
config_perturb,119,1.4494255334500643,short_delta=0.2744;hold=33;ramp_full_z=0.3408
config_perturb,120,1.4310079726823717,short_delta=0.2987;hold=29;ramp_full_z=0.3777
config_perturb,121,1.4576969108131714,short_delta=0.2819;hold=33;ramp_full_z=0.3791
config_perturb,122,1.3927876231442702,short_delta=0.2365;hold=37;ramp_full_z=0.5993
config_perturb,123,1.4183570791754705,short_delta=0.2653;hold=38;ramp_full_z=0.3364
config_perturb,124,1.2465709281903323,short_delta=0.2959;hold=22;ramp_full_z=0.4049
config_perturb,125,1.2286771680542914,short_delta=0.2102;hold=21;ramp_full_z=0.3581
config_perturb,126,1.6325830930565626,short_delta=0.2839;hold=30;ramp_full_z=0.4186
config_perturb,127,1.3642316317782317,short_delta=0.2689;hold=39;ramp_full_z=0.4435
config_perturb,128,0.9930811033965936,short_delta=0.2664;hold=20;ramp_full_z=0.5138
config_perturb,129,1.5618001989579438,short_delta=0.2468;hold=35;ramp_full_z=0.3864
config_perturb,130,1.5433975628144756,short_delta=0.2497;hold=35;ramp_full_z=0.499
config_perturb,131,1.5470797601446225,short_delta=0.2494;hold=35;ramp_full_z=0.4512
config_perturb,132,1.2874168004148294,short_delta=0.2857;hold=27;ramp_full_z=0.6918
config_perturb,133,1.3845690543287656,short_delta=0.2497;hold=39;ramp_full_z=0.315
config_perturb,134,1.391709800591204,short_delta=0.279;hold=38;ramp_full_z=0.4978
config_perturb,135,1.262975241700138,short_delta=0.2205;hold=22;ramp_full_z=0.578
config_perturb,136,1.2356362444225888,short_delta=0.2237;hold=24;ramp_full_z=0.5931
config_perturb,137,1.4121368477329448,short_delta=0.2285;hold=40;ramp_full_z=0.6686
config_perturb,138,1.1897679787647033,short_delta=0.2109;hold=21;ramp_full_z=0.5801
config_perturb,139,1.2450587554336803,short_delta=0.2116;hold=38;ramp_full_z=0.5627
config_perturb,140,1.5043492062522912,short_delta=0.238;hold=34;ramp_full_z=0.4961
config_perturb,141,1.406550048049418,short_delta=0.276;hold=38;ramp_full_z=0.6907
config_perturb,142,1.4381660515019805,short_delta=0.2113;hold=25;ramp_full_z=0.4363
config_perturb,143,1.3292091156414503,short_delta=0.2475;hold=38;ramp_full_z=0.6035
config_perturb,144,1.194461551282763,short_delta=0.2284;hold=21;ramp_full_z=0.3283
config_perturb,145,1.365253064280705,short_delta=0.2653;hold=38;ramp_full_z=0.5158
config_perturb,146,1.63745890427336,short_delta=0.2084;hold=30;ramp_full_z=0.6269
config_perturb,147,1.5694621113772471,short_delta=0.2162;hold=32;ramp_full_z=0.5079
config_perturb,148,1.5076652195855216,short_delta=0.2248;hold=34;ramp_full_z=0.6479
config_perturb,149,1.360005070842214,short_delta=0.2368;hold=39;ramp_full_z=0.3544
config_perturb,150,1.3431967084273149,short_delta=0.2614;hold=25;ramp_full_z=0.3679
config_perturb,151,1.643389092846513,short_delta=0.2497;hold=30;ramp_full_z=0.34
config_perturb,152,1.6459568695300386,short_delta=0.2968;hold=30;ramp_full_z=0.5664
config_perturb,153,1.632406540635798,short_delta=0.2319;hold=31;ramp_full_z=0.6516
config_perturb,154,1.2262373149793553,short_delta=0.255;hold=22;ramp_full_z=0.6261
config_perturb,155,1.589271699201594,short_delta=0.2815;hold=34;ramp_full_z=0.3298
config_perturb,156,1.55372751364495,short_delta=0.2563;hold=35;ramp_full_z=0.5343
config_perturb,157,1.418957206919753,short_delta=0.2481;hold=40;ramp_full_z=0.4617
config_perturb,158,1.4573083117659482,short_delta=0.2585;hold=40;ramp_full_z=0.6653
config_perturb,159,1.4281159143961129,short_delta=0.2527;hold=27;ramp_full_z=0.3892
config_perturb,160,1.5344510069898811,short_delta=0.2292;hold=35;ramp_full_z=0.61
config_perturb,161,1.214246846175461,short_delta=0.2916;hold=22;ramp_full_z=0.5826
config_perturb,162,1.1655360897301228,short_delta=0.2655;hold=23;ramp_full_z=0.314
config_perturb,163,1.2777219546619323,short_delta=0.2199;hold=39;ramp_full_z=0.5003
config_perturb,164,1.4313286941699386,short_delta=0.298;hold=40;ramp_full_z=0.4632
config_perturb,165,1.4406415845495184,short_delta=0.2441;hold=29;ramp_full_z=0.3433
config_perturb,166,1.6335941419666313,short_delta=0.2102;hold=30;ramp_full_z=0.5936
config_perturb,167,1.6471930984289958,short_delta=0.2577;hold=31;ramp_full_z=0.5563
config_perturb,168,1.4568410073309792,short_delta=0.2009;hold=26;ramp_full_z=0.4079
config_perturb,169,1.4746212520656017,short_delta=0.2657;hold=36;ramp_full_z=0.6702
config_perturb,170,1.6380784877882342,short_delta=0.2687;hold=30;ramp_full_z=0.4179
config_perturb,171,1.4080390988763547,short_delta=0.2081;hold=25;ramp_full_z=0.6806
config_perturb,172,0.997929863671787,short_delta=0.2689;hold=20;ramp_full_z=0.6785
config_perturb,173,1.456303878611978,short_delta=0.2343;hold=36;ramp_full_z=0.3383
config_perturb,174,1.4131457235184002,short_delta=0.2464;hold=37;ramp_full_z=0.6926
config_perturb,175,1.459856257448461,short_delta=0.2469;hold=40;ramp_full_z=0.3601
config_perturb,176,1.3458007570631134,short_delta=0.2216;hold=33;ramp_full_z=0.3772
config_perturb,177,1.2463092439953567,short_delta=0.2514;hold=22;ramp_full_z=0.5457
config_perturb,178,1.4673460779369891,short_delta=0.2364;hold=26;ramp_full_z=0.45
config_perturb,179,1.402441321132708,short_delta=0.2902;hold=26;ramp_full_z=0.534
config_perturb,180,1.261812143326906,short_delta=0.2114;hold=38;ramp_full_z=0.4307
config_perturb,181,1.3082191819249447,short_delta=0.2136;hold=33;ramp_full_z=0.4281
config_perturb,182,1.4202198121721021,short_delta=0.2392;hold=40;ramp_full_z=0.5834
config_perturb,183,1.29236019439426,short_delta=0.2064;hold=33;ramp_full_z=0.5925
config_perturb,184,1.528422642233004,short_delta=0.2458;hold=34;ramp_full_z=0.375
config_perturb,185,1.2578485386832958,short_delta=0.2494;hold=28;ramp_full_z=0.5925
config_perturb,186,1.3677479686538223,short_delta=0.2972;hold=27;ramp_full_z=0.3057
config_perturb,187,1.478271805121526,short_delta=0.2665;hold=26;ramp_full_z=0.3162
config_perturb,188,1.359677969606069,short_delta=0.2733;hold=39;ramp_full_z=0.6079
config_perturb,189,1.3725923997176441,short_delta=0.2806;hold=26;ramp_full_z=0.6805
config_perturb,190,1.3536145394278272,short_delta=0.2197;hold=37;ramp_full_z=0.6412
config_perturb,191,1.644779965159174,short_delta=0.2429;hold=30;ramp_full_z=0.4586
config_perturb,192,1.6212407223520517,short_delta=0.2104;hold=31;ramp_full_z=0.645
config_perturb,193,1.215113826433187,short_delta=0.2021;hold=24;ramp_full_z=0.5106
config_perturb,194,1.401612389569817,short_delta=0.2477;hold=33;ramp_full_z=0.3144
config_perturb,195,1.3668396588640166,short_delta=0.2861;hold=39;ramp_full_z=0.5572
config_perturb,196,1.342233156613011,short_delta=0.2209;hold=33;ramp_full_z=0.6219
config_perturb,197,1.2345458418320572,short_delta=0.2202;hold=23;ramp_full_z=0.3274
config_perturb,198,1.4728570887760133,short_delta=0.2461;hold=26;ramp_full_z=0.4132
config_perturb,199,1.0575409137774985,short_delta=0.2031;hold=20;ramp_full_z=0.487
