ticker,sector,setup_type,setup_direction,setup_score,ret_1d,ret_1w,ret_30d,iv_rank,spot,updated_at,section,bias,direction,scanner_score,scored_at,alpha_composite,alpha_direction,alignment_count,liquidity_rank,option_iv_bonus,option_leverage_score,top_factor_signals_json
PANW,SaaS,C,bull,1.7755,-0.004,0.1963,0.1798,54.79,350.62,2026-07-02 04:14:47.192641+08:00,watchlist,bullish,long,6.504,2026-07-02 04:14:47.172391+08:00,0.5387063761898061,long,2.0,0.39215686274509803,0.5684285714285714,71.8591949327262,"{""accumulation_pressure_6"": 0.9803921568627452, ""dollar_volume_rank"": 0.21568627450980393, ""gap_fade"": 0.6666666666666667, ""gap_follow"": 0.7647058823529411, ""mom_10"": 1.0, ""open_vs_vwap_snapback"": 0.8823529411764706, ""pv_corr_fade_6"": -0.2941176470588235, ""slope_12"": 0.9803921568627452, ""slope_6"": 0.9411764705882353, ""slope_acceleration"": -0.11764705882352944}"
WDC,Memory,C,bear,1.8253,-0.0081,-0.1212,0.054,97.67,593.5,2026-07-02 04:06:45.874254+08:00,watchlist,bearish,short,6.594,2026-07-02 04:06:45.859540+08:00,-0.2729831316801899,short,2.0,0.8137254901960784,1.0,57.21239666859368,"{""accumulation_pressure_6"": -0.6666666666666667, ""dollar_volume_rank"": -0.6274509803921569, ""gap_fade"": -0.7843137254901962, ""gap_follow"": -0.607843137254902, ""mom_10"": -0.7254901960784313, ""open_vs_vwap_snapback"": -0.8823529411764706, ""pv_corr_fade_6"": 1.0, ""slope_12"": -0.7058823529411764, ""slope_6"": -0.6862745098039216, ""slope_acceleration"": 0.9803921568627451}"
ORCL,NeoCloud,C,bull,1.6431,0.0062,-0.0595,-0.4137,46.25,143.39,2026-07-02 04:10:45.771048+08:00,,,,,,-0.6895469607305101,short,0.0,0.7352941176470589,0.44642857142857145,56.19512212508529,"{""accumulation_pressure_6"": -0.9411764705882353, ""dollar_volume_rank"": -0.47058823529411775, ""gap_fade"": -0.27450980392156854, ""gap_follow"": -0.3921568627450981, ""mom_10"": -0.9215686274509804, ""open_vs_vwap_snapback"": -0.7450980392156863, ""pv_corr_fade_6"": -0.6470588235294117, ""slope_12"": -0.9215686274509804, ""slope_6"": -0.8235294117647058, ""slope_acceleration"": -0.8627450980392157}"
NBIS,NeoCloud,,,,0.0123,-0.0959,-0.1096,100.0,232.01,2026-07-02 04:10:36.658064+08:00,watchlist,bearish,short,6.706,2026-07-01 03:01:18.671853+08:00,-0.42027804295506205,short,1.0,0.7156862745098039,1.0,52.350894379403364,"{""accumulation_pressure_6"": -0.6862745098039216, ""dollar_volume_rank"": -0.43137254901960786, ""gap_fade"": -0.9803921568627452, ""gap_follow"": -0.9803921568627451, ""mom_10"": -0.7843137254901961, ""open_vs_vwap_snapback"": -0.9019607843137254, ""pv_corr_fade_6"": 0.2549019607843137, ""slope_12"": -0.5686274509803921, ""slope_6"": -0.6274509803921569, ""slope_acceleration"": 0.7254901960784313}"
META,M7,C,bull,2.4059,-0.0064,0.1218,0.019,85.58,609.0,2026-07-02 04:10:37.260740+08:00,watchlist,bullish,long,6.574,2026-07-02 01:10:35.475321+08:00,0.17516156105369038,long,2.0,0.8529411764705882,1.0,51.42186515611127,"{""accumulation_pressure_6"": -0.196078431372549, ""dollar_volume_rank"": -0.7058823529411764, ""gap_fade"": 0.9803921568627451, ""gap_follow"": 1.0, ""mom_10"": 0.392156862745098, ""open_vs_vwap_snapback"": 0.8235294117647058, ""pv_corr_fade_6"": -0.3137254901960784, ""slope_12"": 0.03921568627450989, ""slope_6"": 0.607843137254902, ""slope_acceleration"": -0.6274509803921569}"
HIMS,Healthcare,,,,-0.004,0.144,0.3602,69.6,37.42,2026-07-02 04:19:01.362458+08:00,,,,,,0.6561166650664125,long,0.0,0.12745098039215685,0.7799999999999999,49.68542145660966,"{""accumulation_pressure_6"": 0.7450980392156863, ""dollar_volume_rank"": 0.7450980392156863, ""gap_fade"": 0.6470588235294117, ""gap_follow"": 0.8235294117647058, ""mom_10"": 0.9607843137254901, ""open_vs_vwap_snapback"": 0.607843137254902, ""pv_corr_fade_6"": -0.8431372549019608, ""slope_12"": 0.9215686274509804, ""slope_6"": 0.7647058823529411, ""slope_acceleration"": 0.8235294117647058}"
KORU,Sector-ETF,C,bear,1.8224,-0.0243,-0.2939,-0.522,82.43,585.45,2026-07-02 04:01:20.014853+08:00,,,,,,-0.42804877306519207,short,1.0,0.21568627450980393,0.9632857142857144,49.62858834425533,"{""accumulation_pressure_6"": -0.07843137254901966, ""dollar_volume_rank"": 0.5686274509803921, ""gap_fade"": -1.0, ""gap_follow"": -0.9607843137254902, ""mom_10"": -0.9803921568627451, ""open_vs_vwap_snapback"": -1.0, ""pv_corr_fade_6"": 0.5294117647058822, ""slope_12"": -0.9803921568627451, ""slope_6"": -0.9803921568627451, ""slope_acceleration"": 0.3921568627450981}"
CRWV,NeoCloud,C,bull,1.6321,0.0086,-0.1249,-0.2754,42.54,86.42,2026-07-02 04:12:09.265480+08:00,watchlist,bullish,long,7.5,2026-07-01 23:22:51.758506+08:00,-0.5477648034148402,short,0.0,0.6470588235294118,0.3934285714285714,49.350694642400164,"{""accumulation_pressure_6"": -0.3921568627450981, ""dollar_volume_rank"": -0.2941176470588236, ""gap_fade"": -0.9411764705882353, ""gap_follow"": -0.9411764705882353, ""mom_10"": -0.9411764705882353, ""open_vs_vwap_snapback"": -0.9607843137254901, ""pv_corr_fade_6"": -0.05882352941176472, ""slope_12"": -0.8627450980392157, ""slope_6"": -0.9215686274509804, ""slope_acceleration"": 0.3529411764705882}"
IREN,NeoCloud,,,,0.0007,-0.092,-0.3491,45.35,43.35,2026-07-02 04:11:57.542492+08:00,,,,,,-0.6421257764409153,short,0.0,0.4215686274509804,0.4335714285714286,48.79093320240469,"{""accumulation_pressure_6"": -0.4509803921568627, ""dollar_volume_rank"": 0.1568627450980392, ""gap_fade"": -0.5686274509803921, ""gap_follow"": -0.6274509803921569, ""mom_10"": -0.9607843137254902, ""open_vs_vwap_snapback"": -0.9411764705882353, ""pv_corr_fade_6"": -0.5294117647058824, ""slope_12"": -0.9411764705882353, ""slope_6"": -0.9411764705882353, ""slope_acceleration"": -0.588235294117647}"
COHR,DC-Connect,C,bear,1.8635,-0.0093,-0.1032,-0.1444,93.14,365.23,2026-07-02 03:33:51.156044+08:00,watchlist,bearish,short,7.5,2026-07-02 03:33:51.146321+08:00,-0.16317808066174022,short,2.0,0.45098039215686275,1.0,48.22261760710613,"{""accumulation_pressure_6"": 0.9019607843137254, ""dollar_volume_rank"": 0.0980392156862745, ""gap_fade"": -0.8235294117647058, ""gap_follow"": -0.7450980392156863, ""mom_10"": -0.196078431372549, ""open_vs_vwap_snapback"": -0.803921568627451, ""pv_corr_fade_6"": 0.5686274509803921, ""slope_12"": -0.039215686274509776, ""slope_6"": -0.6666666666666667, ""slope_acceleration"": 0.3137254901960784}"
KO,Consumer,C,bull,1.7174,0.0028,0.0137,0.0397,68.44,81.52,2026-07-02 04:17:33.837156+08:00,watchlist,bullish,long,7.112,2026-07-02 04:17:33.825996+08:00,0.17993548677739918,long,2.0,0.3333333333333333,0.7634285714285713,47.44796502679888,"{""accumulation_pressure_6"": -0.17647058823529416, ""dollar_volume_rank"": 0.33333333333333337, ""gap_fade"": 0.4901960784313726, ""gap_follow"": 0.5294117647058822, ""mom_10"": 0.2941176470588236, ""open_vs_vwap_snapback"": -0.13725490196078427, ""pv_corr_fade_6"": -0.7647058823529411, ""slope_12"": 0.47058823529411775, ""slope_6"": 0.03921568627450989, ""slope_acceleration"": 0.1568627450980392}"
ALAB,DC-Connect,,,,0.0101,0.0935,0.2233,89.26,435.2,2026-07-02 03:30:10.190550+08:00,watchlist,bullish,long,7.5,2026-07-02 03:30:10.108347+08:00,0.359604767157998,long,1.0,0.49019607843137253,1.0,47.37331409321672,"{""accumulation_pressure_6"": 0.13725490196078427, ""dollar_volume_rank"": 0.019607843137254943, ""gap_fade"": -0.4509803921568627, ""gap_follow"": -0.5490196078431373, ""mom_10"": 0.9411764705882353, ""open_vs_vwap_snapback"": 0.9411764705882353, ""pv_corr_fade_6"": 0.019607843137254832, ""slope_12"": 0.9411764705882353, ""slope_6"": 0.8627450980392157, ""slope_acceleration"": 0.6862745098039216}"
JPM,Banks,C,bull,1.663,0.0031,-0.0001,0.1134,42.14,335.1,2026-07-02 04:19:23.131876+08:00,watchlist,bullish,long,7.5,2026-06-29 22:04:59.159355+08:00,0.17363066026585483,long,2.0,0.6568627450980392,0.38771428571428573,47.233817086957174,"{""accumulation_pressure_6"": -0.4901960784313726, ""dollar_volume_rank"": -0.3137254901960784, ""gap_fade"": 0.37254901960784315, ""gap_follow"": 0.4901960784313726, ""mom_10"": 0.21568627450980382, ""open_vs_vwap_snapback"": -0.4509803921568627, ""pv_corr_fade_6"": 0.11764705882352944, ""slope_12"": 0.41176470588235303, ""slope_6"": -0.33333333333333337, ""slope_acceleration"": 0.5882352941176471}"
LLY,Healthcare,C,bull,1.7958,0.0002,0.057,0.1201,41.57,1192.0,2026-07-02 04:17:43.122978+08:00,watchlist,bearish,short,7.5,2026-07-02 04:17:43.091920+08:00,0.32563969637900597,long,1.0,0.6764705882352942,0.37957142857142856,46.13911740199261,"{""accumulation_pressure_6"": 0.5686274509803921, ""dollar_volume_rank"": -0.3529411764705883, ""gap_fade"": 0.7254901960784313, ""gap_follow"": 0.7254901960784315, ""mom_10"": 0.6862745098039216, ""open_vs_vwap_snapback"": 0.4509803921568627, ""pv_corr_fade_6"": -0.8823529411764706, ""slope_12"": 0.8431372549019607, ""slope_6"": 0.588235294117647, ""slope_acceleration"": -0.019607843137254832}"
APP,SaaS,C,bull,2.0473,-0.0092,0.2545,-0.0763,34.51,559.44,2026-07-02 04:14:53.028509+08:00,,,,,,0.38403920009068343,long,1.0,0.5980392156862745,0.2787142857142857,46.058747227636346,"{""accumulation_pressure_6"": 0.9607843137254901, ""dollar_volume_rank"": -0.196078431372549, ""gap_fade"": 0.9411764705882353, ""gap_follow"": 0.9607843137254901, ""mom_10"": 0.803921568627451, ""open_vs_vwap_snapback"": 0.8627450980392157, ""pv_corr_fade_6"": 0.0, ""slope_12"": 0.588235294117647, ""slope_6"": 0.9215686274509804, ""slope_acceleration"": -0.8431372549019607}"
AMD,Semi-Logic,C,bull,1.7588,0.0058,0.0215,0.0431,92.56,544.0,2026-07-02 03:31:26.686898+08:00,watchlist,bullish,long,6.737,2026-07-01 21:31:28.377086+08:00,0.1072295550468175,long,2.0,0.9019607843137255,1.0,46.02257277484585,"{""accumulation_pressure_6"": 0.9215686274509804, ""dollar_volume_rank"": -0.803921568627451, ""gap_fade"": -0.6666666666666667, ""gap_follow"": -0.5882352941176471, ""mom_10"": 0.7058823529411764, ""open_vs_vwap_snapback"": 0.6470588235294117, ""pv_corr_fade_6"": -0.11764705882352944, ""slope_12"": 0.6274509803921569, ""slope_6"": 0.5294117647058822, ""slope_acceleration"": 0.33333333333333337}"
QCOM,Semi-Logic,C,bull,1.4405,-0.0013,-0.1133,-0.2456,74.29,181.69,2026-07-02 04:05:21.180499+08:00,watchlist,bullish,long,7.332,2026-07-02 04:05:21.138313+08:00,-0.4532089170274325,short,0.0,0.7058823529411765,0.8470000000000001,44.46878595662615,"{""accumulation_pressure_6"": -0.8627450980392157, ""dollar_volume_rank"": -0.41176470588235303, ""gap_fade"": -0.15686274509803932, ""gap_follow"": -0.13725490196078427, ""mom_10"": -0.8235294117647058, ""open_vs_vwap_snapback"": -0.9215686274509804, ""pv_corr_fade_6"": 0.47058823529411775, ""slope_12"": -0.8235294117647058, ""slope_6"": -0.8823529411764706, ""slope_acceleration"": -0.37254901960784315}"
NET,SaaS,C,bull,1.5535,0.0,0.0867,-0.0966,51.71,246.31,2026-07-02 04:13:29.255727+08:00,,,,,,0.37402909399270523,long,1.0,0.13725490196078433,0.5244285714285715,43.29627537500757,"{""accumulation_pressure_6"": 0.9411764705882353, ""dollar_volume_rank"": 0.7254901960784313, ""gap_fade"": 0.8235294117647058, ""gap_follow"": 0.803921568627451, ""mom_10"": 0.7254901960784315, ""open_vs_vwap_snapback"": 0.7450980392156863, ""pv_corr_fade_6"": -0.7450980392156863, ""slope_12"": 0.7058823529411764, ""slope_6"": 0.6666666666666667, ""slope_acceleration"": -0.7254901960784315}"
TSLA,M7,C,bull,1.9717,-0.0059,0.127,-0.0023,26.11,422.77,2026-07-02 03:31:23.172264+08:00,watchlist,bullish,long,7.016,2026-07-01 21:31:23.298372+08:00,0.07425967715879163,long,2.0,0.9313725490196079,0.1587142857142857,40.9554472890706,"{""accumulation_pressure_6"": 0.6274509803921569, ""dollar_volume_rank"": -0.8627450980392157, ""gap_fade"": 0.2549019607843137, ""gap_follow"": 0.2941176470588236, ""mom_10"": 0.6274509803921569, ""open_vs_vwap_snapback"": 0.7843137254901961, ""pv_corr_fade_6"": -0.5490196078431373, ""slope_12"": 0.43137254901960786, ""slope_6"": 0.7843137254901962, ""slope_acceleration"": -0.7058823529411764}"
AMAT,Semi-Cap,C,bull,1.4009,0.0097,-0.0162,0.3411,97.62,657.2,2026-07-02 03:31:21.776616+08:00,watchlist,bearish,short,7.5,2026-07-02 03:31:21.760971+08:00,0.20671298239554806,long,1.0,0.8235294117647058,1.0,40.43890582651189,"{""accumulation_pressure_6"": -0.05882352941176472, ""dollar_volume_rank"": -0.6470588235294117, ""gap_fade"": -0.9019607843137254, ""gap_follow"": -0.9019607843137255, ""mom_10"": 0.9215686274509804, ""open_vs_vwap_snapback"": 0.039215686274509776, ""pv_corr_fade_6"": 0.6274509803921569, ""slope_12"": 0.9607843137254901, ""slope_6"": 0.7450980392156863, ""slope_acceleration"": 0.9411764705882353}"
TER,Semi-Cap,,,,0.0132,-0.0825,0.1028,100.0,433.0,2026-07-02 04:05:15.775008+08:00,watchlist,bullish,long,7.5,2026-07-02 04:05:15.759201+08:00,0.22910016473201758,long,1.0,0.46078431372549017,1.0,38.090933099868685,"{""accumulation_pressure_6"": 0.607843137254902, ""dollar_volume_rank"": 0.07843137254901966, ""gap_fade"": -0.7254901960784315, ""gap_follow"": -0.7647058823529411, ""mom_10"": 0.5686274509803921, ""open_vs_vwap_snapback"": 0.3921568627450981, ""pv_corr_fade_6"": 0.3137254901960784, ""slope_12"": 0.8235294117647058, ""slope_6"": 0.15686274509803932, ""slope_acceleration"": 0.803921568627451}"
ANET,DC-Connect,C,bull,2.0045,0.004,0.0111,-0.0459,59.66,167.28,2026-07-02 03:32:39.830987+08:00,watchlist,bullish,long,6.639,2026-07-02 03:32:39.817871+08:00,0.04834573162701664,long,2.0,0.28431372549019607,0.6379999999999999,37.68401984134214,"{""accumulation_pressure_6"": 0.43137254901960786, ""dollar_volume_rank"": 0.43137254901960786, ""gap_fade"": -0.392156862745098, ""gap_follow"": -0.47058823529411764, ""mom_10"": 0.019607843137254832, ""open_vs_vwap_snapback"": 0.21568627450980393, ""pv_corr_fade_6"": 0.41176470588235303, ""slope_12"": 0.05882352941176472, ""slope_6"": 0.3529411764705883, ""slope_acceleration"": 0.039215686274509776}"
CVX,Energy,C,bull,1.4483,0.0019,-0.0362,-0.1149,56.62,166.0,2026-07-02 04:19:12.945939+08:00,watchlist,bearish,short,7.5,2026-07-02 04:19:12.935840+08:00,-0.22094287404156024,short,1.0,0.3431372549019608,0.5945714285714285,37.482423171704745,"{""accumulation_pressure_6"": -0.803921568627451, ""dollar_volume_rank"": 0.3137254901960784, ""gap_fade"": -0.0980392156862746, ""gap_follow"": -0.07843137254901966, ""mom_10"": -0.5490196078431373, ""open_vs_vwap_snapback"": -0.6862745098039216, ""pv_corr_fade_6"": 0.8431372549019607, ""slope_12"": -0.4117647058823529, ""slope_6"": -0.607843137254902, ""slope_acceleration"": -0.3529411764705883}"
CRWD,SaaS,,,,-0.0067,0.131,-0.0018,59.63,767.56,2026-07-02 04:13:34.099781+08:00,watchlist,bearish,short,7.293,2026-07-02 04:13:34.087024+08:00,0.4104748796662261,long,0.0,0.4803921568627451,0.6375714285714286,37.331988075235266,"{""accumulation_pressure_6"": 0.7058823529411764, ""dollar_volume_rank"": 0.039215686274509776, ""gap_fade"": 0.7450980392156863, ""gap_follow"": 0.6470588235294117, ""mom_10"": 0.9019607843137254, ""open_vs_vwap_snapback"": 0.803921568627451, ""pv_corr_fade_6"": -0.4509803921568627, ""slope_12"": 0.8823529411764706, ""slope_6"": 0.8431372549019607, ""slope_acceleration"": -0.392156862745098}"
INTC,Foundry,,,,-0.0001,-0.0441,0.1768,94.8,127.01,2026-07-02 04:00:08.531506+08:00,watchlist,bullish,long,7.5,2026-07-02 04:00:08.518551+08:00,0.16593930531206316,long,1.0,0.9117647058823529,1.0,35.924574901256186,"{""accumulation_pressure_6"": 0.0, ""dollar_volume_rank"": -0.8235294117647058, ""gap_fade"": -0.5294117647058822, ""gap_follow"": -0.4509803921568627, ""mom_10"": 0.7843137254901962, ""open_vs_vwap_snapback"": 0.4901960784313726, ""pv_corr_fade_6"": -0.21568627450980393, ""slope_12"": 0.6862745098039216, ""slope_6"": -0.11764705882352944, ""slope_acceleration"": 0.9607843137254902}"
AVGO,Semi-Logic,C,bull,4.7776,0.0013,-0.024,-0.2321,40.44,369.82,2026-07-02 03:30:11.268003+08:00,watchlist,bullish,long,7.5,2026-07-02 03:30:11.259518+08:00,-0.2715682790488637,short,0.0,0.8627450980392157,0.3634285714285714,35.69361930933082,"{""accumulation_pressure_6"": -0.3137254901960784, ""dollar_volume_rank"": -0.7254901960784315, ""gap_fade"": -0.2941176470588236, ""gap_follow"": -0.21568627450980393, ""mom_10"": -0.039215686274509776, ""open_vs_vwap_snapback"": -0.2549019607843137, ""pv_corr_fade_6"": -0.1568627450980392, ""slope_12"": -0.2549019607843137, ""slope_6"": -0.43137254901960786, ""slope_acceleration"": -0.23529411764705888}"
UNH,Healthcare,C,bull,1.6516,-0.0002,0.0263,0.1284,40.42,426.46,2026-07-02 04:06:37.746486+08:00,,,,,,0.24338226898823676,long,1.0,0.5196078431372549,0.36314285714285716,35.56476947343428,"{""accumulation_pressure_6"": 0.7843137254901962, ""dollar_volume_rank"": -0.03921568627450989, ""gap_fade"": 0.3921568627450981, ""gap_follow"": 0.41176470588235303, ""mom_10"": 0.588235294117647, ""open_vs_vwap_snapback"": -0.3137254901960784, ""pv_corr_fade_6"": -0.6666666666666667, ""slope_12"": 0.6666666666666667, ""slope_6"": 0.33333333333333326, ""slope_acceleration"": 0.23529411764705888}"
ARM,Semi-Logic,,,,-0.0025,-0.0319,-0.1641,94.73,336.62,2026-07-02 03:32:39.544827+08:00,,,,,,-0.3939024567570904,short,0.0,0.7549019607843137,1.0,35.347681776917895,"{""accumulation_pressure_6"": 0.0980392156862746, ""dollar_volume_rank"": -0.5098039215686274, ""gap_fade"": -0.607843137254902, ""gap_follow"": -0.2941176470588235, ""mom_10"": -0.803921568627451, ""open_vs_vwap_snapback"": -0.41176470588235303, ""pv_corr_fade_6"": -0.019607843137254943, ""slope_12"": -0.8431372549019608, ""slope_6"": -0.5686274509803921, ""slope_acceleration"": 0.07843137254901966}"
SNPS,Semi-Cap,C,bear,1.5947,0.0029,0.0018,-0.1033,66.2,455.85,2026-07-02 04:02:45.903937+08:00,watchlist,bullish,long,6.719,2026-07-02 04:02:45.877141+08:00,0.1905350646917993,long,1.0,0.17647058823529413,0.7314285714285714,34.89707175531671,"{""accumulation_pressure_6"": 0.05882352941176472, ""dollar_volume_rank"": 0.6470588235294117, ""gap_fade"": 0.803921568627451, ""gap_follow"": 0.7450980392156863, ""mom_10"": 0.3137254901960784, ""open_vs_vwap_snapback"": 0.05882352941176472, ""pv_corr_fade_6"": -0.7843137254901961, ""slope_12"": 0.15686274509803932, ""slope_6"": -0.4509803921568627, ""slope_acceleration"": -0.13725490196078427}"
TSM,Foundry,C,bull,1.615,0.0092,0.0306,0.0036,100.0,448.3,2026-07-02 04:06:32.447249+08:00,watchlist,neutral,,7.5,2026-07-02 04:06:32.434292+08:00,0.12411169975549484,long,1.0,0.7941176470588235,1.0,34.83090721817876,"{""accumulation_pressure_6"": 0.3529411764705883, ""dollar_volume_rank"": -0.588235294117647, ""gap_fade"": -0.3529411764705883, ""gap_follow"": -0.4901960784313726, ""mom_10"": 0.5490196078431373, ""open_vs_vwap_snapback"": 0.7058823529411764, ""pv_corr_fade_6"": 0.4901960784313726, ""slope_12"": 0.5490196078431373, ""slope_6"": 0.392156862745098, ""slope_acceleration"": 0.05882352941176472}"
LITE,DC-Connect,,,,-0.0077,-0.0777,-0.2275,65.75,795.0,2026-07-02 04:02:46.164719+08:00,watchlist,bullish,long,7.5,2026-07-02 04:02:46.150994+08:00,-0.34188215014413326,short,0.0,0.7745098039215687,0.725,34.45429952969717,"{""accumulation_pressure_6"": 0.8431372549019607, ""dollar_volume_rank"": -0.5490196078431373, ""gap_fade"": -0.6862745098039216, ""gap_follow"": -0.5686274509803921, ""mom_10"": -0.607843137254902, ""open_vs_vwap_snapback"": -0.588235294117647, ""pv_corr_fade_6"": 0.7058823529411764, ""slope_12"": -0.5098039215686274, ""slope_6"": -0.5490196078431373, ""slope_acceleration"": -0.17647058823529416}"
MRVL,DC-Connect,C,bull,1.9636,-0.0057,-0.0382,-0.0697,73.93,270.51,2026-07-02 04:04:04.216894+08:00,watchlist,bullish,long,6.466,2026-07-02 04:04:04.202648+08:00,-0.2811595770206607,short,0.0,0.9215686274509803,0.841857142857143,33.83484210012972,"{""accumulation_pressure_6"": 0.4901960784313726, ""dollar_volume_rank"": -0.8431372549019607, ""gap_fade"": -0.7450980392156863, ""gap_follow"": -0.5098039215686274, ""mom_10"": -0.07843137254901966, ""open_vs_vwap_snapback"": 0.37254901960784315, ""pv_corr_fade_6"": -0.47058823529411764, ""slope_12"": -0.37254901960784315, ""slope_6"": 0.11764705882352944, ""slope_acceleration"": -0.15686274509803932}"
WFC,Banks,C,bull,1.9186,-0.0006,0.0136,0.0812,43.3,85.89,2026-07-02 04:16:14.156920+08:00,,,,,,0.21777439048702588,long,1.0,0.2647058823529412,0.40428571428571425,33.06277960299937,"{""accumulation_pressure_6"": -0.607843137254902, ""dollar_volume_rank"": 0.47058823529411764, ""gap_fade"": 0.27450980392156865, ""gap_follow"": 0.3137254901960784, ""mom_10"": 0.2549019607843137, ""open_vs_vwap_snapback"": -0.5686274509803921, ""pv_corr_fade_6"": 0.5098039215686274, ""slope_12"": 0.37254901960784315, ""slope_6"": -0.0980392156862745, ""slope_acceleration"": 0.4117647058823529}"
NVDA,M7,C,bull,1.8724,0.0004,0.0098,-0.113,29.29,197.65,2026-07-02 04:10:45.825642+08:00,watchlist,bullish,long,7.5,2026-07-02 04:10:45.810643+08:00,-0.2883971160170429,short,0.0,0.9705882352941176,0.20414285714285713,32.41591072623502,"{""accumulation_pressure_6"": 0.392156862745098, ""dollar_volume_rank"": -0.9411764705882353, ""gap_fade"": -0.33333333333333326, ""gap_follow"": -0.37254901960784315, ""mom_10"": -0.33333333333333337, ""open_vs_vwap_snapback"": -0.05882352941176472, ""pv_corr_fade_6"": 0.0980392156862746, ""slope_12"": -0.3529411764705882, ""slope_6"": -0.019607843137254943, ""slope_acceleration"": -0.33333333333333326}"
JNJ,Healthcare,,,,-0.0048,0.0321,0.134,84.54,252.75,2026-07-02 04:17:47.783339+08:00,watchlist,neutral,,7.144,2026-07-02 04:17:47.771954+08:00,0.3120173958263779,long,0.0,0.4411764705882353,0.9934285714285715,31.592814346501918,"{""accumulation_pressure_6"": 0.8823529411764706, ""dollar_volume_rank"": 0.11764705882352944, ""gap_fade"": 0.019607843137254943, ""gap_follow"": 0.03921568627450989, ""mom_10"": 0.7450980392156863, ""open_vs_vwap_snapback"": 0.07843137254901966, ""pv_corr_fade_6"": -0.27450980392156865, ""slope_12"": 0.8627450980392157, ""slope_6"": 0.41176470588235303, ""slope_acceleration"": 0.37254901960784315}"
WMT,Consumer,,,,-0.0002,-0.0603,-0.0377,34.4,108.8,2026-07-02 04:17:38.725482+08:00,,,,,,-0.38928154251467184,short,0.0,0.6274509803921569,0.27714285714285714,31.49553430655924,"{""accumulation_pressure_6"": -0.9215686274509804, ""dollar_volume_rank"": -0.2549019607843137, ""gap_fade"": -0.41176470588235303, ""gap_follow"": -0.7058823529411764, ""mom_10"": -0.6862745098039216, ""open_vs_vwap_snapback"": -0.7843137254901962, ""pv_corr_fade_6"": -0.13725490196078427, ""slope_12"": -0.3137254901960784, ""slope_6"": -0.7647058823529411, ""slope_acceleration"": 0.2549019607843137}"
AAOI,DC-Connect,,,,-0.0121,-0.0088,-0.3214,50.01,137.32,2026-07-02 03:31:28.452353+08:00,watchlist,bullish,long,6.855,2026-06-30 21:31:25.103313+08:00,-0.33809124956028197,short,0.0,0.47058823529411764,0.5001428571428571,31.447400074261754,"{""accumulation_pressure_6"": 0.33333333333333326, ""dollar_volume_rank"": 0.05882352941176472, ""gap_fade"": -0.43137254901960786, ""gap_follow"": -0.27450980392156865, ""mom_10"": -0.8627450980392157, ""open_vs_vwap_snapback"": 0.27450980392156865, ""pv_corr_fade_6"": 0.607843137254902, ""slope_12"": -0.9019607843137255, ""slope_6"": -0.05882352941176472, ""slope_acceleration"": -0.8235294117647058}"
SNDK,Memory,,,,-0.0139,-0.1418,0.1676,86.46,2004.0,2026-07-02 04:11:57.745263+08:00,watchlist,bearish,short,6.575,2026-07-02 04:11:57.703382+08:00,-0.10364555668481568,short,1.0,0.9607843137254902,1.0,31.34661053656455,"{""accumulation_pressure_6"": 0.2941176470588236, ""dollar_volume_rank"": -0.9215686274509804, ""gap_fade"": -0.9215686274509804, ""gap_follow"": -0.8431372549019608, ""mom_10"": 0.37254901960784315, ""open_vs_vwap_snapback"": -0.6274509803921569, ""pv_corr_fade_6"": -0.6274509803921569, ""slope_12"": 0.5686274509803921, ""slope_6"": 0.27450980392156854, ""slope_acceleration"": 0.9215686274509804}"
MU,Memory,C,bear,1.4356,-0.0127,-0.1602,-0.0422,84.92,1019.17,2026-07-02 04:10:31.755589+08:00,watchlist,bullish,long,7.5,2026-07-01 16:20:07.172181+08:00,-0.06261528515101807,short,1.0,1.0,0.9988571428571429,31.281898531999836,"{""accumulation_pressure_6"": -0.13725490196078427, ""dollar_volume_rank"": -1.0, ""gap_fade"": -0.8627450980392157, ""gap_follow"": -0.7843137254901961, ""mom_10"": 0.27450980392156854, ""open_vs_vwap_snapback"": -0.8627450980392157, ""pv_corr_fade_6"": 0.9607843137254901, ""slope_12"": 0.607843137254902, ""slope_6"": -0.5098039215686274, ""slope_acceleration"": 0.8627450980392157}"
HD,Consumer,,,,-0.0007,0.0162,0.1254,48.52,350.58,2026-07-02 04:31:31.929183+08:00,,,,,,0.3860653352935746,long,0.0,0.35294117647058826,0.4788571428571429,30.704707924331736,"{""accumulation_pressure_6"": 0.803921568627451, ""dollar_volume_rank"": 0.2941176470588235, ""gap_fade"": 0.43137254901960786, ""gap_follow"": 0.392156862745098, ""mom_10"": 0.5098039215686274, ""open_vs_vwap_snapback"": 0.2941176470588235, ""pv_corr_fade_6"": -0.8235294117647058, ""slope_12"": 0.7843137254901962, ""slope_6"": 0.2549019607843137, ""slope_acceleration"": 0.6470588235294117}"
HOOD,Fintech,,,,0.0023,0.1651,0.2353,49.59,108.9,2026-07-02 04:14:45.915060+08:00,watchlist,bearish,short,6.41,2026-06-30 02:25:16.535004+08:00,0.3151437238371465,long,0.0,0.6666666666666666,0.4941428571428572,30.574965430505017,"{""accumulation_pressure_6"": 0.15686274509803932, ""dollar_volume_rank"": -0.33333333333333326, ""gap_fade"": 0.4509803921568627, ""gap_follow"": 0.43137254901960786, ""mom_10"": 0.8823529411764706, ""open_vs_vwap_snapback"": 0.13725490196078427, ""pv_corr_fade_6"": -0.8627450980392157, ""slope_12"": 0.392156862745098, ""slope_6"": 0.7058823529411764, ""slope_acceleration"": 0.607843137254902}"
GLW,DC-Connect,,,,0.0051,-0.0274,0.1066,95.94,221.76,2026-07-02 03:36:25.912533+08:00,watchlist,bearish,short,7.246,2026-07-02 03:36:25.897350+08:00,0.2715257507497626,long,0.0,0.696078431372549,1.0,30.11019470934613,"{""accumulation_pressure_6"": 0.5098039215686274, ""dollar_volume_rank"": -0.392156862745098, ""gap_fade"": -0.8431372549019607, ""gap_follow"": -0.8235294117647058, ""mom_10"": 0.9803921568627452, ""open_vs_vwap_snapback"": 0.47058823529411764, ""pv_corr_fade_6"": 0.5490196078431373, ""slope_12"": 1.0, ""slope_6"": 0.7254901960784315, ""slope_acceleration"": 0.7058823529411764}"
TSEM,Foundry,,,,0.0014,-0.0892,-0.1052,92.0,245.8,2026-07-02 04:08:03.567586+08:00,watchlist,bearish,short,6.471,2026-07-02 04:08:03.528984+08:00,-0.1483539616784434,short,1.0,0.058823529411764705,1.0,29.91439496454986,"{""accumulation_pressure_6"": 0.6470588235294117, ""dollar_volume_rank"": 0.8823529411764706, ""gap_fade"": -0.7647058823529411, ""gap_follow"": -0.6862745098039216, ""mom_10"": -0.6274509803921569, ""open_vs_vwap_snapback"": -0.7647058823529411, ""pv_corr_fade_6"": 0.4509803921568627, ""slope_12"": -0.6666666666666667, ""slope_6"": -0.8627450980392157, ""slope_acceleration"": 0.7450980392156863}"
AAPL,M7,C,bull,1.9698,0.0073,0.0777,-0.0592,65.17,296.53,2026-07-02 04:09:14.295285+08:00,watchlist,bearish,short,7.055,2026-07-02 04:09:14.249193+08:00,0.04717116440626651,long,1.0,0.9509803921568627,0.7167142857142857,29.405940612080112,"{""accumulation_pressure_6"": 0.21568627450980382, ""dollar_volume_rank"": -0.9019607843137254, ""gap_fade"": 0.7058823529411764, ""gap_follow"": 0.6274509803921569, ""mom_10"": 0.0, ""open_vs_vwap_snapback"": 0.5686274509803921, ""pv_corr_fade_6"": -0.3529411764705882, ""slope_12"": -0.0980392156862745, ""slope_6"": 0.21568627450980382, ""slope_acceleration"": -0.2941176470588236}"
SNOW,SaaS,,,,-0.0007,0.1495,-0.0005,46.36,261.01,2026-07-02 04:13:24.518981+08:00,,,,,,0.36207319153716605,long,0.0,0.3235294117647059,0.448,28.754770466425153,"{""accumulation_pressure_6"": 1.0, ""dollar_volume_rank"": 0.3529411764705882, ""gap_fade"": 0.7647058823529411, ""gap_follow"": 0.6862745098039216, ""mom_10"": 0.8235294117647058, ""open_vs_vwap_snapback"": 0.7647058823529411, ""pv_corr_fade_6"": -0.9607843137254902, ""slope_12"": 0.803921568627451, ""slope_6"": 0.803921568627451, ""slope_acceleration"": -0.5686274509803921}"
FN,DC-Connect,,,,0.002,-0.0344,-0.218,65.88,548.26,2026-07-02 03:35:09.159300+08:00,watchlist,bullish,long,6.383,2026-07-02 03:35:09.148845+08:00,-0.30606316793697363,short,0.0,0.14705882352941177,0.7268571428571428,28.258644444663787,"{""accumulation_pressure_6"": -0.7647058823529411, ""dollar_volume_rank"": 0.7058823529411764, ""gap_fade"": -0.47058823529411775, ""gap_follow"": -0.33333333333333337, ""mom_10"": -0.4901960784313726, ""open_vs_vwap_snapback"": -0.17647058823529416, ""pv_corr_fade_6"": 0.3529411764705883, ""slope_12"": -0.6470588235294117, ""slope_6"": -0.47058823529411764, ""slope_acceleration"": -0.607843137254902}"
COST,Consumer,C,bull,1.3987,0.0012,-0.0175,-0.0298,41.67,925.79,2026-07-02 04:16:23.660728+08:00,watchlist,bearish,short,7.5,2026-07-02 04:16:23.649458+08:00,-0.08385238047240322,short,1.0,0.5098039215686274,0.381,27.790736240911365,"{""accumulation_pressure_6"": -0.7254901960784313, ""dollar_volume_rank"": -0.019607843137254832, ""gap_fade"": 0.5098039215686274, ""gap_follow"": 0.5490196078431373, ""mom_10"": -0.3921568627450981, ""open_vs_vwap_snapback"": -0.2941176470588236, ""pv_corr_fade_6"": -0.6862745098039216, ""slope_12"": -0.11764705882352944, ""slope_6"": -0.5294117647058824, ""slope_acceleration"": 0.019607843137254943}"
HUT,NeoCloud,,,,0.0105,-0.0916,-0.1964,49.02,106.9,2026-07-02 03:35:14.025446+08:00,watchlist,bullish,long,6.894,2026-07-02 03:35:13.984681+08:00,-0.3089268206090205,short,0.0,0.08823529411764706,0.48600000000000004,27.457053913219667,"{""accumulation_pressure_6"": 0.8235294117647058, ""dollar_volume_rank"": 0.8235294117647058, ""gap_fade"": -0.7058823529411764, ""gap_follow"": -0.803921568627451, ""mom_10"": -0.7647058823529411, ""open_vs_vwap_snapback"": -0.8431372549019607, ""pv_corr_fade_6"": -0.9411764705882353, ""slope_12"": -0.33333333333333337, ""slope_6"": -0.7843137254901961, ""slope_acceleration"": 0.4509803921568627}"
BAC,Banks,,,,-0.0002,0.0027,0.1119,29.15,58.35,2026-07-02 04:16:08.743678+08:00,watchlist,bearish,short,6.387,2026-06-29 23:29:02.715315+08:00,0.2921462201593286,long,0.0,0.43137254901960786,0.20214285714285712,26.60916958482247,"{""accumulation_pressure_6"": -0.5294117647058824, ""dollar_volume_rank"": 0.13725490196078427, ""gap_fade"": 0.3137254901960784, ""gap_follow"": 0.33333333333333326, ""mom_10"": 0.47058823529411775, ""open_vs_vwap_snapback"": -0.5294117647058822, ""pv_corr_fade_6"": 0.588235294117647, ""slope_12"": 0.5294117647058822, ""slope_6"": -0.1568627450980392, ""slope_acceleration"": 0.6666666666666667}"
SMH,Sector-ETF,C,bear,1.6035,0.0051,-0.0208,-0.0136,88.17,623.61,2026-07-02 04:06:36.865243+08:00,,,,,,-0.058161967305773825,short,1.0,0.803921568627451,1.0,26.496195554541423,"{""accumulation_pressure_6"": 0.11764705882352944, ""dollar_volume_rank"": -0.607843137254902, ""gap_fade"": -0.4901960784313726, ""gap_follow"": -0.6666666666666667, ""mom_10"": 0.17647058823529416, ""open_vs_vwap_snapback"": 0.1568627450980392, ""pv_corr_fade_6"": 0.43137254901960786, ""slope_12"": 0.11764705882352944, ""slope_6"": 0.13725490196078427, ""slope_acceleration"": 0.196078431372549}"
GOOGL,M7,C,bull,1.6357,-0.003,0.0478,-0.0047,63.88,360.14,2026-07-02 04:10:31.966160+08:00,,,,,,0.06429871512584415,long,1.0,0.8725490196078431,0.6982857142857143,26.110348013991164,"{""accumulation_pressure_6"": 0.5294117647058822, ""dollar_volume_rank"": -0.7450980392156863, ""gap_fade"": 0.33333333333333337, ""gap_follow"": 0.27450980392156854, ""mom_10"": -0.1568627450980392, ""open_vs_vwap_snapback"": 0.5098039215686274, ""pv_corr_fade_6"": 0.9803921568627452, ""slope_12"": -0.13725490196078427, ""slope_6"": 0.4509803921568627, ""slope_acceleration"": -0.43137254901960786}"
QQQ,Beta,C,bear,1.4059,0.0014,0.0137,-0.0268,63.42,726.19,2026-07-02 04:02:37.342762+08:00,,,,,,-0.06025950931746232,short,1.0,0.9803921568627451,0.6917142857142857,25.99583357939323,"{""accumulation_pressure_6"": -0.039215686274509776, ""dollar_volume_rank"": -0.9607843137254901, ""gap_fade"": -0.17647058823529416, ""gap_follow"": -0.1568627450980392, ""mom_10"": 0.05882352941176472, ""open_vs_vwap_snapback"": 0.23529411764705888, ""pv_corr_fade_6"": 0.392156862745098, ""slope_12"": 0.07843137254901955, ""slope_6"": 0.2941176470588236, ""slope_acceleration"": -0.07843137254901955}"
LRCX,Semi-Cap,,,,0.0053,-0.0211,0.1763,100.0,393.35,2026-07-02 04:03:57.986436+08:00,watchlist,bearish,short,7.5,2026-07-02 04:03:57.943226+08:00,0.19919498960121568,long,0.0,0.7843137254901961,1.0,25.615217899536077,"{""accumulation_pressure_6"": 0.6666666666666667, ""dollar_volume_rank"": -0.5686274509803921, ""gap_fade"": -0.8823529411764706, ""gap_follow"": -0.8627450980392157, ""mom_10"": 0.6666666666666667, ""open_vs_vwap_snapback"": 0.2549019607843137, ""pv_corr_fade_6"": 0.8627450980392157, ""slope_12"": 0.7450980392156863, ""slope_6"": 0.5686274509803921, ""slope_acceleration"": 0.7843137254901961}"
ISRG,Healthcare,,,,0.0012,0.0079,0.0014,80.23,402.86,2026-07-02 04:01:20.031137+08:00,watchlist,bullish,long,6.381,2026-07-02 04:01:20.018831+08:00,0.06817410835770095,long,1.0,0.20588235294117646,0.9318571428571429,24.719527921173523,"{""accumulation_pressure_6"": -0.9607843137254902, ""dollar_volume_rank"": 0.5882352941176471, ""gap_fade"": 0.6862745098039216, ""gap_follow"": 0.607843137254902, ""mom_10"": -0.17647058823529416, ""open_vs_vwap_snapback"": -0.196078431372549, ""pv_corr_fade_6"": -0.33333333333333337, ""slope_12"": -0.019607843137254943, ""slope_6"": -0.13725490196078427, ""slope_acceleration"": -0.0980392156862746}"
GS,Banks,,,,0.0,-0.0427,-0.0423,57.34,1019.57,2026-07-02 04:30:13.584228+08:00,watchlist,bearish,short,7.244,2026-06-29 22:06:17.076582+08:00,-0.046174600343807534,short,1.0,0.5294117647058824,0.6048571428571429,23.92070941902451,"{""accumulation_pressure_6"": -0.8823529411764706, ""dollar_volume_rank"": -0.05882352941176472, ""gap_fade"": 0.13725490196078427, ""gap_follow"": 0.17647058823529416, ""mom_10"": -0.43137254901960786, ""open_vs_vwap_snapback"": -0.6470588235294117, ""pv_corr_fade_6"": 0.8235294117647058, ""slope_12"": -0.43137254901960786, ""slope_6"": -0.7058823529411764, ""slope_acceleration"": 0.4901960784313726}"
AMZN,M7,C,bull,2.2229,0.006,0.0711,-0.0521,56.97,243.15,2026-07-02 04:09:20.035433+08:00,,,,,,0.01607999742499356,long,1.0,0.8823529411764706,0.5995714285714285,23.270000239917614,"{""accumulation_pressure_6"": 0.019607843137254832, ""dollar_volume_rank"": -0.7647058823529411, ""gap_fade"": 0.5294117647058824, ""gap_follow"": 0.47058823529411775, ""mom_10"": -0.019607843137254943, ""open_vs_vwap_snapback"": 0.33333333333333337, ""pv_corr_fade_6"": 0.05882352941176472, ""slope_12"": 0.0, ""slope_6"": 0.37254901960784315, ""slope_acceleration"": -0.4509803921568627}"
SOXL,Sector-ETF,,,,0.0063,-0.1334,-0.178,87.16,218.91,2026-07-02 04:03:57.988510+08:00,,,,,,-0.204673636255187,short,0.0,0.8921568627450981,1.0,22.787938851588578,"{""accumulation_pressure_6"": 0.07843137254901955, ""dollar_volume_rank"": -0.7843137254901962, ""gap_fade"": -0.9607843137254901, ""gap_follow"": -0.8823529411764706, ""mom_10"": -0.21568627450980393, ""open_vs_vwap_snapback"": 0.11764705882352944, ""pv_corr_fade_6"": 0.803921568627451, ""slope_12"": -0.5490196078431373, ""slope_6"": -0.21568627450980393, ""slope_acceleration"": 0.5490196078431373}"
CDNS,Semi-Cap,C,bear,3.5537,-0.0005,0.0253,-0.0933,94.73,377.55,2026-07-02 03:33:56.891129+08:00,watchlist,bearish,short,7.5,2026-07-02 03:33:56.882972+08:00,0.1181579867929128,long,0.0,0.18627450980392157,1.0,22.2829816245235,"{""accumulation_pressure_6"": -0.6274509803921569, ""dollar_volume_rank"": 0.6274509803921569, ""gap_fade"": 0.8823529411764706, ""gap_follow"": 0.7843137254901962, ""mom_10"": -0.13725490196078427, ""open_vs_vwap_snapback"": 0.4117647058823529, ""pv_corr_fade_6"": -0.9019607843137255, ""slope_12"": -0.17647058823529416, ""slope_6"": 0.0980392156862746, ""slope_acceleration"": -0.196078431372549}"
PFE,Healthcare,,,,0.0,0.0089,-0.0654,25.26,23.88,2026-07-02 04:30:08.238724+08:00,watchlist,bearish,short,6.525,2026-07-02 04:30:08.193012+08:00,-0.07096091780202604,short,1.0,0.22549019607843138,0.1465714285714286,21.943500940819696,"{""accumulation_pressure_6"": -0.5882352941176471, ""dollar_volume_rank"": 0.5490196078431373, ""gap_fade"": 0.3529411764705882, ""gap_follow"": 0.4509803921568627, ""mom_10"": -0.5686274509803921, ""open_vs_vwap_snapback"": -0.03921568627450989, ""pv_corr_fade_6"": -0.2549019607843137, ""slope_12"": -0.47058823529411764, ""slope_6"": -0.07843137254901966, ""slope_acceleration"": -0.21568627450980382}"
HYG,Credit,C,bear,2.401,0.0021,-0.0015,-0.0018,11.44,79.76,2026-07-02 03:36:25.409598+08:00,,,,,,-0.03628425656233736,short,1.0,0.5392156862745098,0.0,20.837476390736164,"{""accumulation_pressure_6"": -0.47058823529411764, ""dollar_volume_rank"": -0.07843137254901955, ""gap_fade"": -0.05882352941176472, ""gap_follow"": -0.0980392156862745, ""mom_10"": 0.11764705882352944, ""open_vs_vwap_snapback"": -0.23529411764705888, ""pv_corr_fade_6"": -0.17647058823529416, ""slope_12"": 0.21568627450980382, ""slope_6"": -0.17647058823529416, ""slope_acceleration"": 0.0980392156862745}"
SBUX,Consumer,,,,-0.0048,-0.0026,0.0773,53.9,102.89,2026-07-02 04:32:51.893557+08:00,,,,,,0.2535023373528828,long,0.0,0.1568627450980392,0.5557142857142857,20.752334483049136,"{""accumulation_pressure_6"": 0.4509803921568627, ""dollar_volume_rank"": 0.6862745098039216, ""gap_fade"": 0.2941176470588235, ""gap_follow"": 0.37254901960784315, ""mom_10"": 0.3529411764705883, ""open_vs_vwap_snapback"": -0.4901960784313726, ""pv_corr_fade_6"": -0.5686274509803921, ""slope_12"": 0.5098039215686274, ""slope_6"": -0.27450980392156865, ""slope_acceleration"": 0.5686274509803921}"
OXY,Energy,,,,-0.0004,-0.0642,-0.189,34.86,47.92,2026-07-02 04:19:18.248938+08:00,,,,,,-0.27238929860950045,short,0.0,0.06862745098039216,0.2837142857142857,20.545245300424135,"{""accumulation_pressure_6"": -0.9019607843137255, ""dollar_volume_rank"": 0.8627450980392157, ""gap_fade"": -0.0, ""gap_follow"": -0.039215686274509776, ""mom_10"": -0.7058823529411764, ""open_vs_vwap_snapback"": -0.7058823529411764, ""pv_corr_fade_6"": 0.37254901960784315, ""slope_12"": -0.6274509803921569, ""slope_6"": -0.7450980392156863, ""slope_acceleration"": -0.4901960784313726}"
RKLB,Space,C,bull,1.8099,-0.0027,0.2368,-0.1907,47.36,99.8,2026-07-02 04:16:20.413254+08:00,,,,,,-0.17676590217198834,short,0.0,0.6078431372549019,0.4622857142857143,19.97682169545655,"{""accumulation_pressure_6"": -0.0980392156862745, ""dollar_volume_rank"": -0.21568627450980382, ""gap_fade"": -0.03921568627450989, ""gap_follow"": -0.019607843137254943, ""mom_10"": -0.27450980392156865, ""open_vs_vwap_snapback"": 0.9215686274509804, ""pv_corr_fade_6"": -0.07843137254901966, ""slope_12"": -0.7450980392156863, ""slope_6"": 0.9607843137254901, ""slope_acceleration"": -0.9019607843137254}"
BLK,Banks,C,bull,1.5176,-0.0004,0.0083,-0.0383,59.82,979.98,2026-07-02 04:31:25.784248+08:00,watchlist,bullish,long,7.5,2026-07-02 04:31:25.772525+08:00,-0.14629447312194557,short,0.0,0.16666666666666666,0.6402857142857142,19.66148930901238,"{""accumulation_pressure_6"": -0.7843137254901961, ""dollar_volume_rank"": 0.6666666666666667, ""gap_fade"": 0.17647058823529416, ""gap_follow"": 0.15686274509803932, ""mom_10"": -0.47058823529411764, ""open_vs_vwap_snapback"": -0.43137254901960786, ""pv_corr_fade_6"": -0.43137254901960786, ""slope_12"": -0.607843137254902, ""slope_6"": -0.3137254901960784, ""slope_acceleration"": -0.0}"
MSTR,Crypto,,,,0.0327,0.1302,-0.2913,57.09,96.44,2026-07-02 04:30:08.258304+08:00,,,,,,-0.2014793248357842,short,0.0,0.5588235294117647,0.6012857142857143,19.302813242706574,"{""accumulation_pressure_6"": -0.5686274509803921, ""dollar_volume_rank"": -0.11764705882352944, ""gap_fade"": 0.607843137254902, ""gap_follow"": 0.6666666666666667, ""mom_10"": -0.9019607843137255, ""open_vs_vwap_snapback"": -0.21568627450980382, ""pv_corr_fade_6"": 0.7843137254901962, ""slope_12"": -0.9607843137254902, ""slope_6"": 0.17647058823529416, ""slope_acceleration"": -0.8823529411764706}"
CRDO,DC-Connect,,,,-0.0071,-0.0402,0.1234,67.93,257.26,2026-07-02 03:33:57.218412+08:00,,,,,,0.19025856189990728,long,0.0,0.5784313725490197,0.7561428571428572,19.234827624310036,"{""accumulation_pressure_6"": -0.5098039215686274, ""dollar_volume_rank"": -0.15686274509803932, ""gap_fade"": -0.6274509803921569, ""gap_follow"": -0.43137254901960786, ""mom_10"": 0.7647058823529411, ""open_vs_vwap_snapback"": 0.3137254901960784, ""pv_corr_fade_6"": 0.6666666666666667, ""slope_12"": 0.27450980392156854, ""slope_6"": -0.3529411764705882, ""slope_acceleration"": 0.9019607843137255}"
IGV,Sector-ETF,,,,-0.0005,0.1006,-0.1092,60.27,93.29,2026-07-02 03:37:37.404110+08:00,,,,,,0.19941001138774223,long,0.0,0.38235294117647056,0.6467142857142858,18.45732264588145,"{""accumulation_pressure_6"": -0.1568627450980392, ""dollar_volume_rank"": 0.23529411764705888, ""gap_fade"": 0.8431372549019608, ""gap_follow"": 0.9019607843137254, ""mom_10"": 0.41176470588235303, ""open_vs_vwap_snapback"": 0.6666666666666667, ""pv_corr_fade_6"": -0.7254901960784313, ""slope_12"": 0.196078431372549, ""slope_6"": 0.6274509803921569, ""slope_acceleration"": -0.6862745098039216}"
IWM,Beta,C,bear,3.1054,0.0005,0.0019,0.0268,18.85,299.47,2026-07-02 04:01:25.644382+08:00,,,,,,0.1136187695308787,long,0.0,0.8431372549019608,0.05500000000000002,17.047100141671315,"{""accumulation_pressure_6"": 0.7254901960784315, ""dollar_volume_rank"": -0.6862745098039216, ""gap_fade"": 0.0980392156862745, ""gap_follow"": 0.0980392156862746, ""mom_10"": 0.4509803921568627, ""open_vs_vwap_snapback"": -0.0, ""pv_corr_fade_6"": -0.7058823529411764, ""slope_12"": 0.4901960784313726, ""slope_6"": 0.0, ""slope_acceleration"": 0.43137254901960786}"
ASML,Semi-Cap,C,bear,1.4472,0.0084,0.0094,0.0898,100.0,1858.46,2026-07-02 03:33:51.243182+08:00,watchlist,neutral,,7.5,2026-07-02 03:33:51.231549+08:00,0.048468119918444304,long,0.0,0.7450980392156863,1.0,17.03905859036953,"{""accumulation_pressure_6"": 0.7647058823529411, ""dollar_volume_rank"": -0.4901960784313726, ""gap_fade"": -0.5490196078431373, ""gap_follow"": -0.6470588235294117, ""mom_10"": 0.43137254901960786, ""open_vs_vwap_snapback"": 0.5882352941176471, ""pv_corr_fade_6"": 0.07843137254901955, ""slope_12"": 0.3137254901960784, ""slope_6"": 0.5490196078431373, ""slope_acceleration"": 0.13725490196078427}"
IBM,SaaS,,,,0.0031,0.1118,-0.1278,80.21,287.15,2026-07-02 03:37:37.779311+08:00,watchlist,bearish,short,6.992,2026-07-02 03:37:37.766862+08:00,0.10387777316542805,long,0.0,0.5,0.9315714285714285,16.99372983586568,"{""accumulation_pressure_6"": 0.8627450980392157, ""dollar_volume_rank"": -0.0, ""gap_fade"": -0.07843137254901955, ""gap_follow"": -0.05882352941176472, ""mom_10"": 0.6470588235294117, ""open_vs_vwap_snapback"": 0.43137254901960786, ""pv_corr_fade_6"": -0.4117647058823529, ""slope_12"": 0.7254901960784315, ""slope_6"": 0.6470588235294117, ""slope_acceleration"": -0.6470588235294117}"
SLV,Macro,,,,0.0166,0.0403,-0.1989,25.89,54.47,2026-07-02 04:06:32.176308+08:00,,,,,,-0.20992400697815666,short,0.0,0.3137254901960784,0.15557142857142858,16.885593653737075,"{""accumulation_pressure_6"": -0.37254901960784315, ""dollar_volume_rank"": 0.37254901960784315, ""gap_fade"": 0.039215686274509776, ""gap_follow"": 0.07843137254901955, ""mom_10"": -0.8431372549019608, ""open_vs_vwap_snapback"": 0.019607843137254943, ""pv_corr_fade_6"": 0.7647058823529411, ""slope_12"": -0.803921568627451, ""slope_6"": 0.3137254901960784, ""slope_acceleration"": -0.7647058823529411}"
MSFT,M7,C,bull,1.7704,0.0024,0.0918,-0.1271,96.35,385.21,2026-07-02 04:09:21.354951+08:00,watchlist,bullish,long,7.5,2026-06-30 21:50:19.622146+08:00,-0.023652281899433553,short,0.0,0.9411764705882353,1.0,16.767142085901526,"{""accumulation_pressure_6"": 0.47058823529411775, ""dollar_volume_rank"": -0.8823529411764706, ""gap_fade"": 0.8627450980392157, ""gap_follow"": 0.8431372549019607, ""mom_10"": -0.11764705882352944, ""open_vs_vwap_snapback"": 0.5490196078431373, ""pv_corr_fade_6"": -0.803921568627451, ""slope_12"": -0.1568627450980392, ""slope_6"": 0.47058823529411775, ""slope_acceleration"": -0.7450980392156863}"
XOM,Energy,,,,0.0005,-0.0008,-0.0843,52.27,136.79,2026-07-02 04:19:06.989809+08:00,watchlist,bullish,long,6.865,2026-07-02 04:19:06.977693+08:00,-0.11625281334620788,short,0.0,0.5490196078431373,0.5324285714285715,16.445009259164525,"{""accumulation_pressure_6"": 0.23529411764705888, ""dollar_volume_rank"": -0.0980392156862746, ""gap_fade"": 0.11764705882352944, ""gap_follow"": 0.196078431372549, ""mom_10"": -0.23529411764705888, ""open_vs_vwap_snapback"": -0.11764705882352944, ""pv_corr_fade_6"": -0.0980392156862745, ""slope_12"": -0.05882352941176472, ""slope_6"": -0.2941176470588235, ""slope_acceleration"": -0.47058823529411775}"
PL,Space,,,,-0.0041,0.1875,-0.3454,35.13,31.48,2026-07-02 04:14:51.452395+08:00,,,,,,0.20528945619980957,long,0.0,0.0784313725490196,0.2875714285714286,15.912704511017482,"{""accumulation_pressure_6"": -0.11764705882352944, ""dollar_volume_rank"": 0.8431372549019608, ""gap_fade"": -0.23529411764705888, ""gap_follow"": -0.17647058823529416, ""mom_10"": 0.8431372549019607, ""open_vs_vwap_snapback"": 0.9607843137254902, ""pv_corr_fade_6"": 0.196078431372549, ""slope_12"": 0.7647058823529411, ""slope_6"": 0.9803921568627452, ""slope_acceleration"": -0.9215686274509804}"
BE,Power,C,bull,1.5468,0.0017,-0.062,-0.0424,96.15,290.0,2026-07-02 04:12:14.065232+08:00,watchlist,bullish,long,7.5,2026-07-01 21:55:24.088941+08:00,-0.014086728648791673,short,0.0,0.7254901960784313,1.0,14.683721985807574,"{""accumulation_pressure_6"": -0.8235294117647058, ""dollar_volume_rank"": -0.4509803921568627, ""gap_fade"": -0.6470588235294117, ""gap_follow"": -0.7254901960784313, ""mom_10"": 0.4901960784313726, ""open_vs_vwap_snapback"": -0.37254901960784315, ""pv_corr_fade_6"": 0.9019607843137254, ""slope_12"": 0.019607843137254832, ""slope_6"": -0.803921568627451, ""slope_acceleration"": 0.8823529411764706}"
CRCL,Crypto,,,,0.0194,-0.0823,-0.3738,59.92,63.15,2026-07-02 04:13:27.954940+08:00,,,,,,-0.15881503921403792,short,0.0,0.19607843137254902,0.6417142857142858,14.664302044702543,"{""accumulation_pressure_6"": -0.8431372549019608, ""dollar_volume_rank"": 0.607843137254902, ""gap_fade"": 0.7843137254901961, ""gap_follow"": 0.9411764705882353, ""mom_10"": -0.8823529411764706, ""open_vs_vwap_snapback"": -0.9803921568627452, ""pv_corr_fade_6"": 0.6470588235294117, ""slope_12"": -0.8823529411764706, ""slope_6"": -0.9607843137254902, ""slope_acceleration"": -0.5294117647058822}"
KLAC,Semi-Cap,,,,0.0068,0.0355,0.3104,100.0,268.0,2026-07-02 04:00:08.277384+08:00,watchlist,bullish,long,7.5,2026-07-02 04:00:08.239990+08:00,-0.03835030668134534,short,0.0,0.6862745098039216,1.0,13.865894016713781,"{""accumulation_pressure_6"": 0.588235294117647, ""dollar_volume_rank"": -0.37254901960784315, ""gap_fade"": -0.803921568627451, ""gap_follow"": -0.9215686274509804, ""mom_10"": 0.8627450980392157, ""open_vs_vwap_snapback"": 0.8431372549019608, ""pv_corr_fade_6"": 0.27450980392156854, ""slope_12"": 0.9019607843137254, ""slope_6"": 0.8235294117647058, ""slope_acceleration"": -1.0}"
TXN,Semi-Logic,C,bull,1.888,-0.0103,-0.0529,-0.0415,97.67,295.33,2026-07-02 04:09:15.175763+08:00,,,,,,-0.05412148257663922,short,0.0,0.6176470588235294,1.0,13.708739074482393,"{""accumulation_pressure_6"": -0.21568627450980393, ""dollar_volume_rank"": -0.23529411764705888, ""gap_fade"": -0.2549019607843137, ""gap_follow"": -0.23529411764705888, ""mom_10"": -0.0980392156862745, ""open_vs_vwap_snapback"": -0.33333333333333326, ""pv_corr_fade_6"": 0.9411764705882353, ""slope_12"": -0.2941176470588235, ""slope_6"": -0.4901960784313726, ""slope_acceleration"": 0.2941176470588235}"
CRM,SaaS,,,,-0.0014,0.0853,-0.1884,53.38,163.0,2026-07-02 04:13:23.116694+08:00,,,,,,0.11696861477205782,long,0.0,0.5882352941176471,0.5482857142857144,13.322122361775142,"{""accumulation_pressure_6"": -0.019607843137254943, ""dollar_volume_rank"": -0.17647058823529416, ""gap_fade"": 0.9607843137254902, ""gap_follow"": 0.9215686274509804, ""mom_10"": 0.23529411764705888, ""open_vs_vwap_snapback"": 0.6274509803921569, ""pv_corr_fade_6"": -0.9803921568627451, ""slope_12"": 0.2549019607843137, ""slope_6"": 0.5098039215686274, ""slope_acceleration"": -0.7843137254901962}"
PLTR,SaaS,C,bull,2.051,-0.0003,0.1717,-0.174,29.66,125.69,2026-07-02 04:12:11.732766+08:00,watchlist,bullish,long,6.833,2026-06-26 00:11:18.176036+08:00,-0.02773744279182504,short,0.0,0.7647058823529411,0.20942857142857144,13.095864692906744,"{""accumulation_pressure_6"": -0.27450980392156865, ""dollar_volume_rank"": -0.5294117647058822, ""gap_fade"": 0.9215686274509804, ""gap_follow"": 0.9803921568627452, ""mom_10"": -0.3529411764705882, ""open_vs_vwap_snapback"": 0.6862745098039216, ""pv_corr_fade_6"": -0.23529411764705888, ""slope_12"": -0.7254901960784313, ""slope_6"": 0.6862745098039216, ""slope_acceleration"": -0.803921568627451}"
NKE,Consumer,,,,-0.0005,0.0523,-0.0158,35.09,43.04,2026-07-02 04:32:45.272747+08:00,watchlist,neutral,,6.552,2026-06-29 22:08:42.075763+08:00,0.10551403617271085,long,0.0,0.23529411764705882,0.28700000000000003,12.986453120325052,"{""accumulation_pressure_6"": 0.2549019607843137, ""dollar_volume_rank"": 0.5294117647058824, ""gap_fade"": 0.5882352941176471, ""gap_follow"": 0.8627450980392157, ""mom_10"": -0.2941176470588235, ""open_vs_vwap_snapback"": -0.019607843137254832, ""pv_corr_fade_6"": 0.03921568627450989, ""slope_12"": -0.4901960784313726, ""slope_6"": 0.23529411764705888, ""slope_acceleration"": -0.27450980392156854}"
COIN,Crypto,,,,0.0159,0.1351,-0.0702,46.41,161.77,2026-07-02 04:14:59.342273+08:00,watchlist,bullish,long,6.389,2026-07-01 22:00:38.017724+08:00,-0.08688123746700194,short,0.0,0.30392156862745096,0.4487142857142857,12.590651608684533,"{""accumulation_pressure_6"": 0.37254901960784315, ""dollar_volume_rank"": 0.3921568627450981, ""gap_fade"": 0.5490196078431373, ""gap_follow"": 0.5686274509803921, ""mom_10"": -0.37254901960784315, ""open_vs_vwap_snapback"": -0.392156862745098, ""pv_corr_fade_6"": -0.607843137254902, ""slope_12"": -0.6862745098039216, ""slope_6"": 0.43137254901960786, ""slope_acceleration"": -0.5098039215686274}"
SOXX,Sector-ETF,C,bear,2.0636,0.0038,-0.0371,-0.005,89.44,602.0,2026-07-02 04:06:45.579320+08:00,,,,,,0.009824131695061689,long,0.0,0.8333333333333334,1.0,11.949755885320986,"{""accumulation_pressure_6"": 0.196078431372549, ""dollar_volume_rank"": -0.6666666666666667, ""gap_fade"": -0.588235294117647, ""gap_follow"": -0.4117647058823529, ""mom_10"": 0.33333333333333326, ""open_vs_vwap_snapback"": 0.17647058823529416, ""pv_corr_fade_6"": 0.13725490196078427, ""slope_12"": 0.17647058823529416, ""slope_6"": 0.05882352941176472, ""slope_acceleration"": 0.5098039215686274}"
MS,Banks,,,,-0.0042,-0.0456,-0.0187,62.79,210.96,2026-07-02 04:19:27.765281+08:00,watchlist,bearish,short,6.44,2026-06-30 23:37:00.580132+08:00,0.0575461673388304,long,0.0,0.2549019607843137,0.6827142857142857,11.253598660496841,"{""accumulation_pressure_6"": -0.9803921568627451, ""dollar_volume_rank"": 0.4901960784313726, ""gap_fade"": 0.196078431372549, ""gap_follow"": 0.21568627450980382, ""mom_10"": -0.2549019607843137, ""open_vs_vwap_snapback"": -0.6666666666666667, ""pv_corr_fade_6"": 0.7450980392156863, ""slope_12"": -0.23529411764705888, ""slope_6"": -0.6470588235294117, ""slope_acceleration"": 0.5294117647058824}"
MCD,Consumer,C,bull,1.5949,0.0004,0.0189,-0.0247,59.47,269.54,2026-07-02 04:16:18.836670+08:00,watchlist,bullish,long,6.405,2026-07-02 04:16:18.825974+08:00,-0.026864564851374576,short,0.0,0.24509803921568626,0.6352857142857142,11.242002592817508,"{""accumulation_pressure_6"": -0.2941176470588235, ""dollar_volume_rank"": 0.5098039215686274, ""gap_fade"": 0.21568627450980393, ""gap_follow"": 0.23529411764705888, ""mom_10"": -0.4117647058823529, ""open_vs_vwap_snapback"": 0.0980392156862745, ""pv_corr_fade_6"": -0.196078431372549, ""slope_12"": -0.27450980392156865, ""slope_6"": -0.2549019607843137, ""slope_acceleration"": -0.05882352941176472}"
XLF,Sector-ETF,,,,-0.002,0.0228,0.0624,20.4,54.67,2026-07-02 04:08:02.867076+08:00,,,,,,0.12104587736327345,long,0.0,0.4117647058823529,0.07714285714285712,10.840606373412333,"{""accumulation_pressure_6"": -0.5490196078431373, ""dollar_volume_rank"": 0.17647058823529416, ""gap_fade"": 0.47058823529411764, ""gap_follow"": 0.5098039215686274, ""mom_10"": 0.196078431372549, ""open_vs_vwap_snapback"": -0.15686274509803932, ""pv_corr_fade_6"": -0.9215686274509804, ""slope_12"": 0.2941176470588236, ""slope_6"": 0.07843137254901955, ""slope_acceleration"": 0.27450980392156865}"
RIOT,Crypto,,,,0.0129,-0.1257,-0.1116,56.51,24.27,2026-07-02 04:16:15.558906+08:00,,,,,,-0.1041706516475342,short,0.0,0.049019607843137254,0.593,9.909043654543078,"{""accumulation_pressure_6"": 0.41176470588235303, ""dollar_volume_rank"": 0.9019607843137255, ""gap_fade"": -0.3137254901960784, ""gap_follow"": -0.5294117647058824, ""mom_10"": -0.7450980392156863, ""open_vs_vwap_snapback"": -0.5098039215686274, ""pv_corr_fade_6"": -0.3921568627450981, ""slope_12"": -0.21568627450980393, ""slope_6"": -0.9019607843137255, ""slope_acceleration"": 0.7647058823529411}"
GLD,Macro,,,,0.0074,0.0105,-0.0937,34.57,373.35,2026-07-02 03:35:14.797457+08:00,,,,,,-0.07472946184791207,short,0.0,0.6372549019607843,0.2795714285714286,9.535622553443481,"{""accumulation_pressure_6"": -0.7450980392156863, ""dollar_volume_rank"": -0.27450980392156854, ""gap_fade"": 0.5686274509803921, ""gap_follow"": 0.588235294117647, ""mom_10"": -0.4509803921568627, ""open_vs_vwap_snapback"": -0.07843137254901955, ""pv_corr_fade_6"": 0.15686274509803932, ""slope_12"": -0.3921568627450981, ""slope_6"": -0.039215686274509776, ""slope_acceleration"": -0.3137254901960784}"
DIA,Beta,,,,-0.0011,0.0049,0.0151,17.65,521.82,2026-07-02 03:35:08.477197+08:00,,,,,,0.09127998096457254,long,0.0,0.5686274509803921,0.03785714285714284,9.384164493850609,"{""accumulation_pressure_6"": -0.4117647058823529, ""dollar_volume_rank"": -0.13725490196078427, ""gap_fade"": 0.07843137254901966, ""gap_follow"": 0.13725490196078427, ""mom_10"": 0.15686274509803932, ""open_vs_vwap_snapback"": -0.0980392156862746, ""pv_corr_fade_6"": 0.21568627450980382, ""slope_12"": 0.3529411764705883, ""slope_6"": 0.019607843137254832, ""slope_acceleration"": 0.17647058823529416}"
JNK,Credit,,,,0.0007,-0.0035,-0.0028,18.45,95.945,2026-07-02 04:02:37.317203+08:00,,,,,,0.12609991242107582,long,0.0,0.0392156862745098,0.04928571428571427,9.220215157990713,"{""accumulation_pressure_6"": -0.6470588235294117, ""dollar_volume_rank"": 0.9215686274509804, ""gap_fade"": -0.11764705882352944, ""gap_follow"": 0.0, ""mom_10"": 0.0980392156862746, ""open_vs_vwap_snapback"": -0.27450980392156854, ""pv_corr_fade_6"": 0.6862745098039216, ""slope_12"": 0.23529411764705888, ""slope_6"": -0.196078431372549, ""slope_acceleration"": 0.11764705882352944}"
SPY,Beta,C,bear,2.1617,0.0013,0.0169,-0.0169,16.95,746.7,2026-07-02 04:07:57.036272+08:00,,,,,,0.004373153340375514,long,0.0,0.9901960784313726,0.027857142857142848,8.611079697411721,"{""accumulation_pressure_6"": 0.5490196078431373, ""dollar_volume_rank"": -0.9803921568627452, ""gap_fade"": 0.05882352941176472, ""gap_follow"": 0.05882352941176472, ""mom_10"": 0.07843137254901955, ""open_vs_vwap_snapback"": 0.196078431372549, ""pv_corr_fade_6"": 0.17647058823529416, ""slope_12"": 0.13725490196078427, ""slope_6"": 0.196078431372549, ""slope_acceleration"": -0.03921568627450989}"
BKSY,Space,,,,-0.0024,0.1774,-0.3471,38.11,28.67,2026-07-02 04:14:57.131216+08:00,,,,,,0.06733090044397619,long,0.0,0.00980392156862745,0.3301428571428571,6.082754067492899,"{""accumulation_pressure_6"": -0.33333333333333337, ""dollar_volume_rank"": 0.9803921568627451, ""gap_fade"": 0.4117647058823529, ""gap_follow"": 0.3529411764705883, ""mom_10"": 0.13725490196078427, ""open_vs_vwap_snapback"": 0.7254901960784313, ""pv_corr_fade_6"": -0.039215686274509776, ""slope_12"": -0.5882352941176471, ""slope_6"": 0.8823529411764706, ""slope_acceleration"": -0.9411764705882353}"
XLE,Sector-ETF,,,,-0.0021,-0.0257,-0.0908,37.37,52.7,2026-07-02 04:07:56.877844+08:00,,,,,,-0.04000662206640285,short,0.0,0.3627450980392157,0.31957142857142856,5.892474749129992,"{""accumulation_pressure_6"": -0.43137254901960786, ""dollar_volume_rank"": 0.27450980392156865, ""gap_fade"": 0.1568627450980392, ""gap_follow"": 0.11764705882352944, ""mom_10"": -0.3137254901960784, ""open_vs_vwap_snapback"": -0.47058823529411775, ""pv_corr_fade_6"": 0.8823529411764706, ""slope_12"": -0.07843137254901966, ""slope_6"": -0.37254901960784315, ""slope_acceleration"": -0.2549019607843137}"
ASTS,Space,,,,-0.0028,0.3084,-0.2734,51.69,85.86,2026-07-02 04:17:31.718589+08:00,,,,,,-0.012105589465804298,short,0.0,0.37254901960784315,0.5241428571428571,4.806707789216945,"{""accumulation_pressure_6"": 0.6862745098039216, ""dollar_volume_rank"": 0.2549019607843137, ""gap_fade"": -0.37254901960784315, ""gap_follow"": -0.3137254901960784, ""mom_10"": 0.607843137254902, ""open_vs_vwap_snapback"": 0.9803921568627451, ""pv_corr_fade_6"": -0.5098039215686274, ""slope_12"": 0.0980392156862746, ""slope_6"": 1.0, ""slope_acceleration"": -0.9803921568627452}"
TGT,Consumer,,,,-0.0003,-0.0668,0.0574,15.16,130.25,2026-07-02 04:32:58.246747+08:00,,,,,,0.05366818467747648,long,0.0,0.10784313725490197,0.0022857142857142876,4.3051314708407205,"{""accumulation_pressure_6"": -0.23529411764705888, ""dollar_volume_rank"": 0.7843137254901961, ""gap_fade"": -0.13725490196078427, ""gap_follow"": -0.11764705882352944, ""mom_10"": -0.05882352941176472, ""open_vs_vwap_snapback"": -0.8235294117647058, ""pv_corr_fade_6"": -0.5882352941176471, ""slope_12"": 0.4509803921568627, ""slope_6"": -0.8431372549019608, ""slope_acceleration"": 0.8431372549019608}"
TLT,Macro,,,,0.0001,-0.0208,-0.0014,7.78,85.53,2026-07-02 04:05:21.797449+08:00,,,,,,0.021131954655085553,long,0.0,0.4019607843137255,0.0,3.489040747424616,"{""accumulation_pressure_6"": -0.2549019607843137, ""dollar_volume_rank"": 0.196078431372549, ""gap_fade"": -0.21568627450980382, ""gap_follow"": -0.2549019607843137, ""mom_10"": 0.03921568627450989, ""open_vs_vwap_snapback"": -0.607843137254902, ""pv_corr_fade_6"": 0.23529411764705888, ""slope_12"": 0.33333333333333326, ""slope_6"": -0.3921568627450981, ""slope_acceleration"": 0.47058823529411764}"
FLY,Space,,,,0.0046,0.1581,-0.3429,51.69,28.5,2026-07-02 04:17:36.206722+08:00,,,,,,-0.014296779771122956,short,0.0,0.029411764705882353,0.5241428571428571,3.2444048360794473,"{""accumulation_pressure_6"": 0.27450980392156854, ""dollar_volume_rank"": 0.9411764705882353, ""gap_fade"": 0.23529411764705888, ""gap_follow"": 0.2549019607843137, ""mom_10"": -0.5882352941176471, ""open_vs_vwap_snapback"": 0.9019607843137255, ""pv_corr_fade_6"": 0.2941176470588236, ""slope_12"": -0.7647058823529411, ""slope_6"": 0.9019607843137254, ""slope_acceleration"": -0.9607843137254901}"
OKLO,Power,,,,0.0046,0.0329,-0.2828,20.06,52.69,2026-07-02 04:12:06.798489+08:00,,,,,,0.03148986633629738,long,0.0,0.09803921568627451,0.07228571428571427,2.9836295791150462,"{""accumulation_pressure_6"": -0.7058823529411764, ""dollar_volume_rank"": 0.803921568627451, ""gap_fade"": 0.9019607843137255, ""gap_follow"": 0.8823529411764706, ""mom_10"": -0.6470588235294117, ""open_vs_vwap_snapback"": 0.5294117647058824, ""pv_corr_fade_6"": 0.33333333333333326, ""slope_12"": -0.7843137254901961, ""slope_6"": -0.23529411764705888, ""slope_acceleration"": -0.6666666666666667}"
SPCX,M7,,,,0.0028,0.0325,,65.84,157.98,2026-07-02 04:04:03.719926+08:00,,,,,,0.0,neutral,0.0,0.0,0.7262857142857143,2.9051428571428572,{}
NOV,Healthcare,,,,-0.0207,-0.0641,-0.1333,66.83,17.725,2026-07-02 04:05:15.312564+08:00,,,,,,-0.1442792442722892,short,0.0,0.0196078431372549,0.7404285714285714,0.0,"{""accumulation_pressure_6"": -0.3529411764705882, ""dollar_volume_rank"": 0.9607843137254902, ""gap_fade"": -0.019607843137254832, ""gap_follow"": 0.019607843137254832, ""mom_10"": -0.6666666666666667, ""open_vs_vwap_snapback"": -0.3529411764705883, ""pv_corr_fade_6"": 0.7254901960784315, ""slope_12"": -0.4509803921568627, ""slope_6"": -0.4117647058823529, ""slope_acceleration"": -0.5490196078431373}"
NOK,DC-Connect,C,bull,1.7004,-0.0147,-0.0901,-0.2451,76.72,12.72,2026-07-02 04:01:25.730412+08:00,watchlist,bearish,short,7.5,2026-07-02 04:01:25.722824+08:00,-0.26086820440387304,short,1.0,0.27450980392156865,0.8817142857142857,0.0,"{""accumulation_pressure_6"": 0.3137254901960784, ""dollar_volume_rank"": 0.4509803921568627, ""gap_fade"": -0.5098039215686274, ""gap_follow"": -0.3529411764705882, ""mom_10"": -0.5294117647058824, ""open_vs_vwap_snapback"": -0.7254901960784315, ""pv_corr_fade_6"": 0.9215686274509804, ""slope_12"": -0.5294117647058824, ""slope_6"": -0.7254901960784313, ""slope_acceleration"": -0.41176470588235303}"
MARA,Crypto,,,,0.012,-0.0252,-0.0525,46.05,13.53,2026-07-02 04:16:10.780585+08:00,,,,,,-0.05859292603036588,short,0.0,0.11764705882352941,0.4435714285714285,0.0,"{""accumulation_pressure_6"": 0.03921568627450989, ""dollar_volume_rank"": 0.7647058823529411, ""gap_fade"": -0.196078431372549, ""gap_follow"": -0.196078431372549, ""mom_10"": -0.5098039215686274, ""open_vs_vwap_snapback"": -0.5490196078431373, ""pv_corr_fade_6"": -0.37254901960784315, ""slope_12"": -0.196078431372549, ""slope_6"": -0.5882352941176471, ""slope_acceleration"": 0.6274509803921569}"
SOFI,Fintech,,,,0.0,0.0659,0.0395,51.34,18.44,2026-07-02 04:13:32.705488+08:00,,,,,,0.38717843612015557,long,0.0,0.29411764705882354,0.5191428571428572,0.0,"{""accumulation_pressure_6"": 0.17647058823529416, ""dollar_volume_rank"": 0.4117647058823529, ""gap_fade"": 0.6274509803921569, ""gap_follow"": 0.7058823529411764, ""mom_10"": 0.5294117647058822, ""open_vs_vwap_snapback"": 0.3529411764705882, ""pv_corr_fade_6"": -0.4901960784313726, ""slope_12"": 0.6470588235294117, ""slope_6"": 0.4901960784313726, ""slope_acceleration"": 0.21568627450980393}"
