pricing,delta,dte,fee,ann_return,ann_vol,sharpe,max_drawdown,calmar,cvar5,worst_month,win_rate,breach_rate,mean_credit,n_trades
flat,0.05,21,0.0,0.03667273882650868,0.04654556613501538,-0.06226180324697074,-0.1299563312566443,0.28219278331338477,-0.005600601007189029,-0.0697217726378,0.9138099902056807,0.03819784524975514,0.30857489842914637,1021
flat,0.05,21,0.005,0.0315022608047788,0.046544642611877775,-0.169702603523019,-0.13012894355632343,0.2420849654492411,-0.005620331153994393,-0.07014621172567304,0.9138099902056807,0.03819784524975514,0.30857489842914637,1021
flat,0.05,21,0.01,0.026357469079711038,0.04654371908874016,-0.277147667492666,-0.13030152503451842,0.2022805878344757,-0.005640061300799878,-0.07057046557927293,0.9138099902056807,0.03819784524975514,0.30857489842914637,1021
flat,0.05,21,0.015,0.02123823655088497,0.046542795565602584,-0.38459699540854597,-0.13047407569612046,0.1627774440061925,-0.00565979144760526,-0.07099453427576341,0.9138099902056807,0.03819784524975514,0.30857489842914637,1021
flat,0.05,30,0.0,0.036425337507891564,0.049038212844531595,-0.06158811218923759,-0.13973038276186522,0.2606830153036169,-0.005814085054519275,-0.07577626880062338,0.9381746810598626,0.038272816486751716,0.36932917177944236,1019
flat,0.05,30,0.005,0.031256093417597164,0.049037239864118044,-0.16356762132636268,-0.1402593594016487,0.22284497484472157,-0.005833810965530056,-0.07619794552692083,0.9381746810598626,0.038272816486751716,0.36932917177944236,1019
flat,0.05,30,0.01,0.02611252949394549,0.04903626688370441,-0.26555117743056456,-0.14078802126183543,0.1854740855074723,-0.00585353687654094,-0.07661943822450046,0.9381746810598626,0.038272816486751716,0.36932917177944236,1019
flat,0.05,30,0.015,0.02099451866684965,0.04903529390329089,-0.36753878074163043,-0.14144740171551606,0.1484263295912254,-0.005873262787551731,-0.07704074697002095,0.9381746810598626,0.038272816486751716,0.36932917177944236,1019
flat,0.05,42,0.0,0.03701066380003093,0.0563707714847864,-0.036699413463726495,-0.16615408424613531,0.22274904627204062,-0.006858181227207936,-0.08783243329409662,0.9665683382497542,0.03343166175024582,0.43721727487083206,1017
flat,0.05,42,0.005,0.031838500353785326,0.0563696530170982,-0.1254137017930396,-0.16668854368782393,0.19100593027804483,-0.006877886422024818,-0.08824860939992452,0.9665683382497542,0.03343166175024582,0.43721727487083206,1017
flat,0.05,42,0.01,0.026692031577182584,0.05636853454941005,-0.21413151067082759,-0.16726704852359453,0.15957734540534702,-0.006897591616841807,-0.08866460387762076,0.9665683382497542,0.03343166175024582,0.43721727487083206,1017
flat,0.05,42,0.015,0.021571130328372767,0.05636741608172187,-0.3028528403056569,-0.1678785134243218,0.1284925026340363,-0.006917296811658684,-0.08908041680284684,0.9665683382497542,0.03343166175024582,0.43721727487083206,1017
flat,0.05,63,0.0,0.039416039211728204,0.05644153376069103,0.004406178643744319,-0.15825211026887454,0.24907117601629014,-0.006789820799680684,-0.06198043660250929,0.967391304347826,0.03260869565217391,0.5342208351108109,1012
flat,0.05,63,0.005,0.03423187878684719,0.056440413888989405,-0.08419688618527386,-0.15913682517880234,0.2151097255357776,-0.006809527350855243,-0.06240840767200728,0.967391304347826,0.03260869565217391,0.5342208351108109,1012
flat,0.05,63,0.01,0.029073472631117703,0.05643929401728782,-0.17280346714894937,-0.1600535516972874,0.1816484065664782,-0.00682923390202992,-0.06283619196580137,0.967391304347826,0.03260869565217391,0.5342208351108109,1012
flat,0.05,63,0.015,0.023940693307781036,0.05643817414558624,-0.2614135644555894,-0.16103629575889533,0.14866644314537145,-0.006848940453204484,-0.06326378956169465,0.967391304347826,0.03260869565217391,0.5342208351108109,1012
flat,0.1,21,0.0,0.04096423491884882,0.05574027428296579,0.03054983243751451,-0.15439388343410576,0.26532291310835554,-0.007504599090260558,-0.089971140768205,0.9431929480901078,0.06072477962781587,0.7010752761769087,1021
flat,0.1,21,0.005,0.035772352759251724,0.055739168325142745,-0.05916793338222693,-0.15456164744601286,0.2314439147767671,-0.007524291459326183,-0.09038634108955945,0.9431929480901078,0.06072477962781587,0.7010752761769087,1021
flat,0.1,21,0.01,0.03060626322943083,0.055738062367319624,-0.1488892595725667,-0.154729381502142,0.1978051158241535,-0.007543983828391912,-0.09080136020863672,0.9431929480901078,0.06072477962781587,0.7010752761769087,1021
flat,0.1,21,0.015,0.02546583870281305,0.05573695640949653,-0.23861414634441414,-0.15489708560724602,0.16440489246765896,-0.007563676197457533,-0.09121619820091986,0.9431929480901078,0.06072477962781587,0.7010752761769087,1021
flat,0.1,30,0.0,0.040598835858495885,0.057418841155815366,0.025135907805921457,-0.1657140963479251,0.24499325496882643,-0.007648951888879519,-0.08816416196535526,0.9450441609421001,0.05789990186457311,0.8395561847729837,1019
flat,0.1,30,0.005,0.035408776152349164,0.057417701893094,-0.06195907311292349,-0.16640962145171712,0.21278082266789386,-0.007668641393802325,-0.08858018672010204,0.9450441609421001,0.05789990186457311,0.8395561847729837,1019
flat,0.1,30,0.01,0.030244500022256426,0.05741656263037271,-0.1490575103194211,-0.16806198000620776,0.17996039330929742,-0.0076883308987252316,-0.08899602991277145,0.9450441609421001,0.05789990186457311,0.8395561847729837,1019
flat,0.1,30,0.015,0.025105879886440752,0.05741542336765134,-0.23615940401839103,-0.16971109591350808,0.14793304911091826,-0.0077080204036480155,-0.08941169161899587,0.9450441609421001,0.05789990186457311,0.8395561847729837,1019
flat,0.1,42,0.0,0.040655684379450996,0.06523112666292191,0.030323182209312755,-0.19343158134353422,0.21018121289742525,-0.008814526090541175,-0.09968948330418281,0.9390363815142576,0.06686332350049164,0.9944753495616472,1017
flat,0.1,42,0.005,0.03546534113731825,0.06522983239453575,-0.04634102904506321,-0.1943752354170013,0.1824581257032717,-0.008834192468991725,-0.1001002496354465,0.9390363815142576,0.06686332350049164,0.9944753495616472,1017
flat,0.1,42,0.01,0.03030078287980964,0.06522853812614958,-0.12300828265120994,-0.19531780414244881,0.15513579528935686,-0.008853858847442369,-0.10051083669952166,0.9390363815142576,0.06686332350049164,0.9944753495616472,1017
flat,0.1,42,0.015,0.025161882018180703,0.06522724385776336,-0.1996785787893624,-0.19625928874668752,0.1282073433510565,-0.008873525225892902,-0.10092124457108309,0.9390363815142576,0.06686332350049164,0.9944753495616472,1017
flat,0.1,63,0.0,0.042524647260634874,0.06432093140118289,0.05767323669599559,-0.18927619157633213,0.22466981666569166,-0.00852328924804158,-0.07522237955764666,0.9486166007905138,0.05533596837944664,1.2161970021209128,1012
flat,0.1,63,0.005,0.03732498243499771,0.06431965519222654,-0.020075837608541182,-0.19022470729623675,0.196215218125538,-0.008542961405000916,-0.07564430899570085,0.9486166007905138,0.05533596837944664,1.2161970021209128,1012
flat,0.1,63,0.01,0.03215114890246262,0.06431837898327013,-0.09782799731667298,-0.19117213207647976,0.1681790570269956,-0.008562633561960336,-0.07606605429474877,0.9486166007905138,0.05533596837944664,1.2161970021209128,1012
flat,0.1,63,0.015,0.02700301884514089,0.06431710277431381,-0.17558324261118785,-0.19211846715018976,0.14055399902827206,-0.008582305718919657,-0.07648761553149508,0.9486166007905138,0.05533596837944664,1.2161970021209128,1012
flat,0.15,21,0.0,0.045816818551709604,0.06250383002121157,0.10803907968881482,-0.17042690337124267,0.268835598402597,-0.008872432780169796,-0.09974122199909707,0.9177277179236043,0.0930460333006856,1.1528668377590774,1021
flat,0.15,21,0.005,0.04060073379076745,0.06250258986585401,0.028029696693398033,-0.1705914865124173,0.23799976552647098,-0.008892098009678088,-0.10015196472460142,0.9177277179236043,0.0930460333006856,1.1528668377590774,1021
flat,0.15,21,0.01,0.03541056189513925,0.06250134971049642,-0.051982861403968586,-0.1707560402657864,0.20737516424029132,-0.008911763239186476,-0.10056252819321743,0.9177277179236043,0.0930460333006856,1.1528668377590774,1021
flat,0.15,21,0.015,0.030246174643301593,0.06250010955513886,-0.13199859479141612,-0.17184002808909993,0.17601355737452976,-0.008931428468694772,-0.10097291247961893,0.9177277179236043,0.0930460333006856,1.1528668377590774,1021
flat,0.15,30,0.0,0.04494185206514012,0.06352174699926534,0.0940818115045755,-0.18861012495768947,0.23827910657087914,-0.008941867309640387,-0.09598018827474175,0.9254170755642787,0.08341511285574092,1.3811597145782126,1019
flat,0.15,30,0.005,0.039730131260940604,0.06352048664714234,0.015354554917861873,-0.1902184453754111,0.20886581836230475,-0.008961531161479441,-0.09639264697045358,0.9254170755642787,0.08341511285574092,1.3811597145782126,1019
flat,0.15,30,0.01,0.03454430164245581,0.06351922629501937,-0.06337582589075473,-0.19182360963052658,0.18008368056983154,-0.008981195013318597,-0.09680492566039245,0.9254170755642787,0.08341511285574092,1.3811597145782126,1019
flat,0.15,30,0.015,0.029384235095439193,0.06351796594289638,-0.14210933110636073,-0.1934256238542198,0.151914904085228,-0.009000858865157647,-0.09721702441954261,0.9254170755642787,0.08341511285574092,1.3811597145782126,1019
flat,0.15,42,0.0,0.04432166191999087,0.07154598179862319,0.08283257219470017,-0.21777671293331902,0.20351883047092234,-0.010170867866140859,-0.10554966921669051,0.9154375614552606,0.09144542772861357,1.6367787925229789,1017
flat,0.15,42,0.005,0.039113034357655785,0.07154456223549227,0.012934965800487126,-0.21960598462712444,0.17810550301744724,-0.010190507333048228,-0.10595776184035821,0.9154375614552606,0.09144542772861357,1.6367787925229789,1017
flat,0.15,42,0.01,0.03393028261419162,0.07154314267236134,-0.05696541441871487,-0.22143101463850667,0.15323184364929146,-0.01021014679995572,-0.1063656763636992,0.9154375614552606,0.09144542772861357,1.6367787925229789,1017
flat,0.15,42,0.015,0.028773278651388345,0.07154172310923042,-0.1268685686272777,-0.22325181271911332,0.12888262048554902,-0.010229786266863095,-0.10677341286090425,0.9154375614552606,0.09144542772861357,1.6367787925229789,1017
flat,0.15,63,0.0,0.04563536723273587,0.07025762360682462,0.10089750467551004,-0.21382495926881762,0.21342394914413967,-0.009814238080311075,-0.08424455328836011,0.9239130434782609,0.08596837944664032,2.0030856767910574,1012
flat,0.15,63,0.005,0.040420187472979485,0.07025622960635622,0.02971814195136122,-0.2147447538733206,0.18822433025220087,-0.009833884623206255,-0.08466236636307667,0.9239130434782609,0.08596837944664032,2.0030856767910574,1012
flat,0.15,63,0.01,0.035230916082601205,0.07025483560588784,-0.04146404546317479,-0.21566349057188394,0.16336059473570563,-0.009853531166101558,-0.08507999709525638,0.9239130434782609,0.08596837944664032,2.0030856767910574,1012
flat,0.15,63,0.015,0.030067424862327163,0.07025344160541948,-0.11264905773542976,-0.21658117056029436,0.13882751111069763,-0.009873177708996752,-0.08549744556085281,0.9239130434782609,0.08596837944664032,2.0030856767910574,1012
flat,0.2,21,0.0,0.05020199383886115,0.06869282151548095,0.1651317630011015,-0.18571813593800757,0.27031282424468495,-0.010031199037654995,-0.10500485804287851,0.8903036238981391,0.12732615083251714,1.6595130145018955,1021
flat,0.2,21,0.005,0.044964037708495,0.06869145856267309,0.09233095551469106,-0.1871547997055062,0.240250518710967,-0.010050841275769275,-0.10541319923643733,0.8903036238981391,0.12732615083251714,1.6595130145018955,1021
flat,0.2,21,0.01,0.03975210309770505,0.06869009560986522,0.01952725899229006,-0.18858895715144008,0.2107870137156729,-0.01007048351388367,-0.10582136222118765,0.8903036238981391,0.12732615083251714,1.6595130145018955,1021
flat,0.2,21,0.015,0.03456606124733019,0.0686887326570574,-0.05327932673725969,-0.19002061259857828,0.18190690354394118,-0.01009012575199797,-0.10622934707136689,0.8903036238981391,0.12732615083251714,1.6595130145018955,1021
flat,0.2,30,0.0,0.04901850021482712,0.06895382037511998,0.14834848553048544,-0.20806574475757,0.23559140055438507,-0.010022645446197725,-0.10085092641766968,0.8969578017664377,0.1197252208047105,1.9888555514646644,1019
flat,0.2,30,0.005,0.0437864468419491,0.06895245224376333,0.07582323823248786,-0.20963550064358472,0.2088694267312737,-0.010042287854026128,-0.10126116284095388,0.8969578017664377,0.1197252208047105,1.9888555514646644,1019
flat,0.2,30,0.01,0.038580385664476635,0.06895108411240668,0.003295112833864456,-0.21120217604589875,0.1826703985099675,-0.010061930261854639,-0.1016712202283121,0.8969578017664377,0.1197252208047105,1.9888555514646644,1019
flat,0.2,30,0.015,0.03340018806834966,0.06894971598105004,-0.069235890835885,-0.21276577694868648,0.15698101709470366,-0.01008157266968305,-0.10208109865432469,0.8969578017664377,0.1197252208047105,1.9888555514646644,1019
flat,0.2,42,0.0,0.048121144285485196,0.07680275024023216,0.1295283776341555,-0.23886746913917178,0.20145541148363022,-0.011236566037881925,-0.10933893797003302,0.8928220255653884,0.12586037364798427,2.357907449506021,1017
flat,0.2,42,0.005,0.042893566538264816,0.07680122637614008,0.06441491673326685,-0.24064741895268238,0.17824237103784946,-0.0112561843599843,-0.10974530174127095,0.8928220255653884,0.12586037364798427,2.357907449506021,1017
flat,0.2,42,0.01,0.03769195875209652,0.07679970251204804,-0.0007011281380073499,-0.24242324145046334,0.1554799718318199,-0.011275802682086791,-0.11015148816669051,0.8928220255653884,0.12586037364798427,2.357907449506021,1017
flat,0.2,42,0.015,0.03251619242293713,0.07679817864795592,-0.06581975713276896,-0.24419494612122994,0.1331566968908298,-0.011295421004189166,-0.11055749732016851,0.8928220255653884,0.12586037364798427,2.357907449506021,1017
flat,0.2,63,0.0,0.04870474685597648,0.0752961322063911,0.13795268379025258,-0.23214209445973377,0.209805752676297,-0.010865647571523834,-0.09020084393158823,0.9051383399209486,0.1225296442687747,2.8873532067641956,1012
flat,0.2,63,0.005,0.043474258349989636,0.07529463823551401,0.0715363523226641,-0.23304045871953594,0.1865524063455045,-0.010885273253119592,-0.09061593945096214,0.9051383399209486,0.1225296442687747,2.8873532067641956,1012
flat,0.2,63,0.01,0.0382697542653434,0.07529314426463683,0.005117385181397504,-0.23393778972160506,0.16358944961772048,-0.010904898934715447,-0.0910308538137955,0.9051383399209486,0.1225296442687747,2.8873532067641956,1012
flat,0.2,63,0.015,0.03309110602644405,0.07529165029375975,-0.061304217789684944,-0.23483408863387067,0.14091270232081307,-0.010924524616311212,-0.09144558709555373,0.9051383399209486,0.1225296442687747,2.8873532067641956,1012
flat,0.25,21,0.0,0.0546296927441412,0.07380437399466691,0.21564320324600478,-0.20526945286687248,0.26613649513437976,-0.010952749183127029,-0.10750694918734238,0.8697355533790402,0.16258570029382957,2.220895296562875,1021
flat,0.25,21,0.005,0.04936965315482156,0.07380290962216701,0.1478844431051961,-0.2071279734684851,0.2383533828294479,-0.010972373136516202,-0.10791414880276706,0.8697355533790402,0.16258570029382957,2.220895296562875,1021
flat,0.25,21,0.01,0.04413574479297644,0.0738014452496671,0.08012299401761912,-0.20898218456582696,0.21119381484441413,-0.010991997089905491,-0.10832117070759184,0.8697355533790402,0.16258570029382957,2.220895296562875,1021
flat,0.25,21,0.015,0.03892783835658986,0.07379998087716724,0.0123588558239551,-0.21083209606647468,0.1846390520365364,-0.011011621043294664,-0.10872801497584761,0.8697355533790402,0.16258570029382957,2.220895296562875,1021
flat,0.25,30,0.0,0.05307672731558122,0.07361097883292352,0.19592533055768505,-0.22734819827459496,0.23346007453938236,-0.010886559810154003,-0.10378889722966411,0.8763493621197253,0.1521099116781158,2.6625496370744157,1019
flat,0.25,30,0.005,0.04782443325029684,0.07360951829762923,0.12798855055373506,-0.2291550865294376,0.20869898187554844,-0.010906185076824391,-0.10419779320488132,0.8763493621197253,0.1521099116781158,2.6625496370744157,1019
flat,0.25,30,0.01,0.04259823193368151,0.07360805776233494,0.060049074538462706,-0.23095778500417286,0.18444163695504726,-0.010925810343494888,-0.10460651072917282,0.8763493621197253,0.1521099116781158,2.6625496370744157,1019
flat,0.25,30,0.015,0.037397994254116496,0.07360659722704059,-0.007893097647881014,-0.23275630333112451,0.16067446388729265,-0.01094543561016528,-0.10501504987687482,0.8763493621197253,0.1521099116781158,2.6625496370744157,1019
flat,0.25,42,0.0,0.05170483275414317,0.08211708280524609,0.1678589984214743,-0.25959848308740474,0.19917232234648521,-0.012214822679530732,-0.11308192301067299,0.8711897738446411,0.15339233038348082,3.1578145922864747,1017
flat,0.25,42,0.005,0.04645938110924064,0.08211545349804758,0.10695945469671528,-0.26132995229745304,0.17778054410065966,-0.012234421591779107,-0.11348657904640758,0.8711897738446411,0.15339233038348082,3.1578145922864747,1017
flat,0.25,42,0.01,0.041239988220707735,0.08211382419084905,0.046057494227156534,-0.2630574066077269,0.15677181932461268,-0.012254020504027593,-0.1138910584816164,0.8711897738446411,0.15339233038348082,3.1578145922864747,1017
flat,0.25,42,0.015,0.03604652514512474,0.08211219488365055,-0.014846883130395764,-0.2647808552484947,0.13613720339144372,-0.012273619416275989,-0.11429536138986585,0.8711897738446411,0.15339233038348082,3.1578145922864747,1017
flat,0.25,63,0.0,0.0514946524015536,0.08004084207270827,0.16757993167739446,-0.24906312568935196,0.2067534174680725,-0.011802795623646854,-0.09489401576531165,0.8764822134387352,0.1551383399209486,3.869062316626702,1012
flat,0.25,63,0.005,0.0462502490459078,0.08003925396076242,0.10510066802466506,-0.24994169299246916,0.18504415366707683,-0.011822402711035233,-0.09530697002681776,0.8764822134387352,0.1551383399209486,3.869062316626702,1012
flat,0.25,63,0.01,0.041031899238858305,0.08003766584881647,0.04261892493732377,-0.25081924980741455,0.16359150771068667,-0.011842009798423727,-0.0957197440662767,0.8764822134387352,0.1551383399209486,3.869062316626702,1012
flat,0.25,63,0.015,0.03583947406275767,0.08003607773687062,-0.0198652977314959,-0.2516957972763767,0.14239202422360606,-0.0118616168858121,-0.09613233795875986,0.8764822134387352,0.1551383399209486,3.869062316626702,1012
flat,0.3,21,0.0,0.058994751658096645,0.0782029032271375,0.26061577235620786,-0.22406253133843734,0.2632959259439387,-0.0117194465875046,-0.10865068788127696,0.8472086190009794,0.1929480901077375,2.8391856147691334,1021
flat,0.3,21,0.005,0.053712941031175854,0.0782013515822322,0.19666810969307724,-0.22587710330408173,0.23779719256832363,-0.011739055328643689,-0.10905736566635682,0.8472086190009794,0.1929480901077375,2.8391856147691334,1021
flat,0.3,21,0.01,0.048457369787556104,0.07819979993732684,0.13271790932321048,-0.22768746767276982,0.2128240534397728,-0.011758664069782881,-0.1094638659685756,0.8472086190009794,0.1929480901077375,2.8391856147691334,1021
flat,0.3,21,0.015,0.04322790809004817,0.07819824829242163,0.06876517109627586,-0.229493634117785,0.18836212279361936,-0.011778272810921982,-0.10987018886186628,0.8472086190009794,0.1929480901077375,2.8391856147691334,1021
flat,0.3,30,0.0,0.05713611644736938,0.07746034761504551,0.23961815031304157,-0.24737476975530492,0.2309698620594435,-0.01154942295429728,-0.10539262256845439,0.8567222767419038,0.18351324828263002,3.404907708263058,1019
flat,0.3,30,0.005,0.05186357589396762,0.0774588107033865,0.17505746825025215,-0.24913482478370075,0.20817473405813763,-0.01156903506892117,-0.10580078684459526,0.8567222767419038,0.18351324828263002,3.404907708263058,1019
flat,0.3,30,0.01,0.04661722867128981,0.07745727379172748,0.11049422415362245,-0.2508907986280382,0.18580684874140346,-0.011588647183545155,-0.10620877298913933,0.8567222767419038,0.18351324828263002,3.404907708263058,1019
flat,0.3,30,0.015,0.041396945170018906,0.07745573688006847,0.04592841787134146,-0.2526427006709746,0.1638556944652503,-0.011608259298169037,-0.10661658107628891,0.8567222767419038,0.18351324828263002,3.404907708263058,1019
flat,0.3,42,0.0,0.055540174998609304,0.08660410629280378,0.20557378367316814,-0.27743463632833576,0.20019192893016838,-0.012987595289290027,-0.11590381095718771,0.8515240904621436,0.176007866273353,4.039745268810879,1017
flat,0.3,42,0.005,0.05027559431516293,0.08660238795736146,0.14782949083399302,-0.27912439472410777,0.18011895508042697,-0.01300717886874853,-0.11630717950761937,0.8515240904621436,0.176007866273353,4.039745268810879,1017
flat,0.3,42,0.01,0.04503716741878594,0.08660066962191913,0.09008290646335845,-0.2808102349383911,0.1603829270278092,-0.013026762448207139,-0.11671037201941004,0.8515240904621436,0.176007866273353,4.039745268810879,1017
flat,0.3,42,0.015,0.03982476489583342,0.08659895128647681,0.032334030425512306,-0.282492165979103,0.14097652852709341,-0.013046346027665646,-0.11711338856589337,0.8515240904621436,0.176007866273353,4.039745268810879,1017
flat,0.3,63,0.0,0.0542432288238186,0.0843579114663701,0.19416428770670455,-0.26406471015314903,0.2054164253616444,-0.012623775041253806,-0.09857830428587888,0.8527667984189723,0.19367588932806323,4.952343173573328,1012
flat,0.3,63,0.005,0.04898511675041761,0.08435623769828542,0.13488243982880452,-0.2657857348483318,0.1843030318326547,-0.012643365839368013,-0.09898957759214744,0.8527667984189723,0.19367588932806323,4.952343173573328,1012
flat,0.3,63,0.01,0.04375312632882933,0.08435456393020076,0.07559823940292629,-0.26750276886229396,0.16356139607419437,-0.012662956637482344,-0.09940067140997333,0.8527667984189723,0.19367588932806323,4.952343173573328,1012
flat,0.3,63,0.015,0.0385471283044212,0.08435289016211617,0.016311686289709623,-0.2692158213696263,0.14318299759766717,-0.012682547435596573,-0.09981158581412208,0.8527667984189723,0.19367588932806323,4.952343173573328,1012
skew,0.05,21,0.0,0.046105783478433304,0.027748486713195422,0.19690001974289834,-0.06404819192251232,0.7198608125302529,-0.003134114103484472,-0.016753931616453777,0.9539666993143977,0.01665034280117532,0.44083090015028775,1021
skew,0.05,21,0.005,0.040888257484645196,0.027747936147982852,0.016677835861817685,-0.06432671032309123,0.6356342066814448,-0.0031538931885220596,-0.017124533593851687,0.9539666993143977,0.01665034280117532,0.44083090015028775,1021
skew,0.05,21,0.01,0.03569665151603618,0.027747385582770276,-0.1635514999780727,-0.06460515136665812,0.552535684243575,-0.003173672273559754,-0.017495003234410222,0.9539666993143977,0.01665034280117532,0.44083090015028775,1021
skew,0.05,21,0.015,0.030530837315657644,0.02774683501755771,-0.3437879882004234,-0.06488351507316314,0.47054844795678596,-0.003193451358597338,-0.01786534058275624,0.9539666993143977,0.01665034280117532,0.44083090015028775,1021
skew,0.05,30,0.0,0.04696111846832962,0.03375783847525767,0.19151447412228262,-0.08150550496648934,0.5761711247312374,-0.0034994255425293413,-0.015271252481919184,0.9833169774288518,0.016683022571148183,0.5797793383149442,1019
skew,0.05,30,0.005,0.04173932643126488,0.033757168676875254,0.04337427614980367,-0.08170595014862536,0.5108480637620626,-0.003519197379324096,-0.0156424133060159,0.9833169774288518,0.016683022571148183,0.5797793383149442,1019
skew,0.05,30,0.01,0.03654347561255755,0.03375649887849278,-0.10477180063606106,-0.08190635556304937,0.4461616606104192,-0.0035389692161189473,-0.01601344159371587,0.9833169774288518,0.016683022571148183,0.5797793383149442,1019
skew,0.05,30,0.015,0.03137343765038869,0.03375582908011034,-0.2529237565836291,-0.08210672121686069,0.382105596051327,-0.003558741052913692,-0.01638433738971401,0.9833169774288518,0.016683022571148183,0.5797793383149442,1019
skew,0.05,42,0.0,0.050098297810800885,0.043553531135315016,0.22579059290481698,-0.10069886290660635,0.4975060925689379,-0.004352665367255757,-0.016527617094552527,0.9852507374631269,0.014749262536873156,0.7658189032947951,1017
skew,0.05,42,0.005,0.0448608588716497,0.04355266697795123,0.11096883805535504,-0.10109133321938946,0.44376562701267575,-0.004372420274688914,-0.016956821170708736,0.9852507374631269,0.014749262536873156,0.7658189032947951,1017
skew,0.05,42,0.01,0.03964943888273331,0.04355180282058747,-0.0038574733944136998,-0.10150768250945041,0.3906053010228258,-0.004392175182122174,-0.01738584644554153,0.9852507374631269,0.014749262536873156,0.7658189032947951,1017
skew,0.05,42,0.015,0.03446390909760311,0.04355093866322365,-0.1186883417144429,-0.10208390021119496,0.3376037653959429,-0.004411930089555316,-0.01781469298998739,0.9852507374631269,0.014749262536873156,0.7658189032947951,1017
skew,0.05,63,0.0,0.05306437928713459,0.047572886233929704,0.2698309789281518,-0.09399040531803216,0.5645722997744551,-0.004938534439221829,-0.011669347356293769,0.9861660079051383,0.014822134387351778,1.1016244979327956,1012
skew,0.05,63,0.005,0.04781214680850909,0.04757194232745686,0.16471032574229472,-0.09420609834925275,0.5075270884402182,-0.004958277722268641,-0.012041865799001905,0.9861660079051383,0.014822134387351778,1.1016244979327956,1012
skew,0.05,63,0.01,0.042586006772596274,0.047570998420983925,0.05958550093581219,-0.094421744308817,0.4510190643514689,-0.004978021005315542,-0.012414251220526085,0.9861660079051383,0.014822134387351778,1.1016244979327956,1012
skew,0.05,63,0.015,0.037385830069293746,0.04757005451451105,-0.04554349573844962,-0.0946373432060621,0.3950431066929926,-0.004997764288362343,-0.012786503665725979,0.9861660079051383,0.014822134387351778,1.1016244979327956,1012
skew,0.1,21,0.0,0.05140678421261491,0.03834386002098049,0.2834526359690603,-0.10372427358676906,0.49560997088701036,-0.004835719399390659,-0.03123467966266158,0.9627815866797258,0.04211557296767875,0.9012474420139799,1021
skew,0.1,21,0.005,0.04616281910572617,0.038343099230107064,0.15303037613107975,-0.10390209019510799,0.4442915346461399,-0.00485546472241841,-0.031676678472084774,0.9627815866797258,0.04211557296767875,0.9012474420139799,1021
skew,0.1,21,0.01,0.04094490537026818,0.03834233843923367,0.022602940600486596,-0.10407987505268701,0.3933988712951584,-0.004875210045446262,-0.03211848438379861,0.9627815866797258,0.04211557296767875,0.9012474420139799,1021
skew,0.1,21,0.015,0.03575291409936643,0.03834157764836024,-0.10782967092936334,-0.10425762816454387,0.3429285197524314,-0.004894955368474016,-0.0325600974781588,0.9627815866797258,0.04211557296767875,0.9012474420139799,1021
skew,0.1,30,0.0,0.05079498983499309,0.040617991475002696,0.2554235816069642,-0.10740204422774402,0.4729424863393034,-0.004961701741237872,-0.03820949092518533,0.9607458292443573,0.03925417075564279,1.1449557453343298,1019
skew,0.1,30,0.005,0.04555407609548934,0.0406171855624734,0.13230343968845673,-0.10759683794810537,0.42337746131034404,-0.004981444564615958,-0.03864830747961834,0.9607458292443573,0.03925417075564279,1.1449557453343298,1019
skew,0.1,30,0.01,0.040339198568599244,0.040616379649944134,0.009178411855452593,-0.10779159302198738,0.3742332536116322,-0.005001187387994177,-0.03908693252514672,0.9607458292443573,0.03925417075564279,1.1449557453343298,1019
skew,0.1,30,0.015,0.035150228422457186,0.04061557373741485,-0.11395150218152165,-0.10798630945628951,0.3255063405670441,-0.00502093021137228,-0.039525366141547336,0.9607458292443573,0.03925417075564279,1.1449557453343298,1019
skew,0.1,42,0.0,0.052812746412173484,0.04711054166147301,0.26698263906424774,-0.13150573945586919,0.40160031517024725,-0.005711573304658789,-0.05088878107461581,0.9714847590953786,0.03048180924287119,1.4514638817586165,1017
skew,0.1,42,0.005,0.04756176897016773,0.0471096069285035,0.16083032795769653,-0.13221197235393445,0.3597387447094715,-0.005731301249632853,-0.05132181270773528,0.9714847590953786,0.03048180924287119,1.4514638817586165,1017
skew,0.1,42,0.01,0.042336877736007805,0.04710867219553405,0.05467380429007375,-0.13291764496095415,0.3185196197874607,-0.005751029194607028,-0.05175465535661239,0.9714847590953786,0.03048180924287119,1.4514638817586165,1017
skew,0.1,42,0.015,0.03713794363044198,0.047107737462564574,-0.05148693218818095,-0.13362275771032495,0.2779312765790371,-0.005770757139581104,-0.05218730909997238,0.9714847590953786,0.03048180924287119,1.4514638817586165,1017
skew,0.1,63,0.0,0.05392782460011869,0.049077598703406757,0.27975750805264515,-0.11401456620246209,0.4729906572144125,-0.005986212278653598,-0.025340830680919302,0.9713438735177866,0.030632411067193676,1.9629187336244778,1012
skew,0.1,63,0.005,0.04867128562741163,0.0490766249415277,0.17785983972804417,-0.11473502238620537,0.4242060062844717,-0.006005934774441678,-0.025785518556702525,0.9713438735177866,0.030632411067193676,1.9629187336244778,1012
skew,0.1,63,0.01,0.04344086049154905,0.04907565117964871,0.07595812768413468,-0.11545490699483507,0.3762582433459705,-0.006025657270229868,-0.0262300123612087,0.9713438735177866,0.030632411067193676,1.9629187336244778,1012
skew,0.1,63,0.015,0.03823641997656568,0.04907467741776968,-0.025947628318626483,-0.11617422047047832,0.32912998961144013,-0.006045379766017952,-0.026674312175285042,0.9713438735177866,0.030632411067193676,1.9629187336244778,1012
skew,0.15,21,0.0,0.05576458053624456,0.04672356187126079,0.3287663967707092,-0.13170159771764944,0.42341612784224786,-0.0062685023121532915,-0.05849444583920371,0.9392752203721841,0.07149853085210578,1.3947543634926205,1021
skew,0.15,21,0.005,0.050498880614433306,0.04672263481646176,0.22173489757493142,-0.1318738637652167,0.3829331997456268,-0.0062882192069486365,-0.058924007390662836,0.9392752203721841,0.07149853085210578,1.3947543634926205,1021
skew,0.15,21,0.01,0.04525934003993082,0.046721707761662755,0.11469915092830871,-0.13204609905312692,0.3427540863719219,-0.006307936101744092,-0.05935338147229818,0.9392752203721841,0.07149853085210578,1.3947543634926205,1021
skew,0.15,21,0.015,0.0400458293715773,0.04672078070686367,0.007659156579169653,-0.13221830358626008,0.3028765933715913,-0.006327652996539447,-0.059782568162203065,0.9392752203721841,0.07149853085210578,1.3947543634926205,1021
skew,0.15,30,0.0,0.054553886961564935,0.04737332117446888,0.30063560626458635,-0.1361249467462592,0.4007633300548131,-0.0063034961118533794,-0.05913716842406991,0.943081452404318,0.06378802747791953,1.7411865938533446,1019
skew,0.15,30,0.005,0.049294225458903496,0.0473723812276202,0.19507212135649726,-0.13682742344661558,0.3602656851763058,-0.006323212312327317,-0.05956643673359352,0.943081452404318,0.06378802747791953,1.7411865938533446,1019
skew,0.15,30,0.01,0.04406069330542994,0.04737144128077148,0.08950444725439285,-0.1375293428359129,0.32037303746880424,-0.0063429285128013616,-0.059995517701271095,0.943081452404318,0.06378802747791953,1.7411865938533446,1019
skew,0.15,30,0.015,0.038853161208421305,0.04737050133392275,-0.016067416289904702,-0.13823070534524173,0.2810747518894776,-0.006362644713275274,-0.06042441140514121,0.943081452404318,0.06378802747791953,1.7411865938533446,1019
skew,0.15,42,0.0,0.05533432675916106,0.05288005286624277,0.2885566270309788,-0.15577694150962706,0.35521513147529205,-0.007118159126817895,-0.07193297332805693,0.9419862340216323,0.07079646017699115,2.1612369326187424,1017
skew,0.15,42,0.005,0.050070772758251225,0.05287900365884456,0.19398613014632476,-0.1564634378105202,0.3200158034293466,-0.0071378591633431,-0.0723564035564539,0.9419862340216323,0.07079646017699115,2.1612369326187424,1017
skew,0.15,42,0.01,0.04483336744398003,0.05287795445144643,0.09941188031472734,-0.15714938947843227,0.28529138797661774,-0.007157559199868418,-0.07277964899086675,0.9419862340216323,0.07079646017699115,2.1612369326187424,1017
skew,0.15,42,0.015,0.03962198142793816,0.052876905244048304,0.004833877313817352,-0.1578347969346443,0.2510345132850818,-0.007177259236393645,-0.07320270970827447,0.9419862340216323,0.07079646017699115,2.1612369326187424,1017
skew,0.15,63,0.0,0.0558046179174847,0.05306877160576491,0.2960704226286233,-0.13401517105590754,0.416405228436447,-0.007024056068244064,-0.047895063182597286,0.9545454545454546,0.05434782608695652,2.829413519184313,1012
skew,0.15,63,0.005,0.05053871830642431,0.053067718653947334,0.2018362294575864,-0.1349101640183994,0.37461016131839936,-0.007043757971893471,-0.04832946069836874,0.9545454545454546,0.05434782608695652,2.829413519184313,1012
skew,0.15,63,0.01,0.0452989790347047,0.05306666570212976,0.10759829668551464,-0.13592230597324728,0.33327111919084573,-0.007063459875542971,-0.048763668633795665,0.9545454545454546,0.05434782608695652,2.829413519184313,1012
skew,0.15,63,0.015,0.040085270656257777,0.053065612750312234,0.013356624090851914,-0.13693328378533276,0.2927357728388268,-0.007083161779192366,-0.049197687067854656,0.9545454545454546,0.05434782608695652,2.829413519184313,1012
skew,0.2,21,0.0,0.05932701008329211,0.05369365346518994,0.3553407519210533,-0.1520220251821095,0.39025272826239077,-0.0075479779732989805,-0.07706493897844047,0.9138099902056807,0.10871694417238002,1.9212888919162612,1021
skew,0.2,21,0.005,0.054043542294162084,0.05369258811492276,0.2622032477262801,-0.1521902597587963,0.35510513208805056,-0.007567669481672473,-0.07748602774945912,0.9138099902056807,0.10871694417238002,1.9212888919162612,1021
skew,0.2,21,0.01,0.04878632212091194,0.053691522764655546,0.16906204745160253,-0.15235846429568178,0.3202074945191914,-0.007587360990046074,-0.07790693274835636,0.9138099902056807,0.10871694417238002,1.9212888919162612,1021
skew,0.2,21,0.015,0.043555219685614155,0.053690457414388416,0.07591715087804382,-0.15252663879753203,0.2855581164640396,-0.007607052498419584,-0.07832765405168296,0.9138099902056807,0.10871694417238002,1.9212888919162612,1021
skew,0.2,30,0.0,0.05778009380927873,0.05349167377305379,0.3291143281637916,-0.16318970788729614,0.3540670214887783,-0.007483636615217104,-0.07586116339656568,0.9205103042198234,0.10009813542688911,2.3713090615036445,1019
skew,0.2,30,0.005,0.0525043413736026,0.05349061243032018,0.23562514522918615,-0.16387017635390333,0.32040205571153624,-0.007503329400204843,-0.07628280138973653,0.9205103042198234,0.10009813542688911,2.3713090615036445,1019
skew,0.2,30,0.01,0.04725479822488232,0.053489551087586615,0.1421322522586208,-0.16455010496971978,0.287175740383624,-0.007523022185192707,-0.07670425537109271,0.9205103042198234,0.10009813542688911,2.3713090615036445,1019
skew,0.2,30,0.015,0.04203133467485021,0.053488489744853,0.04863564903229586,-0.16525776401684644,0.25433803322284765,-0.007542714970180453,-0.07712552541728623,0.9205103042198234,0.10009813542688911,2.3713090615036445,1019
skew,0.2,42,0.0,0.05745062180293137,0.05859284063905053,0.3000478197756869,-0.1755562098892196,0.32724915762982215,-0.008343024765302489,-0.08550819591078396,0.9144542772861357,0.10619469026548672,2.903523334644715,1017
skew,0.2,42,0.005,0.05217651263200218,0.058591678082688656,0.21469792343502545,-0.1762266222956499,0.29607622249303106,-0.008362700498938058,-0.0859254324490345,0.9144542772861357,0.10619469026548672,2.903523334644715,1017
skew,0.2,42,0.01,0.04692860458449455,0.0585905155263268,0.12934464005885035,-0.17689650282928093,0.265288481309234,-0.00838237623257374,-0.08634248689635904,0.9144542772861357,0.10619469026548672,2.903523334644715,1017
skew,0.2,42,0.015,0.041706768012531814,0.058589352969964884,0.043987969446457505,-0.1775658519015274,0.23488056721436007,-0.0084020519662093,-0.08675935932861101,0.9144542772861357,0.10619469026548672,2.903523334644715,1017
skew,0.2,63,0.0,0.05734189911976606,0.05791017337618417,0.301084468936788,-0.16645873081201312,0.34448117464336553,-0.008105728183562283,-0.06536070729626797,0.9268774703557312,0.09288537549407115,3.721920072352443,1012
skew,0.2,63,0.005,0.05206833221084861,0.057909024364807646,0.21472843538873088,-0.16743394208470608,0.3109783569720102,-0.00812540862546336,-0.06578713611854614,0.9268774703557312,0.09288537549407115,3.721920072352443,1012
skew,0.2,63,0.01,0.04682096373146072,0.05790787535343115,0.12836897487747792,-0.16840803171372387,0.27802096642903285,-0.00814508906736455,-0.06621337883818945,0.9268774703557312,0.09288537549407115,3.721920072352443,1012
skew,0.2,63,0.015,0.04159966404705706,0.057906726342054654,0.0420060871999804,-0.16938100096690278,0.24559817104390402,-0.00816476950926562,-0.06663943553272289,0.9268774703557312,0.09288537549407115,3.721920072352443,1012
skew,0.25,21,0.0,0.06212720239976299,0.060176605659159464,0.36706608523651285,-0.16937958049014046,0.3667927516409181,-0.008737438981073951,-0.08925535433007481,0.8863858961802155,0.14985308521057786,2.4818099556439845,1021
skew,0.25,21,0.005,0.05682976845498122,0.060175411678888485,0.2839624801051,-0.16970912964600915,0.33486571154728456,-0.00875710688903064,-0.08967088122871991,0.8863858961802155,0.14985308521057786,2.4818099556439845,1021
skew,0.25,21,0.01,0.05155865150821759,0.060174217698617444,0.20085557708024146,-0.17103529796155448,0.3014503562873145,-0.008776774796987435,-0.09008622678256228,0.8863858961802155,0.14985308521057786,2.4818099556439845,1021
skew,0.25,21,0.015,0.04631372133823031,0.06017302371834643,0.11774537596657442,-0.17249792512397621,0.2684885705433507,-0.008796442704944108,-0.09050139106714417,0.8863858961802155,0.14985308521057786,2.4818099556439845,1021
skew,0.25,30,0.0,0.060260745285214634,0.059499652388091656,0.34094814571954557,-0.186181324666313,0.32366697032163727,-0.008618342228810968,-0.08813455684344829,0.888125613346418,0.14131501472031405,3.03735085599341,1019
skew,0.25,30,0.005,0.05497262042624973,0.059498471839433145,0.25689903494107263,-0.18779445940230377,0.29272759484604555,-0.008638012499798436,-0.08855059510552044,0.888125613346418,0.14131501472031405,3.03735085599341,1019
skew,0.25,30,0.01,0.04971076631891358,0.05949729129077465,0.17284658874759234,-0.18940442852808703,0.2624583105328073,-0.008657682770786029,-0.08896645179962037,0.888125613346418,0.14131501472031405,3.03735085599341,1019
skew,0.25,30,0.015,0.04447505297079868,0.05949611074211618,0.08879080694151845,-0.19101123819319898,0.2328399804717994,-0.008677353041773509,-0.08938212700138326,0.888125613346418,0.14131501472031405,3.03735085599341,1019
skew,0.25,42,0.0,0.05941600620835641,0.06459087261421873,0.3066508438010511,-0.19314772776526623,0.307619493616643,-0.009482754851181309,-0.0963138617933752,0.887905604719764,0.14454277286135694,3.6822524839650956,1017
skew,0.25,42,0.005,0.05413209454480805,0.06458959104928584,0.22922670208499152,-0.1947470538394931,0.2779610447376663,-0.009502407971124676,-0.09672616825067104,0.887905604719764,0.14454277286135694,3.6822524839650956,1017
skew,0.25,42,0.01,0.048874432702253445,0.06458830948435305,0.15179948786000655,-0.196343241401586,0.24892342793857256,-0.009522061091068177,-0.097138294768634,0.887905604719764,0.14454277286135694,3.6822524839650956,1017
skew,0.25,42,0.015,0.043642890791852684,0.06458702791942023,0.07436920094403693,-0.19793629654843692,0.22048957949040363,-0.009541714211011559,-0.09755024142222013,0.887905604719764,0.14454277286135694,3.6822524839650956,1017
skew,0.25,63,0.0,0.05856651754384612,0.06313472955201575,0.29951286734485627,-0.19307373579400056,0.30333756843206,-0.009181498197477262,-0.07836910111176887,0.900197628458498,0.14130434782608695,4.648653169199519,1012
skew,0.25,63,0.005,0.05328684276461315,0.06313347687881038,0.22030301073609884,-0.1940178085330172,0.274649235384725,-0.009201157294735217,-0.07878959485931036,0.900197628458498,0.14130434782608695,4.648653169199519,1012
skew,0.25,63,0.01,0.04803339675805707,0.06313222420560496,0.14109001075388775,-0.1949607954424848,0.24637464495895206,-0.009220816391993262,-0.07920990509440984,0.900197628458498,0.14130434782608695,4.648653169199519,1012
skew,0.25,63,0.015,0.04280604973948865,0.06313097153239956,0.061873867211988,-0.19590269774975733,0.218506688428397,-0.009240475489251202,-0.07963003189351225,0.900197628458498,0.14130434782608695,4.648653169199519,1012
skew,0.3,21,0.0,0.06473570482411684,0.06629906389994027,0.37602332553452705,-0.18665528381673646,0.3468195676028985,-0.00983659832859848,-0.09779654334149779,0.8550440744368266,0.1851126346718903,3.0782009753284223,1021
skew,0.3,21,0.005,0.05942526079047017,0.06629774844232321,0.3005940120468539,-0.18809029414399392,0.3159400704907012,-0.009856244427837958,-0.0982081733259007,0.8550440744368266,0.1851126346718903,3.0782009753284223,1021
skew,0.3,21,0.01,0.0541411983873592,0.06629643298470614,0.22516170521325832,-0.18952280103418417,0.28567115983893554,-0.00987589052707753,-0.09861962366619814,0.8550440744368266,0.1851126346718903,3.0782009753284223,1021
skew,0.3,21,0.015,0.048883387073725304,0.0662951175270891,0.14972640485638247,-0.19095280880509946,0.2559972140740768,-0.009895536626316995,-0.09903089443722224,0.8550440744368266,0.1851126346718903,3.0782009753284223,1021
skew,0.3,30,0.0,0.06256049202592417,0.06502900750813646,0.35057174474243236,-0.2062091053140923,0.3033837518020054,-0.009611124812082572,-0.09700191007599812,0.8684985279685966,0.17369970559371933,3.7418653950289835,1019
skew,0.3,30,0.005,0.05726089701873205,0.06502771725005098,0.27366925050981583,-0.20778254139284325,0.2755808868006478,-0.009630775385002918,-0.09741390261152594,0.8684985279685966,0.17369970559371933,3.7418653950289835,1019
skew,0.3,30,0.01,0.051987629745448904,0.06502642699196551,0.19676370446938832,-0.2093528897658975,0.2483253505771164,-0.009650425957923382,-0.09782571534472329,0.8684985279685966,0.17369970559371933,3.7418653950289835,1019
skew,0.3,30,0.015,0.046740559931708114,0.06502513673388,0.1198551064403284,-0.210920156431456,0.2216030972217569,-0.00967007653084373,-0.0982373483504888,0.8684985279685966,0.17369970559371933,3.7418653950289835,1019
skew,0.3,42,0.0,0.06118452084362547,0.07104545349797076,0.3084296150085987,-0.22208744896214716,0.2754974273852541,-0.010632391808603746,-0.10617814164585826,0.8623402163225172,0.16912487708947885,4.500963479642399,1017
skew,0.3,42,0.005,0.05589178858924604,0.07104404386595696,0.2380395671079149,-0.22390663976533354,0.24962095205315799,-0.010652022118290052,-0.1065859475292188,0.8623402163225172,0.16912487708947885,4.500963479642399,1017
skew,0.3,42,0.01,0.050625349975468525,0.07104263423394304,0.16764672584013207,-0.22572161226148535,0.22428224514373044,-0.010671652427976443,-0.10699357543739219,0.8623402163225172,0.16912487708947885,4.500963479642399,1017
skew,0.3,42,0.015,0.04538507489662513,0.07104122460192921,0.09725109103974167,-0.22753237614850907,0.19946644809353442,-0.010691282737662738,-0.10740102544451646,0.8623402163225172,0.16912487708947885,4.500963479642399,1017
skew,0.3,63,0.0,0.05943156241754699,0.06895369390988827,0.29165006904516877,-0.21794199931025837,0.27269439853555383,-0.010269004552800031,-0.08878469245224296,0.8636363636363636,0.1808300395256917,5.615144831547128,1012
skew,0.3,63,0.005,0.0541475731663148,0.06895232578104081,0.21912468873150096,-0.21885697713602814,0.24741076969485862,-0.010288642072550912,-0.08920043409019152,0.8636363636363636,0.1808300395256917,5.615144831547128,1012
skew,0.3,63,0.01,0.0488898341215207,0.0689509576521934,0.14659643031192296,-0.2197709025958977,0.22245817596434303,-0.01030827959230192,-0.08961599428961953,0.8636363636363636,0.1808300395256917,5.615144831547128,1012
skew,0.3,63,0.015,0.04365821539242076,0.06894958952334597,0.07406529361594542,-0.2206837768793929,0.19783155794130103,-0.0103279171120528,-0.09003137312611043,0.8636363636363636,0.1808300395256917,5.615144831547128,1012
