asset_class,deviation,drive,n,sep_naive,raw_abs,base_abs,hit_neg,sep_IS,n_IS,sep_OOS,n_OOS,sep_nonoverlap,eff_n,t_stat
credit,CHEAP,CHASE,12,-0.0642479671181128,3.8597677889551374e-05,-0.0013623372179029346,0.75,-0.03872682144863759,9,-0.14081140412653845,3,-0.06729444860364776,3,-1.1940782697747392
credit,CHEAP,PANIC,11,-0.03268187486451887,0.0011159081461647507,-0.0013623372179029346,0.8181818181818182,,0,-0.03268187486451887,11,-0.05947486387222162,1,
credit,CHEAP,STRUCTURAL,17,-0.08359140372180568,-0.0053582457999264,-0.0013623372179029346,0.8823529411764706,-0.021148682328942375,1,-0.08749407380885964,16,-0.025622202282529604,5,-1.168614574329021
credit,NORMAL,CHASE,35,-0.03841204034497298,-0.0011423171730906218,-0.0013623372179029346,0.6285714285714286,-0.01568420221384002,28,-0.1293233928695048,7,-0.06259389954895468,4,-1.4069920812469459
credit,NORMAL,PANIC,4,0.004071717339136025,-0.0018332139897512534,-0.0013623372179029346,0.25,,0,0.004071717339136025,4,-0.05993886368771491,1,
credit,NORMAL,STRUCTURAL,69,-0.048411055365164754,-0.001503488297379923,-0.0013623372179029346,0.7391304347826086,-0.0055845150827880915,33,-0.08766871729067667,36,-0.0529184275261806,7,-1.9045953095294657
credit,RICH,CHASE,2,-0.027836323498983996,-0.0034322738193706126,-0.0013623372179029346,1.0,-0.027836323498983996,2,,0,-0.027836323498983996,2,-6.867189225976017
credit,RICH,STRUCTURAL,7,-0.08463750348569814,0.0031977529743762684,-0.0013623372179029346,0.8571428571428571,,0,-0.08463750348569814,7,-0.10902308465577903,2,-1.0693954828330983
index_macro,CHEAP,CHASE,17,0.009953827242157461,-0.018032668627131865,0.015277461110579385,0.5294117647058824,0.009953827242157461,17,,0,-0.029541925975921375,2,-1.164183903479742
index_macro,CHEAP,PANIC,8,-0.02716031972532786,0.022390697082605132,0.015277461110579385,0.75,-0.04291793586058271,3,-0.017705750044174955,5,-0.034164573332089394,4,-1.2353603981158012
index_macro,CHEAP,STRUCTURAL,112,-0.019214358895656276,0.014399931049229221,0.015277461110579385,0.6428571428571429,-0.03002640969589796,60,-0.006738915664608178,52,-0.027029862170864612,18,-2.0642982094852282
index_macro,NORMAL,CHASE,59,-0.013640574541765706,-0.011682736289211638,0.015277461110579385,0.4067796610169492,0.0490651145295153,40,-0.14565255153393622,19,-0.006504376801542797,9,-0.21317106817285975
index_macro,NORMAL,PANIC,42,-0.05305582467279936,0.005904639141030048,0.015277461110579385,0.8571428571428571,-0.04457156895456097,20,-0.060768784416652434,22,-0.045331298946641806,17,-3.4792902032464257
index_macro,NORMAL,STRUCTURAL,643,-0.04183134882576427,0.020135534146526014,0.015277461110579385,0.8289269051321928,-0.03707095892471469,526,-0.06323275983390171,117,-0.03358723800272371,54,-4.413572189118144
index_macro,RICH,CHASE,89,-0.014810221277927124,0.03954562531025625,0.015277461110579385,0.550561797752809,0.020573413900508476,62,-0.09606153168766814,27,-0.032638965563850604,8,-0.9514934105157102
index_macro,RICH,PANIC,282,-0.0630858994850226,0.016257391326150925,0.015277461110579385,0.8900709219858156,-0.019459811302370525,85,-0.08190933854860348,197,-0.05177248500884909,28,-4.9703570053236925
index_macro,RICH,STRUCTURAL,322,-0.036312669684572994,0.006060106940606554,0.015277461110579385,0.6770186335403726,-0.013121992271766355,234,-0.097978789168627,88,-0.0394395844820318,44,-4.294382371772228
sector_etf,CHEAP,CHASE,38,0.023313203926661717,0.058423121417439806,0.034311645121576605,0.2894736842105263,0.14348323527284346,14,-0.046785981025277645,24,-0.05295510045451866,5,-0.7271023116432693
sector_etf,CHEAP,PANIC,35,0.0012003294270975437,0.021451970209583105,0.034311645121576605,0.5428571428571428,-0.010904547416462037,22,0.02168550562389068,13,-0.020314901891188616,7,-0.6826337348813543
sector_etf,CHEAP,STRUCTURAL,87,-0.027746793329442087,0.024921895975314863,0.034311645121576605,0.5862068965517241,0.00448431544427105,45,-0.06228012415842045,42,-0.009813743376029084,22,-0.6416973900778775
sector_etf,NORMAL,CHASE,30,-0.07538283569094986,0.005374804319489294,0.034311645121576605,0.6666666666666666,,0,-0.07538283569094986,30,-0.07136713164415835,3,-0.935024428641574
sector_etf,NORMAL,PANIC,114,-0.023917435341433504,0.0134889643770159,0.034311645121576605,0.631578947368421,-0.019293329883495875,104,-0.0720081321039848,10,-0.023719500530037373,22,-1.3529191606640316
sector_etf,NORMAL,STRUCTURAL,487,-0.018793682059990095,0.032442852471086,0.034311645121576605,0.6139630390143738,-0.023838225967768533,403,0.005408117878518341,84,-0.028854975981014937,43,-2.635696459997242
sector_etf,RICH,CHASE,6,-0.07119318085376783,-0.027880886709156043,0.034311645121576605,0.6666666666666666,,0,-0.07119318085376783,6,-0.048599524207542905,2,-0.5210849081483517
sector_etf,RICH,PANIC,184,-0.0183570180571455,0.05010932416618832,0.034311645121576605,0.592391304347826,-0.031968990211466895,64,-0.011097299574840753,120,-0.023528666963739356,23,-1.6035465089822385
sector_etf,RICH,STRUCTURAL,233,-0.01520586519281917,0.0427628717091691,0.034311645121576605,0.6008583690987125,-0.02463797644602007,142,-0.00048762565485732467,91,-0.007740252581810917,35,-0.7611568946295323
single_name,CHEAP,CHASE,1022,0.016840609741060754,0.04467872237436754,0.05846284107713974,0.4657534246575342,0.016515838182871948,713,0.017590001718370208,309,0.04123571572765256,165,2.186443549573527
single_name,CHEAP,PANIC,548,-0.01806773907437514,0.010534713455572652,0.05846284107713974,0.5675182481751825,-0.015821829736331,362,-0.02243880993659009,186,-0.031190795300023895,126,-2.3097294021312793
single_name,CHEAP,STRUCTURAL,1564,-0.0046229546574954455,0.036640711392204636,0.05846284107713974,0.5556265984654731,0.004198360083360333,1205,-0.03423210302164924,359,-0.008004679276382267,331,-0.9203157840401399
single_name,NORMAL,CHASE,1859,0.06287207371287969,0.10339612926863063,0.05846284107713974,0.4373318988703604,0.06640726223011449,1289,0.05487758599583467,570,0.04353797783904119,245,2.9350646449284645
single_name,NORMAL,PANIC,1527,-0.00973502094807992,0.039143322112589495,0.05846284107713974,0.6110019646365422,-0.02765493028021004,1019,0.026210623952393687,508,-1.4793107671119486e-05,262,-0.0012116388109465175
single_name,NORMAL,STRUCTURAL,7058,0.003591259239189454,0.05607410249787988,0.05846284107713974,0.5573816945310286,0.0040502449340535825,5592,0.0018404761520951689,1466,-0.0010381754495079728,679,-0.15298433256217853
single_name,RICH,CHASE,794,0.060286157030435585,0.11626014281753719,0.05846284107713974,0.4521410579345088,0.06109340616428648,307,0.05977727513291561,487,0.02651347326386012,156,1.5554399161848853
single_name,RICH,PANIC,2387,-0.02130273307486039,0.05346308324235319,0.05846284107713974,0.6497695852534562,-0.05174575132153803,700,-0.008670775296155975,1687,-0.012001112013809727,295,-1.2890007298157686
single_name,RICH,STRUCTURAL,2947,-0.006104493006776652,0.05960121842737832,0.05846284107713974,0.6138445877163217,-0.021047626217936818,1328,0.006152752764947065,1619,0.002602187445861625,468,0.33215110503570394
