bucket,ticker,n,sep_naive,sep_nonoverlap,eff_n,t_stat
index_macro/NORMAL/PANIC,GLD,4,-0.09411390666571395,-0.12612306196541923,1,
index_macro/NORMAL/PANIC,TLT,24,-0.05937644631772925,-0.0489203250890983,6,-1.8403472939340966
index_macro/NORMAL/PANIC,SPY,4,-0.043401934195263836,-0.055097631504280854,3,-2.0063478991523116
index_macro/NORMAL/PANIC,DIA,3,-0.03795931447601844,-0.05596888071924938,2,-0.9973272609388559
index_macro/NORMAL/PANIC,QQQ,4,-0.02133329898338277,-0.009860495907493333,2,-1.495026338052489
index_macro/NORMAL/PANIC,IWM,3,-0.018011807275524552,-0.018011807275524552,3,-0.9425008384626932
single_name/NORMAL/CHASE,OKLO,18,-0.26527125984295924,-0.29772030647587894,3,-10.055640493415106
single_name/NORMAL/CHASE,CRCL,20,-0.2606542215284837,-0.22074668660440958,3,-2.407271208234793
single_name/NORMAL/CHASE,SNOW,2,-0.2487382547032244,-0.28361582585482137,1,
single_name/NORMAL/CHASE,ORCL,5,-0.1584112325947974,-0.1270751939228005,1,
single_name/NORMAL/CHASE,HIMS,35,-0.14085358050384889,-0.10179477559727793,4,-0.7966255819417822
single_name/NORMAL/CHASE,AMZN,12,-0.1216014897866991,-0.10532992180410901,3,-3.0962498305978685
single_name/NORMAL/CHASE,CRWV,44,-0.09686175157134123,-0.0654866058733906,6,-0.9489061492749659
single_name/NORMAL/CHASE,QCOM,30,-0.09322715582732698,-0.052695400887477706,5,-1.430281625503096
single_name/NORMAL/CHASE,CRM,8,-0.09294639985546918,-0.11841684086784945,2,-1.992708418701333
single_name/NORMAL/CHASE,WMT,38,-0.08384847889523803,-0.02953980929575077,4,-0.5351061337341675
single_name/NORMAL/CHASE,CVX,32,-0.07578743677674421,-0.07560519735582735,5,-1.6754660126564593
single_name/NORMAL/CHASE,CDNS,8,-0.07418738188260168,-0.06145386389152456,2,-10.112652874778735
single_name/NORMAL/CHASE,NKE,13,-0.06950521691868437,-0.12111604366197391,3,-2.4324631557239593
single_name/NORMAL/CHASE,XOM,39,-0.06426054528402779,-0.013646230523000638,4,-0.1477680508079139
single_name/NORMAL/CHASE,MSFT,3,-0.06051109359528894,-0.08959434631391103,2,-1.4389932667902399
single_name/NORMAL/CHASE,MRVL,11,-0.06032243296016273,-0.10286188420183252,3,-1.5433042025381036
single_name/NORMAL/CHASE,ANET,14,-0.056175723232350865,-0.05342962548350738,4,-1.2257349027736826
single_name/NORMAL/CHASE,SNPS,14,-0.05073138967019176,-0.08934013560031184,3,-1.4052195322084053
single_name/NORMAL/CHASE,MARA,12,-0.0443527854197186,-0.0784965968080808,2,-0.9077285912013302
single_name/NORMAL/CHASE,SOFI,14,-0.04386536455917809,0.03318931216895577,2,0.4863023811239297
single_name/NORMAL/CHASE,KO,2,-0.04232318171949368,-0.014555163677480786,1,
single_name/NORMAL/CHASE,COIN,15,-0.04088640113602641,-0.02900718688862855,2,-1.1180515316234638
single_name/NORMAL/CHASE,BKSY,98,-0.03861754875544981,-0.01631183344922501,8,-0.17853489036953119
single_name/NORMAL/CHASE,NOV,49,-0.03367005910603232,-0.052297517530773316,5,-0.9762711637885894
single_name/NORMAL/CHASE,WFC,1,-0.032760525510858604,-0.032760525510858604,1,
single_name/NORMAL/CHASE,UNH,31,-0.03247897674250895,-0.048281580948001224,3,-1.3310436560405583
single_name/NORMAL/CHASE,PFE,32,-0.028597395586503704,-0.03308784477520271,4,-0.7555678853250414
single_name/NORMAL/CHASE,IBM,30,-0.020169235030468444,-0.030340052443968164,5,-0.7628415774860973
single_name/NORMAL/CHASE,META,3,-0.01687740642833314,-0.04130772750684626,1,
single_name/NORMAL/CHASE,TSLA,32,-0.012289703669157295,0.012014931260535445,4,0.45150541863024796
single_name/NORMAL/CHASE,NET,4,0.0016365566700406523,0.02255999875406878,2,0.609471124741642
single_name/NORMAL/CHASE,FLY,15,0.002568180452055461,0.07302528175838423,2,0.3356680997627
single_name/NORMAL/CHASE,ASTS,56,0.007694623199762429,0.10098666523457832,7,0.7675168136008643
single_name/NORMAL/CHASE,HD,14,0.008990318161469304,-0.008602553245952119,2,-0.2187581777301307
single_name/NORMAL/CHASE,OXY,32,0.009676068576492742,0.047491798115116036,4,0.6027424637517453
single_name/NORMAL/CHASE,KLAC,7,0.00993039564982548,0.06543611691520201,2,0.7705704075821356
single_name/NORMAL/CHASE,AVGO,11,0.014164506528659488,0.005029803395386401,3,0.09064836373328906
single_name/NORMAL/CHASE,JNJ,27,0.02060020930390232,0.032751767446974916,3,0.6088201466509823
single_name/NORMAL/CHASE,SBUX,20,0.021870065472516916,-0.03882111622294515,4,-1.3569243848363894
single_name/NORMAL/CHASE,TXN,12,0.024889181469689294,-0.013301198003528594,2,-0.06690165969823868
single_name/NORMAL/CHASE,TGT,43,0.03776081839712819,0.044822592785088225,4,1.738395738150179
single_name/NORMAL/CHASE,LLY,65,0.04297075671773375,0.02537339380652101,5,0.36073746916625754
single_name/NORMAL/CHASE,TSEM,17,0.05294379558332513,0.07291261043269365,3,0.3924312951702879
single_name/NORMAL/CHASE,HOOD,16,0.05785065604363519,0.09787433863226555,2,1.2913604061372563
single_name/NORMAL/CHASE,NOK,71,0.0611966909981897,0.05594320929631382,7,1.159926977200408
single_name/NORMAL/CHASE,FN,20,0.061709442341451384,-0.06110497197511325,2,-2.0004122120967716
single_name/NORMAL/CHASE,GLW,32,0.06232588188445018,0.08988469827042556,5,0.9101259125387788
single_name/NORMAL/CHASE,RIOT,39,0.06856470630654263,-0.022744231493710788,3,-0.15258366488678266
single_name/NORMAL/CHASE,LRCX,11,0.07077802197597792,0.08997312073764653,2,1.0392089185249216
single_name/NORMAL/CHASE,ASML,49,0.07836844854749508,0.05462809786282774,6,3.6487613115750266
single_name/NORMAL/CHASE,AMD,43,0.09313586493851835,0.10339383938722546,5,0.7647624947037517
single_name/NORMAL/CHASE,PANW,11,0.09670942151376175,0.05049278696250361,2,0.3311813521010322
single_name/NORMAL/CHASE,APP,3,0.09937955660906006,0.08907277988851495,1,
single_name/NORMAL/CHASE,CRDO,4,0.12217938199662497,0.0441945819741853,1,
single_name/NORMAL/CHASE,AMAT,20,0.12377986902937126,0.10429301751100724,3,1.9383665835692727
single_name/NORMAL/CHASE,INTC,87,0.1312009936132119,0.05517333567598254,8,0.6205226809860015
single_name/NORMAL/CHASE,WDC,54,0.14113977799080166,0.19461258624988767,5,2.929726209135692
single_name/NORMAL/CHASE,NBIS,22,0.16165178298557156,0.036445606449471854,4,0.44037739661682157
single_name/NORMAL/CHASE,COHR,32,0.1669812273997583,0.14272835211808246,4,1.6257738756783635
single_name/NORMAL/CHASE,ARM,22,0.1848785499593851,0.12146054340587296,4,0.7404037218380214
single_name/NORMAL/CHASE,RKLB,14,0.18738371979691565,-0.017405086049268752,3,-0.07818344661924874
single_name/NORMAL/CHASE,HUT,41,0.19064375281884077,0.15418627716922095,6,1.5579138431888455
single_name/NORMAL/CHASE,MU,32,0.2101214566560718,0.1507040330914046,3,1.650011564482383
single_name/NORMAL/CHASE,LITE,5,0.24559497904608993,0.21913440890993086,3,0.9770095304654001
single_name/NORMAL/CHASE,AAOI,55,0.2589343315131224,0.19678120168431312,6,0.9303745368107509
single_name/NORMAL/CHASE,BE,48,0.32746941597854357,0.27273005772140585,6,2.253006273789349
single_name/NORMAL/CHASE,SNDK,74,0.35078708774422546,0.3350113697121948,8,3.4578806593713276
single_name/NORMAL/CHASE,IREN,46,0.3760785030009153,0.4673445760417647,3,1.3766670330772082
single_name/NORMAL/CHASE,ALAB,14,0.4268908308141471,0.3740999982750396,2,1.7787888243865027
single_name/NORMAL/CHASE,PL,6,0.5215081818812979,0.4714480638735622,2,2.4275990423650033
single_name/RICH/PANIC,ISRG,47,-0.15108478784724383,-0.13375902231222211,6,-6.759758408286046
single_name/RICH/PANIC,ASTS,5,-0.13032551491969888,0.22702974714762478,2,0.4572164855536626
single_name/RICH/PANIC,SOFI,62,-0.11791257338598825,-0.06592422877292332,7,-1.7144030024421892
single_name/RICH/PANIC,LLY,49,-0.11460624260552568,-0.07678721477641426,4,-2.131130261872264
single_name/RICH/PANIC,SNOW,56,-0.11347481912710736,-0.07301018754048942,6,-1.2345374526857629
single_name/RICH/PANIC,ALAB,20,-0.112969656557116,-0.052289516362585026,2,-0.43484285428061925
single_name/RICH/PANIC,HD,31,-0.1115930882679686,-0.0687611026146503,5,-2.581791436525604
single_name/RICH/PANIC,IBM,49,-0.10995262444292998,-0.050968589800185475,4,-0.48544050070547073
single_name/RICH/PANIC,MSTR,110,-0.09890445338369072,-0.14926574538933163,9,-3.127483952137111
single_name/RICH/PANIC,META,49,-0.0982711434802223,-0.07338316329757945,6,-3.352055883413851
single_name/RICH/PANIC,HOOD,72,-0.09808782765269647,-0.07888182021272624,5,-1.560167706356982
single_name/RICH/PANIC,MCD,32,-0.09351880731316453,-0.045928923935471176,6,-0.9474054406792143
single_name/RICH/PANIC,CRM,46,-0.09345983524545046,-0.13438940595795112,4,-2.930990983193305
single_name/RICH/PANIC,KO,12,-0.08840369839937429,-0.05996609335015428,5,-1.038836840987873
single_name/RICH/PANIC,TSLA,69,-0.08276442523455745,-0.04598644156673311,5,-0.850813751538558
single_name/RICH/PANIC,MSFT,63,-0.08061465994044816,-0.07999675873527042,7,-3.4833502702202535
single_name/RICH/PANIC,BLK,52,-0.07273828423639361,-0.04631311332267807,6,-1.8605938123911865
single_name/RICH/PANIC,COST,24,-0.06564772486211216,-0.06807092547749842,5,-1.308672520532027
single_name/RICH/PANIC,SBUX,20,-0.061780592760300054,0.016531573371572843,3,0.34820584727350684
single_name/RICH/PANIC,WFC,51,-0.06006635598122169,-0.009867338520717793,6,-0.27138637011309935
single_name/RICH/PANIC,APP,59,-0.0585885472784397,-0.04746088665112821,7,-0.7041866162703152
single_name/RICH/PANIC,PFE,7,-0.0535250539696458,-0.09243734618715167,2,-2.190214536848108
single_name/RICH/PANIC,JPM,37,-0.05142888252191467,-0.028624739403850605,6,-0.9933211290128828
single_name/RICH/PANIC,COIN,75,-0.04976305991375746,-0.08490001840500351,7,-1.4753814916712926
single_name/RICH/PANIC,TGT,5,-0.04612339416213657,-0.004183385809336318,2,-0.17839117286603395
single_name/RICH/PANIC,GS,43,-0.038411940108269677,-0.02178940713253094,6,-0.6878188156855041
single_name/RICH/PANIC,ASML,26,-0.03833012805466815,-0.00915101213652778,3,-0.0972341296796154
single_name/RICH/PANIC,CRWD,67,-0.037182963300195146,-0.06255801875148317,5,-1.0465619969775999
single_name/RICH/PANIC,JNJ,6,-0.03620223499681599,-0.024104720482605875,4,-0.3035624812290282
single_name/RICH/PANIC,AAPL,53,-0.031527360554291804,-0.041487442435018965,5,-0.9712230967452362
single_name/RICH/PANIC,NVDA,45,-0.028393644841916338,-0.03246000633873973,5,-1.2378869533004868
single_name/RICH/PANIC,OXY,3,-0.024272708484937136,-0.03321081686660825,2,-0.391505309668034
single_name/RICH/PANIC,MS,40,-0.020232452605588848,-0.005435863102441402,5,-0.28032039224641114
single_name/RICH/PANIC,CDNS,44,-0.018506323593496923,-0.003430373152655819,5,-0.06654096739495519
single_name/RICH/PANIC,PLTR,62,-0.016499509946384893,-0.047558308316450706,7,-0.9334662845885894
single_name/RICH/PANIC,SNPS,30,-0.01607482812567516,-0.021151929078991504,3,-0.4861443374267851
single_name/RICH/PANIC,GOOGL,45,-0.014822605454565457,-0.013458404846898631,5,-0.6140141835684457
single_name/RICH/PANIC,NET,47,-0.01295540310445376,0.04537937479601386,7,0.8013283876351417
single_name/RICH/PANIC,OKLO,38,-0.01271428635869584,-0.03332265291502203,3,-0.221319737487365
single_name/RICH/PANIC,BAC,41,-0.011791436677496013,-0.00235356946708219,7,-0.09072877750729688
single_name/RICH/PANIC,AMAT,16,-0.0097931366594003,0.12377462791267872,3,4.571262088330731
single_name/RICH/PANIC,AMZN,18,-0.008679194614137804,-0.03597097781203145,4,-0.9310694315120223
single_name/RICH/PANIC,TSM,28,-0.007240180371850006,-0.010390577480047725,4,-0.45118812755292004
single_name/RICH/PANIC,NKE,2,0.008524687854286127,0.03249791105466231,1,
single_name/RICH/PANIC,ORCL,22,0.013965387939896464,-0.0048376276784736875,4,-0.07152816371829364
single_name/RICH/PANIC,MARA,41,0.01497780850605465,0.04905495418372081,3,0.40432101510512675
single_name/RICH/PANIC,PANW,31,0.02818913636936738,-0.010418618483220291,4,-0.20178374255988724
single_name/RICH/PANIC,LRCX,25,0.030928304551447336,0.015283786072165115,3,0.27097593085403016
single_name/RICH/PANIC,HIMS,31,0.03884473237824208,-0.06208492784370347,3,-0.21963011970813368
single_name/RICH/PANIC,AVGO,41,0.03888001753820951,0.012695492007169351,5,0.2647460292697907
single_name/RICH/PANIC,NOV,1,0.040821738425757446,0.040821738425757446,1,
single_name/RICH/PANIC,RIOT,46,0.04683625994418219,-0.008110836588751787,4,-0.3781098658196995
single_name/RICH/PANIC,MRVL,11,0.054792981254411836,0.04163372613317425,3,0.3178612854100197
single_name/RICH/PANIC,IREN,49,0.055760208297223654,0.021926249335136518,4,0.2177299047622586
single_name/RICH/PANIC,XOM,7,0.057899989791024335,0.022588426999476708,1,
single_name/RICH/PANIC,TXN,29,0.062070756869462736,0.05051773299621487,3,0.5719967117106179
single_name/RICH/PANIC,AMD,25,0.06474539043017324,0.028682023878969377,2,0.3780009622073755
single_name/RICH/PANIC,WMT,7,0.06542095220388312,0.051139204008633476,2,0.8584737479236726
single_name/RICH/PANIC,ANET,28,0.06561564816386097,0.05772723369569901,3,1.5179850007562286
single_name/RICH/PANIC,UNH,18,0.07160379837323975,-0.008141491072322751,3,-0.1310348851128142
single_name/RICH/PANIC,MU,19,0.07596837934647188,0.030435737600789103,2,0.1948753125490412
single_name/RICH/PANIC,NBIS,18,0.0965150638565196,0.12175098246880534,3,1.8471394449368868
single_name/RICH/PANIC,TER,23,0.09773994838076124,0.030498436532857803,3,0.8196891590863232
single_name/RICH/PANIC,CRDO,54,0.1298699185124926,0.04767048150277051,6,0.4153329160311379
single_name/RICH/PANIC,COHR,6,0.15302304352389576,0.2576870424821271,2,2.9607801308682196
single_name/RICH/PANIC,HUT,24,0.15846317791746037,0.07907056759216115,3,0.4917795386098011
single_name/RICH/PANIC,ARM,9,0.18618263712593333,0.2105197250702371,2,46.218966806398434
single_name/RICH/PANIC,GLW,4,0.2237306178174882,0.21093833024815506,2,1.0193807007163194
single_name/RICH/PANIC,QCOM,4,0.2408387864190652,0.11275831557415801,2,0.6132116384161571
single_name/RICH/PANIC,PL,24,0.3385977580104296,0.243636380158465,3,1.113957753371791
single_name/RICH/PANIC,FLY,8,0.39199514363232535,0.038907905146911566,1,
single_name/RICH/PANIC,LITE,10,0.4075117574283967,0.16791336223269618,3,0.7325023745385556
single_name/RICH/PANIC,BE,13,0.5206396200853851,0.26014959183026426,3,1.0249548301177698
single_name/RICH/PANIC,AAOI,3,0.5613771844767128,0.3679842655784182,1,
