market_date,mean_rrz,panic,chase,n,net_fear,r_fwd,r_past,r_1d,d_rrz,d_fear,fear_q
2025-05-13,,0.0,0.0,1,0.0,0.02474268965987325,,,,,2
2025-05-14,,0.0,0.0,1,0.0,0.027502169880358807,,0.0012780314906959411,,0.0,2
2025-05-15,,0.0,0.0,1,0.0,0.011076110151407415,,0.004884358140880618,,0.0,2
2025-05-16,,0.0,0.0,1,0.0,0.014271289128239495,,0.006334044643159675,,0.0,2
2025-05-19,,0.0,0.0,1,0.0,0.004505337480037008,,0.0010939077751599413,,0.0,2
2025-05-20,,0.0,0.0,1,0.0,0.007742261954963414,,-0.003362192149281351,,0.0,2
2025-05-21,,0.0,0.0,1,0.0,0.01959304121058225,,-0.016850805431390725,,0.0,2
2025-05-22,,0.0,0.0,1,0.0,0.029257919017647183,,0.0003946059087946985,,0.0,2
2025-05-23,,0.0,0.0,1,0.0,0.04778021446702696,,-0.006825704436707936,,0.0,2
2025-05-27,,0.0,0.0,1,0.0,0.027015139981392267,,0.020790523389338844,,0.0,2
2025-05-28,,0.0,0.0,1,0.0,0.04107328194919435,,-0.0057853336716569,,0.0,2
2025-05-29,,0.0,0.0,1,0.0,0.042132022709939765,,0.003947390808704654,,0.0,2
2025-05-30,,0.0,0.0,1,0.0,0.048287212202446694,,-0.001118549275485048,,0.0,2
2025-06-02,,0.0,0.0,1,0.0,0.042077913313424586,,0.005632942533806196,,0.0,2
2025-06-03,,0.0,0.0,1,0.0,0.04086631213407377,,0.005702620168379191,,0.0,2
2025-06-04,,0.0,0.0,1,0.0,0.04935143389324259,,-0.00026841584324532874,,0.0,2
2025-06-05,,0.0,0.0,1,0.0,0.04658966360340622,,-0.004832782373768718,,0.0,2
2025-06-06,,0.0,0.0,1,0.0,0.03538405047234372,,0.010268948655256738,,0.0,2
2025-06-09,,0.0,0.0,3,0.0,0.040655016008537936,,0.0009012918516539958,,0.0,2
2025-06-10,,0.0,0.0,3,0.0,0.037706440273263864,,0.0056696905016009325,,0.0,2
2025-06-11,,0.0,0.0,3,0.0,0.03701609684714646,0.02474268965987325,-0.002852026265172114,,0.0,2
2025-06-12,,0.0,0.0,4,0.0,0.034881987577639606,0.027502169880358807,0.003974324863642353,,0.0,2
2025-06-13,,0.0,0.0,7,0.0,0.04211055276381903,0.011076110151407415,-0.011180124223602483,,0.0,2
2025-06-16,,0.0,0.0,65,0.0,0.03574035972655487,0.014271289128239495,0.009514237855946295,,0.0,2
2025-06-17,,0.0,0.0,65,0.0,0.051060197814335684,0.004505337480037008,-0.008545164929979365,,0.0,2
2025-06-18,,0.0,0.0,65,0.0,0.0504485806106052,0.007742261954963414,-0.0001506200525495105,,0.0,2
2025-06-20,,0.0,0.0,66,0.0,0.058036615736689834,0.01959304121058225,-0.005289234065345649,,0.0,2
2025-06-23,,0.0,0.0,74,0.0,0.0478380404898775,0.029257919017647183,0.00987749882210398,,0.0,2
2025-06-24,,0.0,0.0,74,0.0,0.045205840667128294,0.04778021446702696,0.01104723819045228,,0.0,2
2025-06-25,2.0581091162634304,0.0,0.0,74,0.0,0.04496639873501107,0.027015139981392267,0.0005603348824945176,,0.0,2
2025-06-26,1.1875270094917796,0.0,0.0,74,0.0,0.041234249105202014,0.04107328194919435,0.00782382395572534,-0.8705821067716508,0.0,2
2025-06-27,2.6129097582124334,0.0,0.0,74,0.0,0.03582638109642078,0.042132022709939765,0.004968375635347355,1.4253827487206538,0.0,2
2025-06-30,1.1315926065999353,0.0,0.0,74,0.0,0.028178360443473327,0.048287212202446694,0.004781187490852323,-1.481317151612498,0.0,2
2025-07-01,0.781262185870821,0.0,0.0,74,0.0,0.02721606087590067,0.042077913313424586,-0.00032370316419849665,-0.35033042072911436,0.0,2
2025-07-02,0.5247235075841153,0.0,0.0,74,0.0,0.018744459666371283,0.04086631213407377,0.004533311746134583,-0.2565386782867056,0.0,2
2025-07-03,0.8425548710460358,0.0,0.0,74,0.0,-0.005788850865129369,0.04935143389324259,0.007881376420340036,0.3178313634619204,0.0,2
2025-07-07,0.11875878229023092,0.0,0.0,74,0.0,0.016900818457175948,0.04658966360340622,-0.007451946141299293,-0.7237960887558048,0.0,2
2025-07-08,0.9901116817036062,0.0,0.0,74,0.0,0.012299706612502792,0.03538405047234372,-0.0005477862988978455,0.8713528994133752,0.0,2
2025-07-09,0.014158368599106961,0.0,0.0,74,0.0,0.013973015415184475,0.040655016008537936,0.0059967114808006095,-0.9759533131044993,0.0,2
2025-07-10,0.7132089500613178,0.0,0.0,74,0.0,0.010274519829982953,0.037706440273263864,0.0028202416434319755,0.6990505814622109,0.0,2
2025-07-11,1.151780390062942,0.0,0.0,74,0.0,0.02174401077579291,0.03701609684714646,-0.0035153878111917614,0.4385714400016242,0.0,2
2025-07-14,-0.7517674448387498,0.0,0.0,74,0.0,0.017781405547286466,0.034881987577639606,0.0019082133350436514,-1.9035478349016919,0.0,2
2025-07-15,-0.08096298943646733,0.0,0.0,74,0.0,0.03303115054489347,0.04211055276381903,-0.004273299082921178,0.6708044554022825,0.0,2
2025-07-16,-0.9015509919220702,0.0,0.0,74,0.0,0.033113325430136786,0.03574035972655487,0.003343298935930994,-0.8205880024856029,0.0,2
2025-07-17,-0.03402209251978524,0.0,0.0,74,0.0,0.0269250366218714,0.051060197814335684,0.006119637307359538,0.867528899402285,0.0,2
2025-07-18,-0.04254816095033519,0.0,0.0,74,0.0,0.025271678511106233,0.0504485806106052,-0.0007324374243677934,-0.008526068430549948,0.0,2
2025-07-21,-0.4809789253658261,0.0,0.0,74,0.0,0.023108608871288405,0.058036615736689834,0.0018961725995090273,-0.4384307644154909,0.0,2
2025-07-22,0.5790372719948844,0.0,0.0,74,0.0,0.01741246064306834,0.0478380404898775,0.00014313660002862605,1.0600161973607105,0.0,2
2025-07-23,0.29075712162264833,0.0,0.0,74,0.0,0.00614938269658305,0.045205840667128294,0.008507457939764151,-0.2882801503722361,0.0,2
2025-07-24,0.7562693075600085,0.0,0.0,74,0.0,0.0017811544402761559,0.04496639873501107,0.0003311206067388994,0.4655121859373602,0.0,2
2025-07-25,-0.6764221486368529,0.0,0.0,74,0.0,0.01288651703029342,0.041234249105202014,0.004224330884902816,-1.4326914561968613,0.0,2
2025-07-28,-0.4464226443034498,0.0,0.0,74,0.0,0.008682136464973178,0.03582638109642078,-0.000251137968921622,0.2299995043334031,0.0,2
2025-07-29,-0.4442898151692859,0.0,0.0,74,0.0,0.015584170260995567,0.028178360443473327,-0.002637611077966673,0.002132829134163905,0.0,3
2025-07-30,-0.43189638903202116,0.0,0.0,74,0.0,0.019181666298899724,0.02721606087590067,-0.001259326889777368,0.01239342613726474,0.0,3
2025-07-31,-0.7029862383899741,0.0,0.0,74,0.0,0.026642197190228867,0.018744459666371283,-0.0037512215112063263,-0.27108984935795294,0.0,3
2025-08-01,0.46006045573331855,0.0,0.0,74,0.0,0.03752493083703268,-0.005788850865129369,-0.016390330337931913,1.1630466941232926,0.0,3
2025-08-04,0.24563812234830412,0.0,0.0,74,0.0,0.014417668773864412,0.016900818457175948,0.01519976838448156,-0.21442233338501443,0.0,3
2025-08-05,0.09850259935807062,0.0,0.0,74,0.0,0.025112664617736424,0.012299706612502792,-0.005069949458941236,-0.1471355229902335,0.0,3
2025-08-06,0.01136714155486367,0.0,0.0,74,0.0,0.025822560763614666,0.013973015415184475,0.00765960157332346,-0.08713545780320696,0.0,3
2025-08-07,0.26532940113981257,0.0,0.0,75,0.0,0.02370897587979437,0.010274519829982953,-0.000837573880337561,0.2539622595849489,0.0,3
2025-08-08,0.05486406035583503,0.0,0.0,75,0.0,0.018283687498038326,0.02174401077579291,0.007797548438117863,-0.21046534078397755,0.0,3
2025-08-11,-0.07988845917506507,0.0,0.0,75,0.0,0.022660083029311995,0.017781405547286466,-0.0019774631972127032,-0.1347525195309001,0.0,3
2025-08-12,-0.11583992836551765,0.0,0.0,75,0.0,0.014812740201341157,0.03303115054489347,0.010645993206692905,-0.035951469190452584,0.0,3
2025-08-13,0.01830924706766873,0.05333333333333334,0.14666666666666667,75,-0.09333333333333332,0.01975530710663831,0.033113325430136786,0.0034231122314023477,0.13414917543318639,-0.09333333333333332,0
2025-08-14,0.040523188748100056,0.10666666666666667,0.16,75,-0.05333333333333333,0.019319327079618365,0.0269250366218714,9.303912295122174e-05,0.022213941680431327,0.039999999999999994,1
2025-08-15,0.12939066784022948,0.10666666666666667,0.14666666666666667,75,-0.039999999999999994,0.02715093870446328,0.025271678511106233,-0.0023412667648654573,0.08886747909212943,0.013333333333333336,1
2025-08-18,-0.1511614095805426,0.08,0.16,75,-0.08,0.025959894295041197,0.023108608871288405,-0.00021758050478692947,-0.2805520774207721,-0.04000000000000001,1
2025-08-19,0.16543073420467216,0.13333333333333333,0.16,75,-0.026666666666666672,0.030274612775667675,0.01741246064306834,-0.005425151562257091,0.3165921437852148,0.05333333333333333,1
2025-08-20,0.23979596777189036,0.17333333333333334,0.14666666666666667,75,0.026666666666666672,0.037846139380357524,0.00614938269658305,-0.0026570388083961838,0.07436523356721819,0.053333333333333344,3
2025-08-21,0.20188355448350576,0.18666666666666668,0.16,75,0.026666666666666672,0.04429234521280789,0.0017811544402761559,-0.004011847487110476,-0.0379124132883846,0.0,3
2025-08-22,0.0629060000692644,0.16,0.16,75,0.0,0.03336380964187757,0.01288651703029342,0.015356777594209836,-0.13897755441424137,-0.026666666666666672,3
2025-08-25,0.032814768013581304,0.2,0.13333333333333333,75,0.06666666666666668,0.03228166295702528,0.008682136464973178,-0.004400985572825311,-0.0300912320556831,0.06666666666666668,3
2025-08-26,-0.04253093787295047,0.14666666666666667,0.14666666666666667,75,0.0,0.024707049414098847,0.015584170260995567,0.004186965928370201,-0.07534570588653178,-0.06666666666666668,3
2025-08-27,-0.055183872142328755,0.12,0.14666666666666667,75,-0.026666666666666672,0.017660795199727852,0.019181666298899724,0.0022785045570090645,-0.012652934269378288,-0.026666666666666672,1
2025-08-28,-0.15614667064709606,0.13333333333333333,0.18666666666666668,75,-0.053333333333333344,0.019879183874745854,0.026642197190228867,0.0035414379165827903,-0.1009627985047673,-0.026666666666666672,1
2025-08-29,0.2561876016356823,0.10666666666666667,0.21333333333333335,75,-0.10666666666666667,0.02888148205565466,0.03752493083703268,-0.005963755162423756,0.4123342722827784,-0.05333333333333333,0
2025-09-02,0.32741397662578237,0.17333333333333334,0.18666666666666668,75,-0.013333333333333336,0.04046730285660738,0.014417668773864412,-0.007410278273002002,0.07122637499010004,0.09333333333333334,1
2025-09-03,0.2585951632860793,0.17333333333333334,0.2,75,-0.026666666666666672,0.03838506229222993,0.025112664617736424,0.005419588611054849,-0.06881881333970308,-0.013333333333333336,1
2025-09-04,0.12472041819401104,0.18666666666666668,0.18666666666666668,75,0.0,0.030964998767562202,0.025822560763614666,0.008357411377264201,-0.13387474509206826,0.026666666666666672,3
2025-09-05,0.21248790442237722,0.17333333333333334,0.22666666666666666,75,-0.053333333333333316,0.033944132006674455,0.02370897587979437,-0.002896228740448592,0.08776748622836618,-0.053333333333333316,1
2025-09-08,0.18948296543863674,0.17333333333333334,0.21333333333333335,75,-0.04000000000000001,0.035109350677372975,0.018283687498038326,0.0024565848835054194,-0.02300493898374048,0.013333333333333308,1
2025-09-09,-0.0836294599640224,0.17105263157894737,0.25,76,-0.07894736842105263,0.028893023541894047,0.022660083029311995,0.0023118536442519044,-0.2731124254026591,-0.03894736842105262,1
2025-09-10,-0.158212135341697,0.18421052631578946,0.25,76,-0.06578947368421054,0.032044893515892126,0.014812740201341157,0.002890840035059128,-0.0745826753776746,0.01315789473684209,1
2025-09-11,-0.14315013274050487,0.15789473684210525,0.25,76,-0.09210526315789475,0.020573878928880962,0.01975530710663831,0.008310206835221656,0.015062002601192143,-0.02631578947368421,0
2025-09-12,-0.3115090153730012,0.18421052631578946,0.27631578947368424,76,-0.09210526315789477,-0.006677720144202204,0.019319327079618365,-0.0003345346167298313,-0.16835888263249632,-2.7755575615628914e-17,0
2025-09-15,-0.45751965998947125,0.17105263157894737,0.32894736842105265,76,-0.15789473684210528,0.003222829129533533,0.02715093870446328,0.005323922666220504,-0.14601064461647006,-0.06578947368421051,0
2025-09-16,-0.7343588838892926,0.17105263157894737,0.3157894736842105,76,-0.14473684210526314,0.00337878787878787,0.025959894295041197,-0.0013768894403171084,-0.27683922389982135,0.013157894736842146,0
2025-09-17,-0.6263937342450373,0.11842105263157894,0.2894736842105263,76,-0.1710526315789474,0.009087047543918203,0.030274612775667675,-0.001242424242424267,0.1079651496442553,-0.026315789473684265,0
2025-09-18,-0.7331235748626697,0.11392405063291139,0.34177215189873417,79,-0.22784810126582278,-0.0024461691782683426,0.037846139380357524,0.004672471858976346,-0.10672984061763235,-0.05679546968687538,0
2025-09-19,-0.7738114519158062,0.10126582278481013,0.35443037974683544,79,-0.25316455696202533,0.001039626337200561,0.04429234521280789,0.0021743726029053168,-0.04068787705313659,-0.025316455696202556,0
2025-09-22,-0.8698826809055004,0.16455696202531644,0.3670886075949367,79,-0.20253164556962028,0.0066882610521263874,0.03336380964187757,0.004731053186680656,-0.09607122898969411,0.050632911392405056,0
2025-09-23,-0.700565074149648,0.13924050632911392,0.3670886075949367,79,-0.2278481012658228,0.012183169735076271,0.03228166295702528,-0.005443584667986334,0.1693176067558524,-0.025316455696202528,0
2025-09-24,-0.6732050695771257,0.11392405063291139,0.3924050632911392,79,-0.27848101265822783,0.010134624111329593,0.024707049414098847,-0.003181496057055866,0.0273600045725223,-0.05063291139240503,0
2025-09-25,-0.7263192599009398,0.12658227848101267,0.3291139240506329,79,-0.20253164556962022,0.020834283109186336,0.017660795199727852,-0.004613522916351642,-0.05311419032381415,0.07594936708860761,0
2025-09-26,-0.6518597667225711,0.1518987341772152,0.35443037974683544,79,-0.20253164556962025,0.023314496388746164,0.019879183874745854,0.005729047944685206,0.07445949317836875,-2.7755575615628914e-17,0
2025-09-29,-0.684686294197987,0.12658227848101267,0.34177215189873417,79,-0.2151898734177215,0.03248553519768582,0.02888148205565466,0.0028104318394728267,-0.03282652747541592,-0.01265822784810125,0
2025-09-30,-0.5037755485404714,0.1518987341772152,0.379746835443038,79,-0.2278481012658228,0.031342880302621,0.04046730285660738,0.0037668756027000594,0.18091074565751564,-0.012658227848101306,0
2025-10-01,-0.7027895308991421,0.10126582278481013,0.3924050632911392,79,-0.2911392405063291,0.028334205998952644,0.03838506229222993,0.0034074874658502896,-0.19901398235867074,-0.0632911392405063,0
2025-10-02,-0.6365572794324864,0.17721518987341772,0.379746835443038,79,-0.20253164556962028,0.01585427811482032,0.030964998767562202,0.0011519186176975893,0.06623225146665568,0.08860759493670883,0
2025-10-03,-0.5114192896391826,0.12658227848101267,0.3924050632911392,79,-0.26582278481012656,0.01920174534152186,0.033944132006674455,-1.4942769194004057e-05,0.12513798979330382,-0.06329113924050628,0
2025-10-06,-0.7176001773051927,0.12658227848101267,0.4050632911392405,79,-0.27848101265822783,0.017465493366686013,0.035109350677372975,0.0035863181960820167,-0.20618088766601006,-0.012658227848101278,0
2025-10-07,-0.8348622462722657,0.1518987341772152,0.3924050632911392,79,-0.24050632911392403,0.009146341463414531,0.028893023541894047,-0.00370750882208426,-0.11726206896707303,0.037974683544303806,0
2025-10-08,-0.9334287689411205,0.189873417721519,0.3924050632911392,79,-0.20253164556962022,0.006640816508445946,0.032044893515892126,0.005963055954088858,-0.0985665226688548,0.037974683544303806,0
2025-10-09,-0.7585598967664438,0.2625,0.3875,80,-0.125,-0.001266464032421477,0.020573878928880962,-0.0028970004902616475,0.17486887217467673,0.07753164556962022,0
2025-10-10,-0.6484094547877883,0.325,0.3375,80,-0.012500000000000011,0.027487672659336715,-0.006677720144202204,-0.027027832409559527,0.11015044197865542,0.11249999999999999,1
2025-10-13,-0.41712280549283237,0.275,0.3625,80,-0.08749999999999997,0.02775096525096532,0.003222829129533533,0.01534409359590816,0.23128664929495596,-0.07499999999999996,0
2025-10-14,-0.29730406779025464,0.2875,0.3625,80,-0.07500000000000001,0.03136372559382683,0.00337878787878787,-0.0012216457528956282,0.11981873770257773,0.012499999999999956,1
2025-10-15,-0.3693143966524086,0.2125,0.3875,80,-0.17500000000000002,0.027376460153043736,0.009087047543918203,0.0044395451731271685,-0.07201032886215397,-0.1,0
2025-10-16,-0.2909695177647692,0.3048780487804878,0.36585365853658536,82,-0.06097560975609756,0.017255994187454604,-0.0024461691782683426,-0.006810289099027256,0.07834487888763941,0.11402439024390246,1
2025-10-17,0.23984627311784715,0.35365853658536583,0.34146341463414637,82,0.012195121951219468,0.011348756001746008,0.001039626337200561,0.005676313877452266,0.5308157908826163,0.07317073170731703,3
2025-10-20,-0.040753543754454884,0.24390243902439024,0.34146341463414637,82,-0.09756097560975613,-0.008386712349173209,0.0066882610521263874,0.010400517768178297,-0.280599816872302,-0.1097560975609756,0
2025-10-21,-0.33623374715044063,0.3048780487804878,0.32926829268292684,82,-0.024390243902439046,-0.016699191109654454,0.012183169735076271,-1.4896469536673784e-05,-0.29548020339598574,0.07317073170731708,1
2025-10-22,-0.26594840890839805,0.2682926829268293,0.3048780487804878,82,-0.036585365853658514,-0.007741838873914331,0.010134624111329593,-0.005198945314245695,0.07028533824204258,-0.012195121951219468,1
2025-10-23,0.019000892572713722,0.1951219512195122,0.32926829268292684,82,-0.13414634146341464,-0.028626295105394828,0.020834283109186336,0.005929919137466433,0.28494930148111175,-0.09756097560975613,0
2025-10-24,-0.5198270298534368,0.18292682926829268,0.34146341463414637,82,-0.1585365853658537,-0.026902916205241878,0.023314496388746164,0.008172561629153252,-0.5388279224261505,-0.024390243902439046,0
2025-10-27,-0.3286951272997034,0.13414634146341464,0.3780487804878049,82,-0.24390243902439024,-0.02409374817582155,0.03248553519768582,0.011797711332595107,0.19113190255373336,-0.08536585365853655,0
2025-10-28,-0.9587675866720723,0.18292682926829268,0.3902439024390244,82,-0.20731707317073172,-0.017523942595988662,0.031342880302621,0.002656003735917345,-0.6300724593723689,0.036585365853658514,0
2025-10-29,-0.9386850497897791,0.18292682926829268,0.35365853658536583,82,-0.17073170731707316,-0.011216340068956554,0.028334205998952644,0.0004803073967338811,0.020082536882293223,0.03658536585365857,0
2025-10-30,-1.0456319467738522,0.17073170731707318,0.32926829268292684,82,-0.15853658536585366,0.005236603268464091,0.01585427811482032,-0.010998123336097287,-0.10694689698407311,0.012195121951219495,0
2025-10-31,-0.4665096755370626,0.1927710843373494,0.3373493975903614,83,-0.14457831325301201,-0.002624402545230553,0.01920174534152186,0.0032802318226614613,0.5791222712367896,0.013958272112841646,0
2025-11-03,-0.775456336011864,0.1686746987951807,0.26506024096385544,83,-0.09638554216867473,-0.002648754646296214,0.017465493366686013,0.0018766677418409206,-0.30894666047480146,0.04819277108433728,0
2025-11-04,-0.9235215024046212,0.18072289156626506,0.26506024096385544,83,-0.08433734939759038,0.012810260055683864,0.009146341463414531,-0.01185354289226448,-0.14806516639275713,0.012048192771084348,0
2025-11-05,-0.8137876450941403,0.20481927710843373,0.26506024096385544,83,-0.060240963855421714,0.010050473744797506,0.006640816508445946,0.0034654345121734043,0.10973385731048091,0.02409638554216867,1
2025-11-06,-0.7226838737256318,0.21686746987951808,0.2289156626506024,83,-0.01204819277108432,0.0229446077188169,-0.001266464032421477,-0.010729360370731245,0.09110377136850845,0.048192771084337394,1
2025-11-07,0.3546184144936782,0.1686746987951807,0.27710843373493976,83,-0.10843373493975905,0.018868205731999987,0.027487672659336715,0.000984619056854319,1.07730228821931,-0.09638554216867473,0
2025-11-10,-0.35324417087594157,0.18072289156626506,0.24096385542168675,83,-0.060240963855421686,0.002347969006808892,0.02775096525096532,0.015604274408691943,-0.7078625853696198,0.048192771084337366,1
2025-11-11,-0.8105640684725537,0.14457831325301204,0.25301204819277107,83,-0.10843373493975902,0.0066910688140557895,0.03136372559382683,0.002289269781638792,-0.4573198975966121,-0.04819277108433734,0
2025-11-12,-0.8326963896008387,0.1686746987951807,0.2289156626506024,83,-0.060240963855421686,0.008472592115660316,0.027376460153043736,0.0005563689604686228,-0.022132321128285004,0.04819277108433734,1
2025-11-13,-0.5233499470211006,0.20481927710843373,0.1566265060240964,83,0.04819277108433734,0.014463424796143043,0.017255994187454604,-0.016593988703210605,0.3093464425797381,0.10843373493975902,3
2025-11-14,-0.2927412424505145,0.20481927710843373,0.14457831325301204,83,0.060240963855421686,0.013096602324647044,0.011348756001746008,-0.0001636807332896506,0.23060870457058608,0.012048192771084348,3
2025-11-17,-0.2536664512542837,0.3132530120481928,0.0963855421686747,83,0.21686746987951808,0.019829645319753064,-0.008386712349173209,-0.009316446653669264,0.03907479119623081,0.1566265060240964,4
2025-11-18,-0.10185238093043053,0.30120481927710846,0.0963855421686747,83,0.20481927710843376,0.01714943643194755,-0.016699191109654454,-0.008397554343743785,0.1518140703238532,-0.01204819277108432,4
2025-11-19,0.389369893035833,0.25301204819277107,0.13253012048192772,83,0.12048192771084335,0.020886467561082478,-0.007741838873914331,0.0038631681008360896,0.49122227396626356,-0.08433734939759041,3
2025-11-20,-0.24708074148564108,0.3493975903614458,0.04819277108433735,83,0.30120481927710846,0.04300185432087433,-0.028626295105394828,-0.015242292078535558,-0.6364506345214741,0.18072289156626511,4
2025-11-21,0.8498817408435165,0.42168674698795183,0.04819277108433735,83,0.3734939759036145,0.039148445442544366,-0.026902916205241878,0.00996122783626796,1.0969624823291575,0.07228915662650603,4
2025-11-24,0.9912386379660523,0.40963855421686746,0.060240963855421686,83,0.3493975903614458,0.028756000179444685,-0.02409374817582155,0.014718601581111601,0.14135689712253574,-0.024096385542168697,4
2025-11-25,0.8250222101854222,0.3614457831325301,0.07228915662650602,83,0.2891566265060241,0.02275488133684922,-0.017523942595988662,0.009405888774243643,-0.16621642778063006,-0.060240963855421714,4
2025-11-26,0.4025277974795587,0.3493975903614458,0.07228915662650602,83,0.27710843373493976,0.015639712806026385,-0.011216340068956554,0.006903499155580528,-0.4224944127058635,-0.01204819277108432,4
2025-11-28,1.0484797475643024,0.2891566265060241,0.0963855421686747,83,0.19277108433734938,0.006526288063916752,0.005236603268464091,0.005458451035781575,0.6459519500847437,-0.08433734939759038,4
2025-12-01,0.13824554765082422,0.3373493975903614,0.0963855421686747,83,0.24096385542168672,0.009907830714275256,-0.002624402545230553,-0.0045654750581659576,-0.9102341999134782,0.04819277108433734,4
2025-12-02,0.004839116024735013,0.30120481927710846,0.10843373493975904,83,0.1927710843373494,0.0005722418675626617,-0.002648754646296214,0.0018522057418377535,-0.1334064316260892,-0.04819277108433731,4
2025-12-03,0.31372054443658587,0.24096385542168675,0.1566265060240964,83,0.08433734939759036,-0.001052800889031924,0.012810260055683864,0.0034627969421743288,0.30888142841185084,-0.10843373493975905,3
2025-12-04,0.22136710591692038,0.26506024096385544,0.13253012048192772,83,0.13253012048192772,0.0048656467803445125,0.010050473744797506,0.0007311117284942714,-0.09235343851966549,0.048192771084337366,3
2025-12-05,0.054761304399227134,0.18072289156626506,0.1927710843373494,83,-0.012048192771084348,0.00892531610494518,0.0229446077188169,0.0018995017460805563,-0.16660580151769325,-0.14457831325301207,1
2025-12-08,0.04342162188723383,0.21686746987951808,0.1686746987951807,83,0.048192771084337366,0.008703538463789018,0.018868205731999987,-0.003004273068004548,-0.011339682511993306,0.060240963855421714,3
2025-12-09,0.11316027841991917,0.27710843373493976,0.14457831325301204,83,0.13253012048192772,0.00947235886624509,0.002347969006808892,-0.0008630399485102247,0.06973865653268535,0.08433734939759036,3
2025-12-10,0.01675339473157133,0.27710843373493976,0.1927710843373494,83,0.08433734939759036,0.009453582907922087,0.0066910688140557895,0.006632115249473047,-0.09640688368834785,-0.048192771084337366,3
2025-12-11,0.4382339890816024,0.2261904761904762,0.17857142857142858,84,0.047619047619047616,0.008691614550836446,0.008472592115660316,0.002327035792719201,0.42148059435003105,-0.03671830177854274,3
2025-12-12,0.042675397053116605,0.19047619047619047,0.2261904761904762,84,-0.035714285714285726,0.017616169913165836,0.014463424796143043,-0.010752064077078183,-0.39555859202848576,-0.08333333333333334,1
2025-12-15,0.4356859753328128,0.23809523809523808,0.15476190476190477,84,0.08333333333333331,0.014146577938389582,0.013096602324647044,-0.0015107955878901347,0.39301057827969615,0.11904761904761904,3
2025-12-16,0.3682039957644674,0.19047619047619047,0.17857142857142858,84,0.01190476190476189,0.01969449231811682,0.019829645319753064,-0.0027323608479132844,-0.0674819795683454,-0.07142857142857142,3
2025-12-17,0.42141176984243,0.23809523809523808,0.17857142857142858,84,0.05952380952380951,0.03017575215966639,0.01714943643194755,-0.011003579477661396,0.05320777407796262,0.047619047619047616,3
2025-12-18,0.6248589313580184,0.2261904761904762,0.21428571428571427,84,0.011904761904761918,0.0016408709920616715,0.020886467561082478,0.007551385165326163,0.2034471615155884,-0.04761904761904759,3
2025-12-19,0.6508105810056126,0.10714285714285714,0.2619047619047619,84,-0.15476190476190477,0.007067397405192466,0.04300185432087433,0.006090440078643455,0.02595164964759422,-0.16666666666666669,0
2025-12-22,0.5784502693309753,0.09523809523809523,0.27380952380952384,84,-0.1785714285714286,0.006059898076894887,0.039148445442544366,0.006229888772976366,-0.0723603116746373,-0.023809523809523836,0
2025-12-23,0.3824284293016437,0.17857142857142858,0.21428571428571427,84,-0.0357142857142857,0.0018460375603233103,0.028756000179444685,0.004570477344742585,-0.1960218400293316,0.1428571428571429,1
2025-12-24,0.389843124762858,0.17857142857142858,0.21428571428571427,84,-0.0357142857142857,0.003403922477476229,0.02275488133684922,0.0035176463747892406,0.00741469546121426,0.0,1
2025-12-26,0.20603397864034076,0.21428571428571427,0.20238095238095238,84,0.01190476190476189,0.007503875070620447,0.015639712806026385,-0.00010139343549930846,-0.18380914612251723,0.04761904761904759,3
2025-12-29,0.35860775708561066,0.2619047619047619,0.14285714285714285,84,0.11904761904761907,0.01100530638947439,0.006526288063916752,-0.003563616346279108,0.1525737784452699,0.10714285714285718,3
2025-12-30,0.228660583053476,0.23809523809523808,0.15476190476190477,84,0.08333333333333331,0.01023274770381799,0.009907830714275256,-0.001221196481791087,-0.12994717403213465,-0.035714285714285754,3
2025-12-31,0.3420119753956078,0.2976190476190476,0.13095238095238096,84,0.16666666666666666,0.014737799155326137,0.0005722418675626617,-0.007408916900772944,0.11335139234213179,0.08333333333333334,4
2026-01-02,0.8669498743696695,0.34523809523809523,0.13095238095238096,84,0.21428571428571427,0.017916477597084146,-0.001052800889031924,0.0018330595964335394,0.5249378989740617,0.047619047619047616,4
2026-01-05,0.6871702978727364,0.3333333333333333,0.14285714285714285,84,0.19047619047619047,0.002631885069504847,0.0048656467803445125,0.006660128518523933,-0.1797795764969331,-0.023809523809523808,4
2026-01-06,0.6543952389037517,0.2857142857142857,0.19047619047619047,84,0.09523809523809523,-0.0081236177563202,0.00892531610494518,0.005947187808991838,-0.032775058968984694,-0.09523809523809523,3
2026-01-07,0.48362696154783497,0.30952380952380953,0.19047619047619047,84,0.11904761904761907,-0.01734389048406282,0.008703538463789018,-0.003223428397970407,-0.17076827735591676,0.023809523809523836,3
2026-01-08,0.5579261823577463,0.34523809523809523,0.2261904761904762,84,0.11904761904761904,0.0016098388710823475,0.00947235886624509,-0.00010151106470612792,0.0742992208099113,-2.7755575615628914e-17,3
2026-01-09,0.4647539927011536,0.27380952380952384,0.20238095238095238,84,0.07142857142857145,-0.00017289322402636031,0.009453582907922087,0.006613392119041217,-0.09317218965659269,-0.04761904761904759,3
2026-01-12,0.644195881239062,0.2619047619047619,0.2261904761904762,84,0.035714285714285726,-0.004373093963979446,0.008691614550836446,0.0015704467849062542,0.17944188853790843,-0.035714285714285726,3
2026-01-13,0.6684938317718769,0.2261904761904762,0.25,84,-0.023809523809523808,-0.0026089337965030657,0.017616169913165836,-0.0019995396743195393,0.024297950532814916,-0.059523809523809534,1
2026-01-14,0.8680465694082368,0.20238095238095238,0.27380952380952384,84,-0.07142857142857145,-0.0131670432817661,0.014146577938389582,-0.0049151736166164195,0.19955273763635983,-0.047619047619047644,1
2026-01-15,0.3592166869542024,0.2619047619047619,0.30952380952380953,84,-0.047619047619047616,-0.015153703917716421,0.01969449231811682,0.0027232168723565486,-0.5088298824540344,0.023809523809523836,1
2026-01-16,0.7127026809142817,0.2619047619047619,0.32142857142857145,84,-0.059523809523809534,-0.012737472168406372,0.03017575215966639,-0.0008378597018375844,0.3534859939600793,-0.011904761904761918,1
2026-01-20,1.1097745321430894,0.2619047619047619,0.27380952380952384,84,-0.011904761904761918,0.012854570678000998,0.0016408709920616715,-0.02035682271636341,0.3970718512288077,0.047619047619047616,1
2026-01-21,1.0647656696186527,0.30952380952380953,0.2619047619047619,84,0.047619047619047616,-0.0013422818791946067,0.007067397405192466,0.011541072640868899,-0.0450088625244367,0.059523809523809534,3
2026-01-22,0.6117093948046648,0.2976190476190476,0.25,84,0.047619047619047616,0.0006531394234954302,0.006059898076894887,0.0052232273125183415,-0.4530562748139879,0.0,3
2026-01-23,0.7402661442597596,0.2976190476190476,0.27380952380952384,84,0.02380952380952378,-0.00992411821888195,0.0018460375603233103,0.000362855235275239,0.12855674945509477,-0.023809523809523836,3
2026-01-26,0.5214924440424952,0.30952380952380953,0.2976190476190476,84,0.011904761904761918,-0.007766373623200984,0.003403922477476229,0.005078130667556469,-0.2187737002172644,-0.011904761904761862,3
2026-01-27,0.7394605065068193,0.27380952380952384,0.2857142857142857,84,-0.011904761904761862,-0.0033645343570720687,0.007503875070620447,0.003984236282534415,0.2179680624643241,-0.02380952380952378,1
2026-01-28,0.7937565619988899,0.2857142857142857,0.32142857142857145,84,-0.035714285714285754,-0.0088004371458974,0.01100530638947439,-0.00010064846367319191,0.054296055492070616,-0.02380952380952389,1
2026-01-29,0.7943578531034496,0.2976190476190476,0.2976190476190476,84,0.0,-0.011598755114978876,0.01023274770381799,-0.0019844122976042655,0.0006012911045597535,0.035714285714285754,3
2026-01-30,0.8113453882272724,0.2976190476190476,0.27380952380952384,84,0.02380952380952378,-0.008078384901079594,0.014737799155326137,-0.002982537029565968,0.016987535123822783,0.02380952380952378,3
2026-02-02,0.6981055165817629,0.34523809523809523,0.27380952380952384,84,0.0714285714285714,-0.02168504910772051,0.017916477597084146,0.004971313785279596,-0.11323987164550953,0.047619047619047616,3
2026-02-03,1.1199801563867733,0.40476190476190477,0.27380952380952384,84,0.13095238095238093,-0.006381158180209678,0.002631885069504847,-0.008455443551286246,0.4218746398050104,0.059523809523809534,3
2026-02-04,1.0960029785829808,0.4880952380952381,0.20238095238095238,84,0.2857142857142857,-0.007111732901966095,-0.0081236177563202,-0.004843879164068143,-0.023977177803792493,0.15476190476190477,4
2026-02-05,1.7367076902502763,0.47619047619047616,0.19047619047619047,84,0.2857142857142857,-0.007732947669785384,-0.01734389048406282,-0.012489252247919747,0.6407047116672955,0.0,4
2026-02-06,1.7702456542752703,0.42857142857142855,0.19047619047619047,84,0.23809523809523808,-0.017882482407112432,0.0016098388710823475,0.01918479383725402,0.03353796402499398,-0.047619047619047616,4
2026-02-09,1.3207113539479554,0.39285714285714285,0.20238095238095238,84,0.19047619047619047,-0.02416600619641196,-0.00017289322402636031,0.004821754365642583,-0.4495343003273149,-0.047619047619047616,4
2026-02-10,1.103909122053622,0.42857142857142855,0.20238095238095238,84,0.22619047619047616,-0.02281396289660742,-0.004373093963979446,-0.0026370775992506923,-0.21680223189433345,0.0357142857142857,4
2026-02-11,1.3121131861822917,0.44047619047619047,0.2261904761904762,84,0.21428571428571427,-0.03742990924330902,-0.0026089337965030657,-0.00023117378489279083,0.20820406412866976,-0.01190476190476189,4
2026-02-12,1.3208198039116883,0.4642857142857143,0.20238095238095238,84,0.2619047619047619,-0.027859732558310202,-0.0131670432817661,-0.015448869876871552,0.008706617729396626,0.047619047619047644,4
2026-02-13,1.760608282636066,0.47619047619047616,0.17857142857142858,84,0.29761904761904756,-0.018657865786578687,-0.015153703917716421,0.0007045664714431243,0.43978847872437776,0.03571428571428564,4
2026-02-17,1.4558027062583163,0.4880952380952381,0.17857142857142858,84,0.30952380952380953,-0.017661272607454093,-0.012737472168406372,0.0016134946828016972,-0.30480557637774974,0.011904761904761973,4
2026-02-18,1.355055352594267,0.39285714285714285,0.20238095238095238,84,0.19047619047619047,-0.03622375380669984,0.012854570678000998,0.005037709599472695,-0.1007473536640493,-0.11904761904761907,4
2026-02-19,1.8751771424149282,0.4166666666666667,0.21428571428571427,84,0.2023809523809524,-0.03605656848994865,-0.0013422818791946067,-0.002637369042241544,0.5201217898206612,0.011904761904761946,4
2026-02-20,1.6431164355187187,0.4166666666666667,0.20238095238095238,84,0.2142857142857143,-0.05926635046342621,0.0006531394234954302,0.007231767180925663,-0.2320607068962095,0.01190476190476189,4
2026-02-23,1.8688532851332293,0.49411764705882355,0.2,85,0.29411764705882354,-0.03958147100631604,-0.00992411821888195,-0.010211334000551076,0.22573684961451068,0.07983193277310924,4
2026-02-24,1.673172366007928,0.47058823529411764,0.2235294117647059,85,0.24705882352941175,-0.049712664581363364,-0.007766373623200984,0.007268570758657056,-0.19568091912530128,-0.04705882352941179,4
2026-02-25,1.5514100696801467,0.4823529411764706,0.23529411764705882,85,0.24705882352941178,-0.05241289764120305,-0.0033645343570720687,0.008438204699207086,-0.12176229632778135,2.7755575615628914e-17,4
2026-02-26,1.7276226778667962,0.5294117647058824,0.2235294117647059,85,0.3058823529411765,-0.06413753082837648,-0.0088004371458974,-0.005554353314578431,0.17621260818664952,0.05882352941176472,4
2026-02-27,2.0677477960940607,0.5294117647058824,0.18823529411764706,85,0.3411764705882353,-0.07565707954926448,-0.011598755114978876,-0.004801973016103189,0.34012511822726443,0.03529411764705881,4
2026-03-02,2.0474196253358863,0.46511627906976744,0.2441860465116279,86,0.22093023255813954,-0.07927095777849003,-0.008078384901079594,0.0005685214070176858,-0.02032817075817439,-0.12024623803009576,4
2026-03-03,2.159821576412218,0.5232558139534884,0.16279069767441862,86,0.3604651162790698,-0.04408154866020908,-0.02168504910772051,-0.0088143593927561,0.11240195107633166,0.13953488372093026,4
2026-03-04,1.9361906324592095,0.38372093023255816,0.18604651162790697,86,0.19767441860465118,-0.04362675696583129,-0.006381158180209678,0.00705539958549517,-0.22363094395300842,-0.16279069767441862,4
2026-03-05,2.438079474009738,0.27906976744186046,0.13953488372093023,86,0.13953488372093023,-0.037398541045926104,-0.007111732901966095,-0.005575584195700145,0.5018888415505283,-0.05813953488372095,3
2026-03-06,2.311000156995338,0.29069767441860467,0.1511627906976744,86,0.13953488372093026,-0.02000356941015502,-0.007732947669785384,-0.013107102493725264,-0.12707931701439978,2.7755575615628914e-17,3
2026-03-09,2.6228907570220557,0.3488372093023256,0.1511627906976744,86,0.19767441860465118,-0.028086160378610225,-0.017882482407112432,0.008759927421993385,0.31189060002671765,0.05813953488372092,4
2026-03-10,1.9544014574404833,0.4418604651162791,0.12790697674418605,86,0.313953488372093,-0.0017277533299860925,-0.02416600619641196,-0.0016070296489598679,-0.6684892995815723,0.11627906976744184,4
2026-03-11,2.077701406491646,0.45348837209302323,0.18604651162790697,86,0.26744186046511625,0.005293273993464576,-0.02281396289660742,-0.0012552054106735877,0.1232999490511626,-0.04651162790697677,4
2026-03-12,2.025214510020955,0.46511627906976744,0.10465116279069768,86,0.36046511627906974,0.02011830765997069,-0.03742990924330902,-0.015184894947732785,-0.05248689647069105,0.09302325581395349,4
2026-03-13,2.1486439133861186,0.43023255813953487,0.13953488372093023,86,0.2906976744186046,0.035951018436032545,-0.027859732558310202,-0.005660150737170744,0.12342940336516373,-0.06976744186046513,4
2026-03-16,1.8652360173394567,0.46511627906976744,0.16279069767441862,86,0.3023255813953488,0.03801025365080801,-0.018657865786578687,0.010176810762656752,-0.28340789604666194,0.011627906976744207,4
2026-03-17,1.8579898740349816,0.37209302325581395,0.19767441860465115,86,0.1744186046511628,0.043456223259142446,-0.017661272607454093,0.002630674259749277,-0.007246143304475039,-0.12790697674418602,4
2026-03-18,1.5783298505013084,0.4883720930232558,0.1511627906976744,86,0.3372093023255814,0.06082276280180832,-0.03622375380669984,-0.013953696387841275,-0.27966002353367325,0.1627906976744186,4
2026-03-19,1.7642870473598757,0.46511627906976744,0.19767441860465115,86,0.2674418604651163,0.07629584722643235,-0.03605656848994865,-0.0024643575283854746,0.18595719685856738,-0.06976744186046507,4
2026-03-20,2.082275233043244,0.47674418604651164,0.13953488372093023,86,0.33720930232558144,0.09274249502752197,-0.05926635046342621,-0.01702030918460129,0.3179881856833682,0.06976744186046513,4
2026-03-23,1.7882547993827171,0.4186046511627907,0.1511627906976744,86,0.2674418604651163,0.07430803503311068,-0.03958147100631604,0.01050002312780407,-0.29402043366052677,-0.06976744186046513,4
2026-03-24,2.0336155856496427,0.47674418604651164,0.1511627906976744,86,0.32558139534883723,0.08884227931045063,-0.049712664581363364,-0.0033568311513931803,0.2453607862669256,0.05813953488372092,4
2026-03-25,1.9791994057118831,0.5116279069767442,0.16279069767441862,86,0.3488372093023256,0.07860601077920881,-0.05241289764120305,0.005572736458556715,-0.0544161799377596,0.023255813953488358,4
2026-03-26,1.9565789915973306,0.5581395348837209,0.10465116279069768,86,0.45348837209302323,0.10672929358694128,-0.06413753082837648,-0.017858774093358898,-0.02262041411455251,0.10465116279069764,4
2026-03-27,2.1665516759908288,0.6162790697674418,0.09302325581395349,86,0.5232558139534884,0.127868283682127,-0.07565707954926448,-0.017051884233207804,0.20997268439349814,0.06976744186046518,4
2026-03-30,2.282113033394334,0.6627906976744186,0.08139534883720931,86,0.5813953488372092,0.12614522841274112,-0.07927095777849003,-0.003343373968994978,0.11556135740350504,0.05813953488372081,4
2026-03-31,2.0794442413972978,0.6395348837209303,0.12790697674418605,86,0.5116279069767442,0.09416612848663775,-0.04408154866020908,0.029067835498520544,-0.20266879199703602,-0.06976744186046502,4
2026-04-01,1.8899033690622273,0.6395348837209303,0.13953488372093023,86,0.5,0.09678896282278249,-0.04362675696583129,0.0075345204047112535,-0.18954087233507044,-0.011627906976744207,4
2026-04-02,2.0812459481511207,0.5348837209302325,0.1744186046511628,86,0.36046511627906974,0.09883658875013324,-0.037398541045926104,0.0009004334289726135,0.1913425790888934,-0.13953488372093026,4
2026-04-06,1.8432116728657313,0.3953488372093023,0.18604651162790697,86,0.20930232558139533,0.0896605102211161,-0.02000356941015502,0.004726834698016047,-0.23803427528538945,-0.1511627906976744,4
2026-04-07,2.061726083874131,0.45348837209302323,0.1744186046511628,86,0.2790697674418604,0.09791875246503445,-0.028086160378610225,0.0004401074469215782,0.21851441100839963,0.06976744186046507,4
2026-04-08,1.7031431674812392,0.36046511627906974,0.18604651162790697,86,0.17441860465116277,0.08553127912309,-0.0017277533299860925,0.025469494250781155,-0.35858291639289175,-0.10465116279069764,4
2026-04-09,1.4139445580335195,0.36046511627906974,0.16279069767441862,86,0.19767441860465113,0.07599535232604326,0.005293273993464576,0.005769145426842703,-0.2891986094477197,0.023255813953488358,4
2026-04-10,1.1237424277600347,0.3488372093023256,0.11627906976744186,86,0.23255813953488375,0.08559738615959733,0.02011830765997069,-0.0006618523039813029,-0.29020213027348474,0.03488372093023262,4
2026-04-13,1.2110396853771574,0.2558139534883721,0.12790697674418605,86,0.12790697674418605,0.0775397172423844,0.035951018436032545,0.009772466370352895,0.0872972576171227,-0.1046511627906977,3
2026-04-14,0.725976776197285,0.2558139534883721,0.12790697674418605,86,0.12790697674418605,0.06295538979926829,0.03801025365080801,0.012184812709517656,-0.4850629091798725,0.0,3
2026-04-15,0.5101827895799462,0.22093023255813954,0.11627906976744186,86,0.10465116279069768,0.06053376003657451,0.043456223259142446,0.007891023241079376,-0.21579398661733873,-0.023255813953488372,3
2026-04-16,0.5025442450610718,0.18604651162790697,0.1511627906976744,86,0.034883720930232565,0.06628566542199921,0.06082276280180832,0.0024573534874416936,-0.007638544518874468,-0.06976744186046512,3
2026-04-17,0.3838525213566371,0.11627906976744186,0.16279069767441862,86,-0.04651162790697676,0.04087926324386726,0.07629584722643235,0.012085625516631948,-0.11869172370443465,-0.08139534883720932,1
2026-04-20,0.46758917781864145,0.10465116279069768,0.1511627906976744,86,-0.04651162790697673,0.042231064454227196,0.09274249502752197,-0.001999605711549779,0.08373665646200434,2.7755575615628914e-17,1
2026-04-21,0.40464045023962825,0.13953488372093023,0.1511627906976744,86,-0.011627906976744179,0.04211169185319852,0.07430803503311068,-0.006547014335703816,-0.06294872757901321,0.03488372093023255,2
2026-04-22,0.49261436837053924,0.08139534883720931,0.13953488372093023,86,-0.05813953488372092,0.042237876295327714,0.08884227931045063,0.010126690148846818,0.08797391813091099,-0.046511627906976744,1
2026-04-23,0.6639290759290908,0.11627906976744186,0.13953488372093023,86,-0.023255813953488372,0.04837320911849807,0.07860601077920881,-0.003880710338718507,0.17131470755855155,0.03488372093023255,1
2026-04-24,0.36620743080087453,0.10465116279069768,0.16279069767441862,86,-0.058139534883720936,0.04440149032131546,0.10672929358694128,0.007749311878043619,-0.29772164512821625,-0.034883720930232565,1
2026-04-27,0.23226862174784962,0.08139534883720931,0.1511627906976744,86,-0.0697674418604651,0.049526685962778094,0.127868283682127,0.0017228338515840047,-0.1339388090530249,-0.011627906976744165,1
2026-04-28,0.40104308474937106,0.09302325581395349,0.1511627906976744,86,-0.05813953488372092,0.05447596565920554,0.12614522841274112,-0.004865975921808707,0.16877446300152144,0.011627906976744179,1
2026-04-29,0.35875388815506953,0.12790697674418605,0.1511627906976744,86,-0.023255813953488358,0.060457011158267404,0.09416612848663775,-0.00015456167713467917,-0.042289196594301526,0.034883720930232565,1
2026-04-30,0.32097066200365904,0.12790697674418605,0.13953488372093023,86,-0.011627906976744179,0.05262572009016786,0.09678896282278249,0.009949689423536245,-0.0377832261514105,0.011627906976744179,2
2026-05-01,0.20862402012008943,0.08139534883720931,0.1511627906976744,86,-0.0697674418604651,0.05257753417054056,0.09883658875013324,0.0027690423844377587,-0.1123466418835696,-0.05813953488372092,1
2026-05-04,0.1702698606118589,0.13953488372093023,0.13953488372093023,86,0.0,0.057882202197740984,0.0896605102211161,-0.0036633594671476866,-0.03835415950823054,0.0697674418604651,3
2026-05-05,-0.07369878313696926,0.11627906976744186,0.1511627906976744,86,-0.03488372093023255,0.04209900935380029,0.09791875246503445,0.00802217239314218,-0.24396864374882815,-0.03488372093023255,1
2026-05-06,0.10171103415855048,0.13953488372093023,0.16279069767441862,86,-0.023255813953488386,0.03169671449790812,0.08553127912309,0.013899443193279737,0.17540981729551974,0.011627906976744165,1
2026-05-07,0.06195744307037823,0.1744186046511628,0.16279069767441862,86,0.011627906976744179,0.00816041991306471,0.07599535232604326,-0.0030661052287314083,-0.03975359108817225,0.034883720930232565,3
2026-05-08,-0.06691973644490858,0.1744186046511628,0.23255813953488372,86,-0.05813953488372092,0.0021691385808411123,0.08559738615959733,0.008256103228628353,-0.12887717951528682,-0.0697674418604651,1
2026-05-11,-0.5265419622639966,0.16279069767441862,0.23255813953488372,86,-0.0697674418604651,-0.0030434194508318635,0.0775397172423844,0.002277595509883046,-0.45962222581908807,-0.011627906976744179,1
2026-05-12,-0.1841602345719523,0.1744186046511628,0.2558139534883721,86,-0.08139534883720931,-0.017272210030073953,0.06295538979926829,-0.0015149465710807553,0.34238172769204434,-0.011627906976744207,0
2026-05-13,-0.6976280717550447,0.20930232558139536,0.2441860465116279,86,-0.03488372093023254,-0.006129514623270493,0.06053376003657451,0.005594841366604264,-0.5134678371830924,0.04651162790697677,1
2026-05-14,-0.3716336442564847,0.20930232558139536,0.22093023255813954,86,-0.011627906976744179,-0.008580937487469353,0.06628566542199921,0.007894275976344067,0.32599442749856,0.023255813953488358,2
2026-05-15,-0.3168899771334325,0.19767441860465115,0.2441860465116279,86,-0.046511627906976744,0.021185924753439833,0.04087926324386726,-0.012029351617947825,0.05474366712305223,-0.034883720930232565,1
2026-05-18,0.34617433575263884,0.2441860465116279,0.2558139534883721,86,-0.011627906976744207,0.01581263115142506,0.042231064454227196,-0.0007034917542648733,0.6630643128860714,0.03488372093023254,1
2026-05-19,0.10934359172897228,0.23255813953488372,0.2441860465116279,86,-0.011627906976744179,0.009853760920229604,0.04211169185319852,-0.006660800108305609,-0.23683074402366655,2.7755575615628914e-17,2
2026-05-20,0.29608479820159894,0.26744186046511625,0.26744186046511625,86,0.0,0.007406408094435157,0.042237876295327714,0.010249001676365888,0.18674120647262665,0.011627906976744179,3
2026-05-21,0.18770640188867313,0.19767441860465115,0.3023255813953488,86,-0.10465116279069767,0.002248492029297555,0.04837320911849807,0.001983136593591839,-0.10837839631292581,-0.10465116279069767,0
2026-05-22,2.3299242683055397,0.19767441860465115,0.3023255813953488,86,-0.10465116279069767,-0.01617402499865883,0.04440149032131546,0.003931495045239153,2.1422178664168667,0.0,0
2026-05-26,-0.1726800496843293,0.18604651162790697,0.3023255813953488,86,-0.11627906976744184,-0.023115149415792957,0.049526685962778094,0.0066385923501959265,-2.502604317989869,-0.011627906976744179,0
2026-05-27,-0.22910276629703424,0.1511627906976744,0.27906976744186046,86,-0.12790697674418605,-0.021533459478186856,0.05447596565920554,-0.00017319708495977526,-0.056422716612704954,-0.011627906976744207,0
2026-05-28,-0.20722121300326482,0.13953488372093023,0.3023255813953488,86,-0.1627906976744186,-0.033938510469122773,0.060457011158267404,0.005516616475228497,0.021881553293769423,-0.03488372093023254,0
2026-05-29,0.263547453638504,0.1744186046511628,0.3023255813953488,86,-0.12790697674418602,-0.020463197969543212,0.05262572009016786,0.002491386164855447,0.47076866664176886,0.034883720930232565,0
2026-06-01,-0.24624702180045596,0.22093023255813954,0.36046511627906974,86,-0.1395348837209302,-0.015516650407361499,0.05257753417054056,0.002723138747884768,-0.50979447543896,-0.011627906976744179,0
2026-06-02,-0.12089772322961677,0.16279069767441862,0.36046511627906974,86,-0.19767441860465113,-0.018181339442052802,0.057882202197740984,0.0013578717008992935,0.1253492985708392,-0.05813953488372092,0
2026-06-03,-0.1736442366363258,0.18604651162790697,0.37209302325581395,86,-0.18604651162790697,,0.04209900935380029,-0.007017128111958093,-0.052746513406709036,0.011627906976744151,0
2026-06-04,-0.22581247565914017,0.1511627906976744,0.36046511627906974,86,-0.20930232558139533,,0.03169671449790812,0.0037786380992788082,-0.05216823902281437,-0.023255813953488358,0
2026-06-05,0.516474496769007,0.23255813953488372,0.3372093023255814,86,-0.10465116279069767,,0.00816041991306471,-0.025809348954549782,0.7422869724281472,0.10465116279069767,0
2026-06-08,0.183058782945257,0.1744186046511628,0.32558139534883723,86,-0.15116279069767444,,0.0021691385808411123,0.002264253270964689,-0.33341571382375,-0.04651162790697677,0
2026-06-09,0.4084098658622397,0.22093023255813954,0.27906976744186046,86,-0.05813953488372092,,-0.0030434194508318635,-0.002935526636184238,0.22535108291698272,0.09302325581395351,1
2026-06-10,-0.03776286867375817,0.2558139534883721,0.27906976744186046,86,-0.023255813953488358,,-0.017272210030073953,-0.015765551862153226,-0.4461727345359979,0.034883720930232565,1
2026-06-11,0.19089565181910703,0.1744186046511628,0.2558139534883721,86,-0.08139534883720931,,-0.006129514623270493,0.016996815681733723,0.2286585204928652,-0.05813953488372095,1
2026-06-12,0.9486678641176941,0.19767441860465115,0.27906976744186046,86,-0.08139534883720931,,-0.008580937487469353,0.0054082628497071905,0.757772212298587,0.0,1
2026-06-15,-0.040593693616945606,0.1511627906976744,0.3023255813953488,86,-0.1511627906976744,,0.021185924753439833,0.017633973710819095,-0.9892615577346398,-0.0697674418604651,0
2026-06-16,0.021581440008704187,0.14942528735632185,0.2988505747126437,87,-0.14942528735632185,,0.01581263115142506,-0.005961607249314382,0.06217513362564979,0.0017375033413525587,0
2026-06-17,-0.3161291311443896,0.16091954022988506,0.3218390804597701,87,-0.16091954022988506,,0.009853760920229604,-0.012487838684312247,-0.33771057115309383,-0.011494252873563204,0
2026-06-18,0.06625053805651962,0.20689655172413793,0.2988505747126437,87,-0.09195402298850577,,0.007406408094435157,0.00780069099546532,0.38237966920090927,0.06896551724137928,0
2026-06-22,0.021293358604913645,0.20689655172413793,0.3103448275862069,87,-0.10344827586206898,,0.002248492029297555,-0.0031470123470016542,-0.044957179451605975,-0.011494252873563204,0
2026-06-23,0.004000480436670413,0.21839080459770116,0.2988505747126437,87,-0.08045977011494254,,-0.01617402499865883,-0.01452195757600172,-0.017292878168243233,0.022988505747126436,1
2026-06-25,0.19827422978573303,0.20689655172413793,0.25287356321839083,87,-0.0459770114942529,,-0.021533459478186856,0.001445638535813476,0.1942737493490626,0.03448275862068964,1
2026-06-26,0.7126541090438651,0.20689655172413793,0.28735632183908044,87,-0.08045977011494251,,-0.033938510469122773,-0.007231376821462576,0.514379879258132,-0.03448275862068961,1
2026-06-29,0.05426438364136171,0.20689655172413793,0.2413793103448276,87,-0.03448275862068967,,-0.020463197969543212,0.016474848763357475,-0.6583897254025033,0.045977011494252845,1
2026-06-30,0.020719700006371345,0.19540229885057472,0.22988505747126436,87,-0.03448275862068964,,-0.015516650407361499,0.007786774628879778,-0.03354468363499037,2.7755575615628914e-17,1
2026-07-01,0.02577086539761681,0.20689655172413793,0.20689655172413793,87,0.0,,-0.018181339442052802,-0.00135249139628002,0.005051165391245466,0.03448275862068964,3
