market_date,mean_rrz,panic,chase,n,net_fear,VIX,VIX3M,VVIX,r_fwd,vix_fwd_chg,d_fear,d_rrz,d_vix,fear_resid
2025-05-13,,0.0,0.0,1,0.0,18.22,20.09,91.59,0.02474268965987325,-0.052689352360043795,,,,-0.026922312297087525
2025-05-14,,0.0,0.0,1,0.0,18.62,20.58,97.16,0.027502169880358807,-0.03222341568206233,0.0,,0.40000000000000213,-0.03961360891447918
2025-05-15,,0.0,0.0,1,0.0,17.83,20.25,94.11,0.011076110151407415,0.1676948962422884,0.0,,-0.7900000000000027,-0.014548298095130807
2025-05-16,,0.0,0.0,1,0.0,17.24,20.08,94.94,0.014271289128239495,0.10846867749419964,0.0,,-0.5899999999999999,0.004171364415521683
2025-05-19,,0.0,0.0,1,0.0,18.14,20.69,96.89,0.004505337480037008,0.19073869900771778,0.0,,0.9000000000000021,-0.024384052973609238
2025-05-20,,0.0,0.0,1,0.0,18.09,20.72,96.62,0.007742261954963414,0.11332227750138202,0.0,,-0.05000000000000071,-0.022797640896435323
2025-05-21,,0.0,0.0,1,0.0,20.87,22.66,106.3,0.01959304121058225,-0.011978917105893605,0.0,,2.780000000000001,-0.11100215238730649
2025-05-22,,0.0,0.0,1,0.0,20.28,22.32,104.1,0.029257919017647183,-0.022189349112426204,0.0,,-0.5899999999999999,-0.092282489876654
2025-05-23,,0.0,0.0,1,0.0,22.29,23.8,109.76,0.04778021446702696,-0.21579183490354414,0.0,,2.009999999999998,-0.15605625537904633
2025-05-27,,0.0,0.0,1,0.0,18.96,21.29,96.49,0.027015139981392267,-0.11603375527426152,0.0,,-3.3299999999999983,-0.050401211039261984
2025-05-28,,0.0,0.0,1,0.0,19.31,21.67,97.15,0.04107328194919435,-0.14085965820818225,0.0,,0.34999999999999787,-0.0615060955794795
2025-05-29,,0.0,0.0,1,0.0,19.18,21.62,95.32,0.042132022709939765,-0.1491136600625651,0.0,,-0.129999999999999,-0.05738142417882719
2025-05-30,,0.0,0.0,1,0.0,18.57,21.38,95.15,0.048287212202446694,-0.0990845449649973,0.0,,-0.6099999999999994,-0.038027196837305155
2025-06-02,,0.0,0.0,1,0.0,18.36,21.09,91.84,0.042077913313424586,-0.08333333333333337,0.0,,-0.21000000000000085,-0.031364266113174555
2025-06-03,,0.0,0.0,1,0.0,17.69,20.72,90.89,0.04086631213407377,-0.05935556811758058,0.0,,-0.6699999999999982,-0.010106344279043888
2025-06-04,,0.0,0.0,1,0.0,17.61,20.66,90.79,0.04935143389324259,-0.06984667802385014,0.0,,-0.08000000000000185,-0.0075680849555654905
2025-06-05,,0.0,0.0,1,0.0,18.48,21.11,93.2,0.04658966360340622,-0.03733766233766245,0.0,,0.870000000000001,-0.03517165509839204
2025-06-06,,0.0,0.0,1,0.0,16.77,20.02,89.45,0.03538405047234372,0.0023852116875371365,0.0,,-1.7100000000000009,0.019083637940956688
2025-06-09,,0.0,0.0,3,0.0,17.16,20.09,88.97,0.040655016008537936,-0.07109557109557119,0.0,,0.39000000000000057,0.00670962373899997
2025-06-10,,0.0,0.0,3,0.0,16.95,19.94,92.06,0.037706440273263864,-0.06902654867256641,0.0,,-0.21000000000000085,0.01337255446313057
2025-06-11,,0.0,0.0,3,0.0,17.26,20.3,99.02,0.03701609684714646,-0.049826187717265547,0.0,,0.3100000000000023,0.0035367995846520284
2025-06-12,,0.0,0.0,4,0.0,18.02,20.65,103.04,0.034881987577639606,-0.0455049944506104,0.0,,0.759999999999998,-0.020576663988391752
2025-06-13,,0.0,0.0,7,0.0,20.82,22.62,113.37,0.04211055276381903,-0.165225744476465,0.0,,2.8000000000000007,-0.10941574031013257
2025-06-16,,0.0,0.0,65,0.0,19.11,21.23,106.19,0.03574035972655487,-0.10204081632653061,0.0,,-1.7100000000000009,-0.05516044727078373
2025-06-17,,0.0,0.0,65,0.0,21.6,22.91,115.5,0.051060197814335684,-0.23518518518518527,0.0,,2.490000000000002,-0.134163768714046
2025-06-18,,0.0,0.0,65,0.0,20.14,21.97,106.2,0.0504485806106052,-0.1852035749751738,0.0,,-1.4600000000000009,-0.08784053606056696
2025-06-20,,0.0,0.0,66,0.0,20.62,22.48,108.86,0.058036615736689834,-0.19253152279340457,0.0,,0.4800000000000004,-0.1030700920014368
2025-06-23,,0.0,0.0,74,0.0,19.83,21.82,104.32,0.0478380404898775,-0.1679273827534039,0.0,,-0.7900000000000027,-0.07800478118208842
2025-06-24,,0.0,0.0,74,0.0,17.48,20.05,92.29,0.045205840667128294,-0.12070938215102978,0.0,,-2.349999999999998,-0.0034434135549132883
2025-06-25,2.0581091162634304,0.0,0.0,74,0.0,16.76,19.67,89.65,0.04496639873501107,-0.08174224343675418,0.0,,-0.7199999999999989,0.019400920356391405
2025-06-26,1.1875270094917796,0.0,0.0,74,0.0,16.59,19.45,89.6,0.041234249105202014,-0.10006027727546718,0.0,-0.8705821067716508,-0.1700000000000017,0.024794721418782917
2025-06-27,2.6129097582124334,0.0,0.0,74,0.0,16.32,19.45,91.84,0.03582638109642078,-0.07904411764705888,0.0,1.4253827487206538,-0.2699999999999996,0.03336134663552215
2025-06-30,1.1315926065999353,0.0,0.0,74,0.0,16.73,19.44,89.74,0.028178360443473327,-0.04482964734010764,0.0,-1.481317151612498,0.41000000000000014,0.020352767602695887
2025-07-01,0.781262185870821,0.0,0.0,74,0.0,16.83,19.51,89.54,0.02721606087590067,-0.08021390374331538,0.0,-0.35033042072911436,0.09999999999999787,0.017179943448348056
2025-07-02,0.5247235075841153,0.0,0.0,74,0.0,16.64,19.35,89.8,0.018744459666371283,0.004807692307692291,0.0,-0.2565386782867056,-0.18999999999999773,0.02320830934160889
2025-07-03,0.8425548710460358,0.0,0.0,74,0.0,16.38,19.21,90.6,-0.005788850865129369,0.24420024420024422,0.0,0.3178313634619204,-0.26000000000000156,0.03145765214291352
2025-07-07,0.11875878229023092,0.0,0.0,74,0.0,17.79,20.21,96.3,0.016900818457175948,-0.015177065767284947,0.0,-0.7237960887558048,1.4100000000000001,-0.013279168433391608
2025-07-08,0.9901116817036062,0.0,0.0,74,0.0,16.81,19.58,91.31,0.012299706612502792,0.06186793575252847,0.0,0.8713528994133752,-0.9800000000000004,0.0178145082792176
2025-07-09,0.014158368599106961,0.0,0.0,74,0.0,15.94,19.02,91.76,0.013973015415184475,0.052070263488080304,0.0,-0.9759533131044993,-0.8699999999999992,0.04541807842204415
2025-07-10,0.7132089500613178,0.0,0.0,74,0.0,15.78,18.92,90.94,0.010274519829982953,0.050063371356147135,0.0,0.6990505814622109,-0.16000000000000014,0.050494597069000724
2025-07-11,1.151780390062942,0.0,0.0,74,0.0,16.4,19.37,93.53,0.02174401077579291,-0.0762195121951218,0.0,0.4385714400016242,0.6199999999999992,0.030823087312043973
2025-07-14,-0.7517674448387498,0.0,0.0,74,0.0,17.2,19.84,95.75,0.017781405547286466,-0.05523255813953487,0.0,-1.9035478349016919,0.8000000000000007,0.005440494077260882
2025-07-15,-0.08096298943646733,0.0,0.0,74,0.0,17.38,20.06,94.66,0.03303115054489347,-0.1524741081703106,0.0,0.6708044554022825,0.17999999999999972,-0.0002705894005653464
2025-07-16,-0.9015509919220702,0.0,0.0,74,0.0,17.16,20.09,95.56,0.033113325430136786,-0.15559440559440563,0.0,-0.8205880024856029,-0.21999999999999886,0.00670962373899997
2025-07-17,-0.03402209251978524,0.0,0.0,74,0.0,16.52,19.69,92.9,0.0269250366218714,-0.10230024213075062,0.0,0.867528899402285,-0.6400000000000006,0.027015698326826487
2025-07-18,-0.04254816095033519,0.0,0.0,74,0.0,16.41,19.58,93.15,0.025271678511106233,-0.08043875685557589,0.0,-0.008526068430549948,-0.10999999999999943,0.030505804896609034
2025-07-21,-0.4809789253658261,0.0,0.0,74,0.0,16.65,19.51,92.26,0.023108608871288405,-0.0996996996996996,0.0,-0.4384307644154909,0.23999999999999844,0.022891026926174174
2025-07-22,0.5790372719948844,0.0,0.0,74,0.0,16.5,19.53,90.58,0.01741246064306834,-0.056363636363636394,0.0,1.0600161973607105,-0.14999999999999858,0.02765026315769603
2025-07-23,0.29075712162264833,0.0,0.0,74,0.0,15.37,18.56,88.04,0.00614938269658305,0.020819778789850307,0.0,-0.2882801503722361,-1.1300000000000008,0.0635031761018271
2025-07-24,0.7562693075600085,0.0,0.0,74,0.0,15.39,18.56,89.75,0.0017811544402761559,0.07862248213125422,0.0,0.4655121859373602,0.02000000000000135,0.0628686112709575
2025-07-25,-0.6764221486368529,0.0,0.0,74,0.0,14.93,18.32,90.59,0.01288651703029342,-0.04755525787006021,0.0,-1.4326914561968613,-0.46000000000000085,0.07746360238095773
2025-07-28,-0.4464226443034498,0.0,0.0,74,0.0,15.03,18.16,88.59,0.008682136464973178,-0.015968063872255467,0.0,0.2299995043334031,0.09999999999999964,0.0742907782266099
2025-07-29,-0.4442898151692859,0.0,0.0,74,0.0,15.98,18.77,95.14,0.015584170260995567,-0.08510638297872353,0.0,0.002132829134163905,0.9500000000000011,0.04414894876030495
2025-07-30,-0.43189638903202116,0.0,0.0,74,0.0,15.48,18.35,94.33,0.019181666298899724,-0.04069767441860472,0.0,0.01239342613726474,-0.5,0.06001306953204438
2025-07-31,-0.7029862383899741,0.0,0.0,74,0.0,16.72,19.14,98.37,0.026642197190228867,-0.13696172248803828,0.0,-0.27108984935795294,1.2399999999999984,0.020670050018130715
2025-08-01,0.46006045573331855,0.0,0.0,74,0.0,20.38,21.24,109.79,0.03752493083703268,-0.2463199214916585,0.0,1.1630466941232926,3.66,-0.09545531403100183
2025-08-04,0.24563812234830412,0.0,0.0,74,0.0,17.52,19.61,95.85,0.014417668773864412,-0.01997716894977153,0.0,-0.21442233338501443,-2.8599999999999994,-0.004712543216652376
2025-08-05,0.09850259935807062,0.0,0.0,74,0.0,17.85,20.03,97.65,0.025112664617736424,-0.08403361344537819,0.0,-0.1471355229902335,0.33000000000000185,-0.015182862926000462
2025-08-06,0.01136714155486367,0.0,0.0,74,0.0,16.77,19.47,97.81,0.025822560763614666,-0.08765652951699454,0.0,-0.08713545780320696,-1.0800000000000018,0.019083637940956688
2025-08-07,0.26532940113981257,0.0,0.0,75,0.0,16.57,19.35,97.37,0.02370897587979437,-0.08388654194327105,0.0,0.2539622595849489,-0.1999999999999993,0.02542928624965246
2025-08-08,0.05486406035583503,0.0,0.0,75,0.0,15.15,18.7,93.14,0.018283687498038326,-0.0026402640264027166,0.0,-0.21046534078397755,-1.42,0.07048338924139241
2025-08-11,-0.07988845917506507,0.0,0.0,75,0.0,16.25,19.25,97.09,0.022660083029311995,-0.07446153846153847,0.0,-0.1347525195309001,1.0999999999999996,0.03558232354356572
2025-08-12,-0.11583992836551765,0.0,0.0,75,0.0,14.73,18.34,92.86,0.014812740201341157,0.04209097080787494,0.0,-0.035951469190452584,-1.5199999999999996,0.0838092506896535
2025-08-13,0.01830924706766873,0.05333333333333334,0.14666666666666667,75,-0.09333333333333332,14.49,18.33,98.17,0.01975530710663831,0.015182884748102143,-0.09333333333333332,0.13414917543318639,-0.2400000000000002,-0.0019093046732449048
2025-08-14,0.040523188748100056,0.10666666666666667,0.16,75,-0.05333333333333333,14.83,18.49,98.04,0.019319327079618365,-0.004720161834120051,0.039999999999999994,0.022213941680431327,0.33999999999999986,0.027303093201972287
2025-08-15,0.12939066784022948,0.10666666666666667,0.14666666666666667,75,-0.039999999999999994,15.09,18.64,97.85,0.02715093870446328,0.03976143141153088,0.013333333333333336,0.08886747909212943,0.2599999999999998,0.03238708373400116
2025-08-18,-0.1511614095805426,0.08,0.16,75,-0.08,14.99,18.45,96.63,0.025959894295041197,0.09139426284189445,-0.04000000000000001,-0.2805520774207721,-0.09999999999999964,-0.0044400921116510145
2025-08-19,0.16543073420467216,0.13333333333333333,0.16,75,-0.026666666666666672,15.57,18.9,102.09,0.030274612775667675,0.009633911368015502,0.05333333333333333,0.3165921437852148,0.5800000000000001,0.030490861126464597
2025-08-20,0.23979596777189036,0.17333333333333334,0.14666666666666667,75,0.026666666666666672,15.69,19.1,98.6,0.037846139380357524,0.0006373486297004405,0.053333333333333344,0.07436523356721819,0.11999999999999922,0.08001680547458051
2025-08-21,0.20188355448350576,0.18666666666666668,0.16,75,0.026666666666666672,16.6,19.41,99.99,0.04429234521280789,-0.06927710843373502,0.0,-0.0379124132883846,0.9100000000000019,0.05114410567001476
2025-08-22,0.0629060000692644,0.16,0.16,75,0.0,14.22,17.76,89.78,0.03336380964187757,0.13220815752461323,-0.026666666666666672,-0.13897755441424137,-2.380000000000001,0.0999906538768277
2025-08-25,0.032814768013581304,0.2,0.13333333333333333,75,0.06666666666666668,14.79,18.02,92.3,0.03228166295702528,0.125084516565247,0.06666666666666668,-0.0300912320556831,0.5699999999999985,0.1485722228637115
2025-08-26,-0.04253093787295047,0.14666666666666667,0.14666666666666667,75,0.0,14.62,17.9,91.65,0.024707049414098847,0.10670314637482914,-0.06666666666666668,-0.07534570588653178,-0.16999999999999993,0.08729935725943622
2025-08-27,-0.055183872142328755,0.12,0.14666666666666667,75,-0.026666666666666672,14.85,17.94,94.93,0.017660795199727852,0.1272727272727272,-0.026666666666666672,-0.012652934269378288,0.23000000000000043,0.0533351950377694
2025-08-28,-0.15614667064709606,0.13333333333333333,0.18666666666666668,75,-0.053333333333333344,14.43,17.72,92.03,0.019879183874745854,0.05959805959805964,-0.026666666666666672,-0.1009627985047673,-0.41999999999999993,0.03999438981936382
2025-08-29,0.2561876016356823,0.10666666666666667,0.21333333333333335,75,-0.10666666666666667,15.36,18.35,97.17,0.02888148205565466,0.04947916666666674,-0.05333333333333333,0.4123342722827784,0.9299999999999997,-0.042846208149404805
2025-09-02,0.32741397662578237,0.17333333333333334,0.18666666666666668,75,-0.013333333333333336,17.17,19.38,103.88,0.04046730285660738,-0.051834595224228286,0.09333333333333334,0.07122637499010004,1.8100000000000023,-0.006940992009768193
2025-09-03,0.2585951632860793,0.17333333333333334,0.2,75,-0.026666666666666672,16.35,18.93,99.62,0.03838506229222993,-0.003669724770642313,-0.013333333333333336,-0.06881881333970308,-0.8200000000000003,0.0057428327225511056
2025-09-04,0.12472041819401104,0.18666666666666668,0.18666666666666668,75,0.0,15.3,18.39,95.28,0.030964998767562202,0.08692810457516331,0.026666666666666672,-0.13387474509206826,-1.0500000000000007,0.06572415300987056
2025-09-05,0.21248790442237722,0.17333333333333334,0.22666666666666666,75,-0.053333333333333316,15.18,18.42,93.06,0.033944132006674455,0.0968379446640315,-0.053333333333333316,0.08776748622836618,-0.120000000000001,0.016198208661754726
2025-09-08,0.18948296543863674,0.17333333333333334,0.21333333333333335,75,-0.04000000000000001,15.11,18.29,92.29,0.035109350677372975,0.083388484447386,0.013333333333333308,-0.02300493898374048,-0.07000000000000028,0.03175251890313155
2025-09-09,-0.0836294599640224,0.17105263157894737,0.25,76,-0.07894736842105263,15.04,18.27,93.16,0.028893023541894047,0.14627659574468077,-0.03894736842105262,-0.2731124254026591,-0.07000000000000028,-0.0049738726098775
2025-09-10,-0.158212135341697,0.18421052631578946,0.25,76,-0.06578947368421054,15.35,18.44,100.53,0.032044893515892126,0.061889250814332275,0.01315789473684209,-0.0745826753776746,0.3100000000000005,-0.0016517327515138958
2025-09-11,-0.14315013274050487,0.15789473684210525,0.25,76,-0.09210526315789475,14.71,18.03,96.32,0.020573878928880962,0.11692726036709722,-0.02631578947368421,0.015062002601192143,-0.6399999999999988,-0.007661447637371699
2025-09-12,-0.3115090153730012,0.18421052631578946,0.27631578947368424,76,-0.09210526315789477,14.76,18.06,96.78,-0.006677720144202204,0.467479674796748,-2.7755575615628914e-17,-0.16835888263249632,0.049999999999998934,-0.009247859714545642
2025-09-15,-0.45751965998947125,0.17105263157894737,0.32894736842105265,76,-0.15789473684210528,15.69,18.53,99.55,0.003222829129533533,0.21287444231994912,-0.06578947368421051,-0.14601064461647006,0.9299999999999997,-0.10454459803419144
2025-09-16,-0.7343588838892926,0.17105263157894737,0.3157894736842105,76,-0.14473684210526314,16.36,18.91,104.1,0.00337878787878787,0.27200488997555006,0.013157894736842146,-0.27683922389982135,0.6699999999999999,-0.11264462513148008
2025-09-17,-0.6263937342450373,0.11842105263157894,0.2894736842105263,76,-0.1710526315789474,15.72,18.44,96.17,0.009087047543918203,0.3129770992366412,-0.026315789473684265,0.1079651496442553,-0.6399999999999988,-0.11865434001733793
2025-09-18,-0.7331235748626697,0.11392405063291139,0.34177215189873417,79,-0.22784810126582278,15.7,18.52,97.28,-0.0024461691782683426,0.6121019108280255,-0.05679546968687538,-0.10672984061763235,-0.02000000000000135,-0.1748152448733437
2025-09-19,-0.7738114519158062,0.10126582278481013,0.35443037974683544,79,-0.25316455696202533,15.45,18.48,96.9,0.001039626337200561,0.34498381877022677,-0.025316455696202556,-0.04068787705313659,-0.25,-0.19219964018367658
2025-09-22,-0.8698826809055004,0.16455696202531644,0.3670886075949367,79,-0.20253164556962028,16.1,18.95,99.75,0.0066882610521263874,0.13229813664596257,0.050632911392405056,-0.09607122898969411,0.6500000000000021,-0.1621900857945328
2025-09-23,-0.700565074149648,0.13924050632911392,0.3670886075949367,79,-0.2278481012658228,16.64,19.44,101.23,0.012183169735076271,0.07391826923076916,-0.025316455696202528,0.1693176067558524,0.5399999999999991,-0.20463979192421392
2025-09-24,-0.6732050695771257,0.11392405063291139,0.3924050632911392,79,-0.27848101265822783,16.18,19.14,99.99,0.010134624111329593,0.14956736711990115,-0.05063291139240503,0.0273600045725223,-0.46000000000000085,-0.24067771220661865
2025-09-25,-0.7263192599009398,0.12658227848101267,0.3291139240506329,79,-0.20253164556962022,16.74,19.46,100.34,0.020834283109186336,0.033452807646356275,0.07594936708860761,-0.05311419032381415,0.5599999999999987,-0.18249616038235905
2025-09-26,-0.6518597667225711,0.1518987341772152,0.35443037974683544,79,-0.20253164556962025,15.29,18.41,93.4,0.023314496388746164,0.0706344015696534,-2.7755575615628914e-17,0.07445949317836875,-1.4499999999999993,-0.13649021014431487
2025-09-29,-0.684686294197987,0.12658227848101267,0.34177215189873417,79,-0.2151898734177215,16.12,18.76,96.74,0.03248553519768582,-0.020471464019851227,-0.01265822784810125,-0.03282652747541592,0.8300000000000018,-0.17548287847350358
2025-09-30,-0.5037755485404714,0.1518987341772152,0.379746835443038,79,-0.2278481012658228,16.28,18.77,95.89,0.031342880302621,0.008599508599508532,-0.012658227848101306,0.18091074565751564,0.16000000000000014,-0.19321762496856146
2025-10-01,-0.7027895308991421,0.10126582278481013,0.3924050632911392,79,-0.2911392405063291,16.29,18.76,93.22,0.028334205998952644,0.038674033149171505,-0.0632911392405063,-0.19901398235867074,0.00999999999999801,-0.2568260466245025
2025-10-02,-0.6365572794324864,0.17721518987341772,0.379746835443038,79,-0.20253164556962028,16.63,18.89,94.1,0.01585427811482032,0.016837041491280846,0.08860759493670883,0.06623225146665568,0.33999999999999986,-0.17900605381257645
2025-10-03,-0.5114192896391826,0.12658227848101267,0.3924050632911392,79,-0.26582278481012656,16.65,19.08,94.79,0.01920174534152186,0.047447447447447555,-0.06329113924050628,0.12513798979330382,0.019999999999999574,-0.24293175788395238
2025-10-06,-0.7176001773051927,0.12658227848101267,0.4050632911392405,79,-0.27848101265822783,16.37,19.12,95.38,0.017465493366686013,0.048869883934025804,-0.012658227848101278,-0.20618088766601006,-0.2799999999999976,-0.2467060780998796
2025-10-07,-0.8348622462722657,0.1518987341772152,0.3924050632911392,79,-0.24050632911392403,17.24,19.71,98.7,0.009146341463414531,0.10208816705336443,0.037974683544303806,-0.11726206896707303,0.8699999999999974,-0.23633496469840234
2025-10-08,-0.9334287689411205,0.189873417721519,0.3924050632911392,79,-0.20253164556962022,16.3,19.26,96.22,0.006640816508445946,0.10490797546012276,0.037974683544303806,-0.0985665226688548,-0.9399999999999977,-0.16853573410322853
2025-10-09,-0.7585598967664438,0.2625,0.3875,80,-0.125,16.43,19.38,97.25,-0.001266464032421477,0.18685331710286057,0.07753164556962022,0.17486887217467673,0.129999999999999,-0.09512875993426051
2025-10-10,-0.6484094547877883,0.325,0.3375,80,-0.012500000000000011,21.66,22.81,116.25,0.027487672659336715,-0.1191135734072023,0.11249999999999999,0.11015044197865542,5.23,-0.14856746320665476
2025-10-13,-0.41712280549283237,0.275,0.3625,80,-0.08749999999999997,19.03,20.93,106.45,0.02775096525096532,-0.07514450867052025,-0.07499999999999996,0.23128664929495596,-2.629999999999999,-0.1401221879473054
2025-10-14,-0.29730406779025464,0.2875,0.3625,80,-0.07500000000000001,20.81,22.03,113.19,0.03136372559382683,-0.16962998558385378,0.012499999999999956,0.11981873770257773,1.7799999999999976,-0.18409845789469764
2025-10-15,-0.3693143966524086,0.2125,0.3875,80,-0.17500000000000002,20.64,21.94,117.3,0.027376460153043736,-0.15164728682170536,-0.1,-0.07201032886215397,-0.16999999999999815,-0.2787046568323064
2025-10-16,-0.2909695177647692,0.3048780487804878,0.36585365853658536,82,-0.06097560975609756,25.31,24.87,134.25,0.017255994187454604,-0.20979849861714728,0.11402439024390246,0.07834487888763941,4.669999999999998,-0.3128511545964499
2025-10-17,0.23984627311784715,0.35365853658536583,0.34146341463414637,82,0.012195121951219468,20.78,22.09,115.63,0.011348756001746008,-0.04571703561116469,0.07317073170731703,0.5308157908826163,-4.529999999999998,-0.0959514886971739
2025-10-20,-0.040753543754454884,0.24390243902439024,0.34146341463414637,82,-0.09756097560975613,18.23,20.31,103.18,-0.008386712349173209,0.2276467361492045,-0.1097560975609756,-0.280599816872302,-2.5500000000000007,-0.12480057032227848
2025-10-21,-0.33623374715044063,0.3048780487804878,0.32926829268292684,82,-0.024390243902439046,17.87,19.99,103.36,-0.016699191109654454,0.3816452154448797,0.07317073170731708,-0.29548020339598574,-0.35999999999999943,-0.04020767165930905
2025-10-22,-0.26594840890839805,0.2682926829268293,0.3048780487804878,82,-0.036585365853658514,18.6,20.31,104.87,-0.007741838873914331,0.2720430107526881,-0.012195121951219468,0.07028533824204258,0.7300000000000004,-0.07556440993726804
2025-10-23,0.019000892572713722,0.1951219512195122,0.32926829268292684,82,-0.13414634146341464,17.3,19.65,98.6,-0.028626295105394828,0.5271676300578034,-0.09756097560975613,0.28494930148111175,-1.3000000000000007,-0.1318786715405017
2025-10-24,-0.5198270298534368,0.18292682926829268,0.34146341463414637,82,-0.1585365853658537,16.37,19.2,98.03,-0.026902916205241878,0.4312767257177763,-0.024390243902439046,-0.5388279224261505,-0.9299999999999997,-0.12676165080750545
2025-10-27,-0.3286951272997034,0.13414634146341464,0.3780487804878049,82,-0.24390243902439024,15.79,18.99,97.4,-0.02409374817582155,0.29955668144395187,-0.08536585365853655,0.19113190255373336,-0.5800000000000018,-0.19372512437082423
2025-10-28,-0.9587675866720723,0.18292682926829268,0.3902439024390244,82,-0.20731707317073172,16.42,19.55,101.51,-0.017523942595988662,0.13032886723507908,0.036585365853658514,-0.6300724593723689,0.6300000000000026,-0.17712855068955752
2025-10-29,-0.9386850497897791,0.18292682926829268,0.35365853658536583,82,-0.17073170731707316,16.92,19.83,103.57,-0.011216340068956554,0.015957446808510634,0.03658536585365857,0.020082536882293223,0.5,-0.15640730560763833
2025-10-30,-1.0456319467738522,0.17073170731707318,0.32926829268292684,82,-0.15853658536585366,16.91,19.98,102.84,0.005236603268464091,-0.03311649911295089,0.012195121951219495,-0.10694689698407311,-0.010000000000001563,-0.143894901240984
2025-10-31,-0.4665096755370626,0.1927710843373494,0.3373493975903614,83,-0.14457831325301201,17.44,20.49,104.46,-0.002624402545230553,-0.01146788990825709,0.013958272112841646,0.5791222712367896,0.5300000000000011,-0.1467525971461861
2025-11-03,-0.775456336011864,0.1686746987951807,0.26506024096385544,83,-0.09638554216867473,17.17,20.38,101.43,-0.002648754646296214,-0.033779848573092686,0.04819277108433728,-0.30894666047480146,-0.2699999999999996,-0.08999320084510959
2025-11-04,-0.9235215024046212,0.18072289156626506,0.26506024096385544,83,-0.08433734939759038,19.0,21.29,104.44,0.012810260055683864,-0.15368421052631587,0.012048192771084348,-0.14806516639275713,1.8299999999999983,-0.13600769009859145
2025-11-05,-0.8137876450941403,0.20481927710843373,0.26506024096385544,83,-0.060240963855421714,18.01,20.6,100.77,0.010050473744797506,-0.1238200999444754,0.02409638554216867,0.10973385731048091,-0.9899999999999984,-0.08050034542837875
2025-11-06,-0.7226838737256318,0.21686746987951808,0.2289156626506024,83,-0.01204819277108432,19.5,21.35,105.71,0.0229446077188169,-0.20974358974358975,0.048192771084337394,0.09110377136850845,1.4899999999999984,-0.07958265424382477
2025-11-07,0.3546184144936782,0.1686746987951807,0.27710843373493976,83,-0.10843373493975905,19.08,21.19,103.6,0.018868205731999987,-0.12683438155136262,-0.09638554216867473,1.07730228821931,-0.4200000000000017,-0.1626423349642384
2025-11-10,-0.35324417087594157,0.18072289156626506,0.24096385542168675,83,-0.060240963855421686,17.6,20.24,98.91,0.002347969006808892,-0.038068181818181945,0.048192771084337366,-0.7078625853696198,-1.4799999999999969,-0.06749176639555246
2025-11-11,-0.8105640684725537,0.14457831325301204,0.25301204819277107,83,-0.10843373493975902,17.28,20.19,99.6,0.0066910688140557895,-0.0873842592592593,-0.04819277108433734,-0.4573198975966121,-0.3200000000000003,-0.10553150018597654
2025-11-12,-0.8326963896008387,0.1686746987951807,0.2289156626506024,83,-0.060240963855421686,17.51,20.34,103.47,0.008472592115660316,-0.15191319246145074,0.04819277108433734,-0.022132321128285004,0.23000000000000043,-0.06463622465663935
2025-11-13,-0.5233499470211006,0.20481927710843373,0.1566265060240964,83,0.04819277108433734,20.0,21.85,111.25,0.014463424796143043,-0.21299999999999997,0.10843373493975902,0.3093464425797381,2.4899999999999984,-0.035205811160142486
2025-11-14,-0.2927412424505145,0.20481927710843373,0.14457831325301204,83,0.060240963855421686,19.83,21.58,107.95,0.013096602324647044,-0.1679273827534039,0.012048192771084348,0.23060870457058608,-0.1700000000000017,-0.017763817326666737
2025-11-17,-0.2536664512542837,0.3132530120481928,0.0963855421686747,83,0.21686746987951808,22.38,23.18,117.86,0.019829645319753064,-0.26362823949955316,0.1566265060240964,0.03907479119623081,2.5500000000000007,0.057955672761558635
2025-11-18,-0.10185238093043053,0.30120481927710846,0.0963855421686747,83,0.20481927710843376,24.69,24.54,124.32,0.01714943643194755,-0.28635074929121096,-0.01204819277108432,0.1518140703238532,2.3100000000000023,-0.027384757974961843
2025-11-19,0.389369893035833,0.25301204819277107,0.13253012048192772,83,0.12048192771084335,23.66,23.99,119.57,0.020886467561082478,-0.28698224852070997,-0.08433734939759041,0.49122227396626356,-1.0300000000000011,-0.07904201858276902
2025-11-20,-0.24708074148564108,0.3493975903614458,0.04819277108433735,83,0.30120481927710846,26.42,25.76,128.65,0.04300185432087433,-0.43565480696442094,0.18072289156626511,-0.6364506345214741,2.7600000000000016,0.014110926323494477
2025-11-21,0.8498817408435165,0.42168674698795183,0.04819277108433735,83,0.3734939759036145,23.43,23.96,118.34,0.039148445442544366,-0.39906103286384975,0.07228915662650603,1.0969624823291575,-2.990000000000002,0.18126752516500227
2025-11-24,0.9912386379660523,0.40963855421686746,0.060240963855421686,83,0.3493975903614458,20.52,21.85,103.96,0.028756000179444685,-0.317738791423002,-0.024096385542168697,0.14135689712253574,-2.91,0.24950032251435694
2025-11-25,0.8250222101854222,0.3614457831325301,0.07228915662650602,83,0.2891566265060241,18.56,20.73,96.85,0.02275488133684922,-0.2742456896551724,-0.060240963855421714,-0.16621642778063006,-1.9600000000000009,0.25144671208415376
2025-11-26,0.4025277974795587,0.3493975903614458,0.07228915662650602,83,0.27710843373493976,17.19,20.02,92.17,0.015639712806026385,-0.20884235020360686,-0.01204819277108432,-0.4224944127058635,-1.3699999999999974,0.28286621022763536
2025-11-28,1.0484797475643024,0.2891566265060241,0.0963855421686747,83,0.19277108433734938,16.35,19.64,90.34,0.006526288063916752,-0.13149847094801237,-0.08433734939759038,0.6459519500847437,-0.8399999999999999,0.22518058372656716
2025-12-01,0.13824554765082422,0.3373493975903614,0.0963855421686747,83,0.24096385542168672,17.24,20.22,93.76,0.009907830714275256,-0.16879350348027833,0.04819277108433734,-0.9102341999134782,0.889999999999997,0.2451352198372084
2025-12-02,0.004839116024735013,0.30120481927710846,0.10843373493975904,83,0.1927710843373494,16.59,19.84,91.71,0.0005722418675626617,-0.09885473176612425,-0.04819277108433731,-0.1334064316260892,-0.6499999999999986,0.21756580575613232
2025-12-03,0.31372054443658587,0.24096385542168675,0.1566265060240964,83,0.08433734939759036,16.08,19.71,92.39,-0.001052800889031924,-0.09763681592039797,-0.10843373493975905,0.30888142841185084,-0.5100000000000016,0.12531347400354748
2025-12-04,0.22136710591692038,0.26506024096385544,0.13253012048192772,83,0.13253012048192772,15.78,19.49,91.28,0.0048656467803445125,-0.055766793409378845,0.048192771084337366,-0.09235343851966549,-0.29999999999999893,0.18302471755092845
2025-12-05,0.054761304399227134,0.18072289156626506,0.1927710843373494,83,-0.012048192771084348,15.41,19.27,90.65,0.00892531610494518,-0.04282933160285529,-0.14457831325301207,-0.16660580151769325,-0.3699999999999992,0.05018585366900355
2025-12-08,0.04342162188723383,0.21686746987951808,0.1686746987951807,83,0.048192771084337366,16.66,19.91,97.35,0.008703538463789018,-0.07683073229291715,0.060240963855421714,-0.011339682511993306,1.25,0.07076651559507671
2025-12-09,0.11316027841991917,0.27710843373493976,0.14457831325301204,83,0.13253012048192772,16.93,20.08,98.14,0.00947235886624509,-0.08741878322504437,0.08433734939759036,0.06973865653268535,0.2699999999999996,0.14653723977592784
2025-12-10,0.01675339473157133,0.27710843373493976,0.1927710843373494,83,0.08433734939759036,15.77,19.35,99.11,0.009453582907922087,-0.08116677235256808,-0.048192771084337366,-0.09640688368834785,-1.1600000000000001,0.1351492288820259
2025-12-11,0.4382339890816024,0.2261904761904762,0.17857142857142858,84,0.047619047619047616,14.85,19.05,95.41,0.008691614550836446,0.018181818181818077,-0.03671830177854274,0.42148059435003105,-0.9199999999999999,0.1276209093234837
2025-12-12,0.042675397053116605,0.19047619047619047,0.2261904761904762,84,-0.035714285714285726,15.74,19.25,97.33,0.017616169913165836,0.015247776365946653,-0.08333333333333334,-0.39555859202848576,0.8900000000000006,0.01604944101645414
2025-12-15,0.4356859753328128,0.23809523809523808,0.15476190476190477,84,0.08333333333333331,16.5,19.68,100.37,0.014146577938389582,0.015151515151515138,0.11904761904761904,0.39301057827969615,0.7599999999999998,0.11098359649102935
2025-12-16,0.3682039957644674,0.19047619047619047,0.17857142857142858,84,0.01190476190476189,16.48,19.67,98.36,0.01969449231811682,-0.03883495145631066,-0.07142857142857142,-0.0674819795683454,-0.019999999999999574,0.040189589893327465
2025-12-17,0.42141176984243,0.23809523809523808,0.17857142857142858,84,0.05952380952380951,17.62,20.08,99.89,0.03017575215966639,-0.09988649262202054,0.047619047619047616,0.05320777407796262,1.1400000000000006,0.05163844215280919
2025-12-18,0.6248589313580184,0.2261904761904762,0.21428571428571427,84,0.011904761904761918,16.87,19.59,92.61,0.0016408709920616715,0.1908713692946058,-0.04761904761904759,0.2034471615155884,-0.75,0.027815575691370664
2025-12-19,0.6508105810056126,0.10714285714285714,0.2619047619047619,84,-0.15476190476190477,14.91,18.25,83.87,0.007067397405192466,0.1334674714956403,-0.16666666666666669,0.02595164964759422,-1.9600000000000009,-0.07666373755007744
2025-12-22,0.5784502693309753,0.09523809523809523,0.27380952380952384,84,-0.1785714285714286,14.08,17.79,81.97,0.006059898076894887,0.11079545454545459,-0.023809523809523836,-0.0723603116746373,-0.8300000000000001,-0.07413882087851387
2025-12-23,0.3824284293016437,0.17857142857142858,0.21428571428571427,84,-0.0357142857142857,14.0,17.84,85.14,0.0018460375603233103,0.14928571428571424,0.1428571428571429,-0.1960218400293316,-0.08000000000000007,0.07125658130210732
2025-12-24,0.389843124762858,0.17857142857142858,0.21428571428571427,84,-0.0357142857142857,13.47,17.77,85.24,0.003403922477476229,0.19896065330363766,0.0,0.00741469546121426,-0.5299999999999994,0.08807254932015113
2025-12-26,0.20603397864034076,0.21428571428571427,0.20238095238095238,84,0.01190476190476189,13.6,17.77,84.24,0.007503875070620447,0.20220588235294135,0.04761904761904759,-0.18380914612251723,0.129999999999999,0.13156692553854646
2025-12-29,0.35860775708561066,0.2619047619047619,0.14285714285714285,84,0.11904761904761907,14.2,17.82,85.88,0.01100530638947439,0.15140845070422548,0.10714285714285718,0.1525737784452699,0.5999999999999996,0.21967283775531637
2025-12-30,0.228660583053476,0.23809523809523808,0.15476190476190477,84,0.08333333333333331,14.33,17.77,87.13,0.01023274770381799,0.17794836008374038,-0.035714285714285754,-0.12994717403213465,0.13000000000000078,0.17983388064037836
2025-12-31,0.3420119753956078,0.2976190476190476,0.13095238095238096,84,0.16666666666666666,14.95,18.18,92.67,0.014737799155326137,0.1665551839464885,0.08333333333333334,0.11335139234213179,0.6199999999999992,0.24349570421675484
2026-01-02,0.8669498743696695,0.34523809523809523,0.13095238095238096,84,0.21428571428571427,14.51,18.02,90.1,0.017916477597084146,0.12611991729841487,0.047619047619047616,0.5249378989740617,-0.4399999999999995,0.3050751781149331
2026-01-05,0.6871702978727364,0.3333333333333333,0.14285714285714285,84,0.19047619047619047,14.9,18.32,90.51,0.002631885069504847,0.20805369127516782,-0.023809523809523808,-0.1797795764969331,0.39000000000000057,0.26889164010345257
2026-01-06,0.6543952389037517,0.2857142857142857,0.19047619047619047,84,0.09523809523809523,14.75,18.15,89.01,-0.0081236177563202,0.2637288135593221,-0.09523809523809523,-0.032775058968984694,-0.15000000000000036,0.1784127810968792
2026-01-07,0.48362696154783497,0.30952380952380953,0.19047619047619047,84,0.11904761904761907,15.38,18.59,91.86,-0.01734389048406282,0.4154746423927178,0.023809523809523836,-0.17076827735591676,0.6300000000000008,0.18223351273401134
2026-01-08,0.5579261823577463,0.34523809523809523,0.2261904761904762,84,0.11904761904761904,15.45,18.39,89.85,0.0016098388710823475,0.14951456310679623,-2.7755575615628914e-17,0.0742992208099113,0.06999999999999851,0.1800125358259678
2026-01-09,0.4647539927011536,0.27380952380952384,0.20238095238095238,84,0.07142857142857145,14.49,17.88,88.19,-0.00017289322402636031,0.19806763285024154,-0.04761904761904759,-0.09317218965659269,-0.9599999999999991,0.16285260008865987
2026-01-12,0.644195881239062,0.2619047619047619,0.2261904761904762,84,0.035714285714285726,15.12,18.23,93.13,-0.004373093963979446,0.17658730158730163,-0.035714285714285726,0.17944188853790843,0.629999999999999,0.10714952220198251
2026-01-13,0.6684938317718769,0.2261904761904762,0.25,84,-0.023809523809523808,15.98,18.85,101.07,-0.0026089337965030657,0.10450563204004992,-0.059523809523809534,0.024297950532814916,0.8600000000000012,0.020339424950781143
2026-01-14,0.8680465694082368,0.20238095238095238,0.27380952380952384,84,-0.07142857142857145,16.75,19.37,104.85,-0.0131670432817661,0.24298507462686558,-0.047619047619047644,0.19955273763635983,0.7699999999999996,-0.05171036865674511
2026-01-15,0.3592166869542024,0.2619047619047619,0.30952380952380953,84,-0.047619047619047616,15.84,18.9,100.9,-0.015153703917716421,0.3005050505050506,0.023809523809523836,-0.5088298824540344,-0.9100000000000001,0.0009718549573443647
2026-01-16,0.7127026809142817,0.2619047619047619,0.32142857142857145,84,-0.059523809523809534,15.86,18.99,102.05,-0.012737472168406372,0.2793190416141236,-0.011904761904761918,0.3534859939600793,0.019999999999999574,-0.011567471778287097
2026-01-20,1.1097745321430894,0.2619047619047619,0.27380952380952384,84,-0.011904761904761918,20.09,21.28,117.05,0.012854570678000998,-0.023394723743155765,0.047619047619047616,0.3970718512288077,4.23,-0.09815888588815486
2026-01-21,1.0647656696186527,0.30952380952380953,0.2619047619047619,84,0.047619047619047616,16.9,19.36,102.57,-0.0013422818791946067,0.19704142011834325,0.059523809523809534,-0.0450088625244367,-3.1900000000000013,0.0625780141593521
2026-01-22,0.6117093948046648,0.2976190476190476,0.25,84,0.047619047619047616,15.64,18.75,96.12,0.0006531394234954302,0.22058823529411753,0.0,-0.4530562748139879,-1.259999999999998,0.10255559850413537
2026-01-23,0.7402661442597596,0.2976190476190476,0.27380952380952384,84,0.02380952380952378,16.09,19.15,101.83,-0.00992411821888195,0.3057799875699194,-0.023809523809523836,0.12855674945509477,0.4499999999999993,0.06446836600004607
2026-01-26,0.5214924440424952,0.30952380952380953,0.2976190476190476,84,0.011904761904761918,16.15,19.07,99.75,-0.007766373623200984,0.2105263157894739,-0.011904761904761862,-0.2187737002172644,0.05999999999999872,0.05065990960267558
2026-01-27,0.7394605065068193,0.27380952380952384,0.2857142857142857,84,-0.011904761904761862,16.35,19.22,101.26,-0.0033645343570720687,0.09663608562691128,-0.02380952380952378,0.2179680624643241,0.20000000000000284,0.020504737484455915
2026-01-28,0.7937565619988899,0.2857142857142857,0.32142857142857145,84,-0.035714285714285754,16.35,19.3,100.46,-0.0088004371458974,0.13944954128440346,-0.02380952380952389,0.054296055492070616,0.0,-0.0033047863250679765
2026-01-29,0.7943578531034496,0.2976190476190476,0.2976190476190476,84,0.0,16.88,19.67,101.76,-0.011598755114978876,0.17654028436018954,0.035714285714285754,0.0006012911045597535,0.5299999999999976,0.01559353137117403
2026-01-30,0.8113453882272724,0.2976190476190476,0.27380952380952384,84,0.02380952380952378,17.44,20.07,108.18,-0.008078384901079594,0.22935779816513757,0.02380952380952378,0.016987535123822783,0.5600000000000023,0.02163523991634969
2026-02-02,0.6981055165817629,0.34523809523809523,0.27380952380952384,84,0.0714285714285714,16.34,19.37,98.77,-0.02168504910772051,0.4424724602203183,0.047619047619047616,-0.11323987164550953,-1.1000000000000014,0.104155353233224
2026-02-03,1.1199801563867733,0.40476190476190477,0.27380952380952384,84,0.13095238095238093,18.0,20.35,103.82,-0.006381158180209678,0.17499999999999982,0.059523809523809534,0.4218746398050104,1.6600000000000001,0.11101028179485872
2026-02-04,1.0960029785829808,0.4880952380952381,0.20238095238095238,84,0.2857142857142857,18.64,20.62,106.16,-0.007111732901966095,0.2741416309012876,0.15476190476190477,-0.023977177803792493,0.6400000000000006,0.24546611196893697
2026-02-05,1.7367076902502763,0.47619047619047616,0.19047619047619047,84,0.2857142857142857,21.77,22.45,117.07,-0.007732947669785384,0.35461644464859887,0.0,0.6407047116672955,3.129999999999999,0.1461567159378483
2026-02-06,1.7702456542752703,0.42857142857142855,0.19047619047619047,84,0.23809523809523808,17.76,20.37,100.99,-0.017882482407112432,0.43581081081081074,-0.047619047619047616,0.03353796402499398,-4.009999999999998,0.22576791690815073
2026-02-09,1.3207113539479554,0.39285714285714285,0.20238095238095238,84,0.19047619047619047,17.36,20.09,98.6,-0.02416600619641196,0.4360599078341014,-0.047619047619047616,-0.4495343003273149,-0.40000000000000213,0.19084016590649466
2026-02-10,1.103909122053622,0.42857142857142855,0.20238095238095238,84,0.22619047619047616,17.79,20.43,100.81,-0.02281396289660742,0.36200112422709396,0.0357142857142857,-0.21680223189433345,0.4299999999999997,0.21291130775708456
2026-02-11,1.3121131861822917,0.44047619047619047,0.2261904761904762,84,0.21428571428571427,17.65,20.37,102.15,-0.03742990924330902,0.5461756373937678,-0.01190476190476189,0.20820406412866976,-0.14000000000000057,0.2054484996684097
2026-02-12,1.3208198039116883,0.4642857142857143,0.20238095238095238,84,0.2619047619047619,20.82,22.17,112.3,-0.027859732558310202,0.3059558117195005,0.047619047619047644,0.008706617729396626,3.1700000000000017,0.15248902159462935
2026-02-13,1.760608282636066,0.47619047619047616,0.17857142857142858,84,0.29761904761904756,20.6,22.17,115.52,-0.018657865786578687,0.14126213592233006,0.03571428571428564,0.43978847872437776,-0.21999999999999886,0.1951835204484803
2026-02-17,1.4558027062583163,0.4880952380952381,0.17857142857142858,84,0.30952380952380953,20.29,21.6,107.09,-0.017661272607454093,0.10251355347461821,0.011904761904761973,-0.30480557637774974,-0.3100000000000023,0.21692403723172082
2026-02-18,1.355055352594267,0.39285714285714285,0.20238095238095238,84,0.19047619047619047,19.62,21.39,108.69,-0.03622375380669984,0.2787971457696228,-0.11904761904761907,-0.1007473536640493,-0.6699999999999982,0.11913434001823253
2026-02-19,1.8751771424149282,0.4166666666666667,0.21428571428571427,84,0.2023809523809524,20.23,21.88,111.67,-0.03605656848994865,0.18932278793870472,0.011904761904761946,0.5201217898206612,0.6099999999999994,0.11168487458147244
2026-02-20,1.6431164355187187,0.4166666666666667,0.20238095238095238,84,0.2142857142857143,19.09,21.09,108.71,-0.05926635046342621,0.40282870612886335,0.01190476190476189,-0.2320607068962095,-1.1400000000000006,0.15975983184580012
2026-02-23,1.8688532851332293,0.49411764705882355,0.2,85,0.29411764705882354,21.01,22.14,115.66,-0.03958147100631604,0.24464540694907178,0.07983193277310924,0.22573684961451068,1.9200000000000017,0.17867354085543002
2026-02-24,1.673172366007928,0.47058823529411764,0.2235294117647059,85,0.24705882352941175,19.55,21.34,108.61,-0.049712664581363364,0.37851662404092057,-0.04705882352941179,-0.19568091912530128,-1.4600000000000009,0.17793794997949727
2026-02-25,1.5514100696801467,0.4823529411764706,0.23529411764705882,85,0.24705882352941178,17.93,20.36,103.98,-0.05241289764120305,0.41271611823759047,2.7755575615628914e-17,-0.12176229632778135,-1.620000000000001,0.22933770127993303
2026-02-26,1.7276226778667962,0.5294117647058824,0.2235294117647059,85,0.3058823529411765,18.63,20.81,104.15,-0.06413753082837648,0.4728931830381107,0.05882352941176472,0.17621260818664952,0.6999999999999993,0.2659514616112626
2026-02-27,2.0677477960940607,0.5294117647058824,0.18823529411764706,85,0.3411764705882353,19.86,21.56,110.89,-0.07565707954926448,0.5634441087613293,0.03529411764705881,0.34012511822726443,1.2300000000000004,0.2622198421598425
2026-03-02,2.0474196253358863,0.46511627906976744,0.2441860465116279,86,0.22093023255813954,21.44,22.44,113.44,-0.07927095777849003,0.42770522388059695,-0.12024623803009576,-0.02032817075817439,1.5800000000000018,0.0918429824910501
2026-03-03,2.159821576412218,0.5232558139534884,0.16279069767441862,86,0.3604651162790698,23.57,23.54,116.02,-0.04408154866020908,0.07127704709376315,0.13953488372093026,0.11240195107633166,2.129999999999999,0.16379671172437055
2026-03-04,1.9361906324592095,0.38372093023255816,0.18604651162790697,86,0.19767441860465118,21.15,22.29,106.94,-0.04362675696583129,0.16028368794326253,-0.16279069767441862,-0.22363094395300842,-2.4200000000000017,0.07778835858517075
2026-03-05,2.438079474009738,0.27906976744186046,0.13953488372093023,86,0.13953488372093023,23.75,23.86,115.93,-0.037398541045926104,0.00505263157894742,-0.05813953488372095,0.5018888415505283,2.6000000000000014,-0.06284460431159525
2026-03-06,2.311000156995338,0.29069767441860467,0.1511627906976744,86,0.13953488372093026,29.49,27.56,140.44,-0.02000356941015502,-0.18040013563919965,2.7755575615628914e-17,-0.12707931701439978,5.739999999999998,-0.24496471077116355
2026-03-09,2.6228907570220557,0.3488372093023256,0.1511627906976744,86,0.19767441860465118,25.5,25.34,122.6,-0.028086160378610225,0.01098039215686275,0.05813953488372092,0.31189060002671765,-3.9899999999999984,-0.060229492128962225
2026-03-10,1.9544014574404833,0.4418604651162791,0.12790697674418605,86,0.313953488372093,24.93,25.51,125.36,-0.0017277533299860925,-0.15603690332932207,0.11627906976744184,-0.6684892995815723,-0.5700000000000003,0.07413467531826257
2026-03-11,2.077701406491646,0.45348837209302323,0.18604651162790697,86,0.26744186046511625,24.23,24.97,122.49,0.005293273993464576,-0.19562525794469676,-0.04651162790697677,0.1232999490511626,-0.6999999999999993,0.049832816491720944
2026-03-12,2.025214510020955,0.46511627906976744,0.10465116279069768,86,0.36046511627906974,27.29,26.95,130.18,0.02011830765997069,-0.295346280688897,0.09302325581395349,-0.05248689647069105,3.0599999999999987,0.04576765318262932
2026-03-13,2.1486439133861186,0.43023255813953487,0.13953488372093023,86,0.2906976744186046,27.19,27.28,131.05,0.035951018436032545,-0.29680029422581833,-0.06976744186046513,0.12342940336516373,-0.09999999999999787,-0.02082696452348809
2026-03-16,1.8652360173394567,0.46511627906976744,0.16279069767441862,86,0.3023255813953488,23.51,24.92,116.78,0.03801025365080801,-0.2190557209698002,0.011627906976744207,-0.28340789604666194,-3.6799999999999997,0.1075608713332582
2026-03-17,1.8579898740349816,0.37209302325581395,0.19767441860465115,86,0.1744186046511628,22.37,24.33,110.55,0.043456223259142446,-0.18775145283862316,-0.12790697674418602,-0.007246143304475039,-1.1400000000000006,0.01582408994863807
2026-03-18,1.5783298505013084,0.4883720930232558,0.1511627906976744,86,0.3372093023255814,25.09,26.56,126.5,0.06082276280180832,-0.2849740932642486,0.1627906976744186,-0.27966002353367325,2.719999999999999,0.09231397062479435
2026-03-19,1.7642870473598757,0.46511627906976744,0.19767441860465115,86,0.2674418604651163,24.06,25.54,118.09,0.07629584722643235,-0.2734829592684954,-0.06976744186046507,0.18595719685856738,-1.0300000000000011,0.0552266175541124
2026-03-20,2.082275233043244,0.47674418604651164,0.13953488372093023,86,0.33720930232558144,26.78,27.43,126.28,0.09274249502752197,-0.29536967886482446,0.06976744186046513,0.3179881856833682,2.7200000000000024,0.03869324241631511
2026-03-23,1.7882547993827171,0.4186046511627907,0.1511627906976744,86,0.2674418604651163,26.15,26.1,122.82,0.07430803503311068,-0.254302103250478,-0.06976744186046513,-0.29402043366052677,-0.6300000000000026,-0.01108540727175833
2026-03-24,2.0336155856496427,0.47674418604651164,0.1511627906976744,86,0.32558139534883723,26.95,26.56,124.14,0.08884227931045063,-0.2979591836734693,0.05813953488372092,0.2453607862669256,0.8000000000000007,0.021671534377179613
2026-03-25,1.9791994057118831,0.5116279069767442,0.16279069767441862,86,0.3488372093023256,25.33,25.63,119.37,0.07860601077920881,-0.2376628503750493,0.023255813953488358,-0.0544161799377596,-1.620000000000001,0.0963270996311037
2026-03-26,1.9565789915973306,0.5581395348837209,0.10465116279069768,86,0.45348837209302323,27.44,27.16,124.43,0.10672929358694128,-0.3181486880466472,0.10465116279069764,-0.02262041411455251,2.110000000000003,0.13403167276506084
2026-03-27,2.1665516759908288,0.6162790697674418,0.09302325581395349,86,0.5232558139534884,31.05,29.27,133.18,0.127868283682127,-0.419645732689211,0.06976744186046518,0.20997268439349814,3.6099999999999994,0.08926016265356751
2026-03-30,2.282113033394334,0.6627906976744186,0.08139534883720931,86,0.5813953488372092,30.61,29.13,127.84,0.12614522841274112,-0.4175106174452794,0.05813953488372081,0.11556135740350504,-0.4400000000000013,0.16136012381641907
2026-03-31,2.0794442413972978,0.6395348837209303,0.12790697674418605,86,0.5116279069767442,25.25,25.55,116.05,0.09416612848663775,-0.25504950495049505,-0.06976744186046502,-0.20266879199703602,-5.359999999999999,0.2616560566290005
2026-04-01,1.8899033690622273,0.6395348837209303,0.13953488372093023,86,0.5,24.54,24.86,114.83,0.09678896282278249,-0.31173594132029336,-0.011627906976744207,-0.18954087233507044,-0.7100000000000009,0.27255520114812626
2026-04-02,2.0812459481511207,0.5348837209302325,0.1744186046511628,86,0.36046511627906974,23.87,24.72,115.33,0.09883658875013324,-0.28822790113112706,-0.13953488372093026,0.1913425790888934,-0.6699999999999982,0.15427823926132678
2026-04-06,1.8432116728657313,0.3953488372093023,0.18604651162790697,86,0.20930232558139533,24.17,24.77,113.53,0.0896605102211161,-0.2432767894083575,-0.1511627906976744,-0.23803427528538945,0.3000000000000007,-0.006403023899391236
2026-04-07,2.061726083874131,0.45348837209302323,0.1744186046511628,86,0.2790697674418604,25.78,25.57,117.3,0.09791875246503445,-0.32583397982932516,0.06976744186046507,0.21851441100839963,1.6099999999999994,0.01228194907607294
2026-04-08,1.7031431674812392,0.36046511627906974,0.18604651162790697,86,0.17441860465116277,21.04,22.68,111.07,0.08553127912309,-0.17347908745247143,-0.10465116279069764,-0.35858291639289175,-4.740000000000002,0.05802265120146499
2026-04-09,1.4139445580335195,0.36046511627906974,0.16279069767441862,86,0.19767441860465113,19.49,21.81,105.37,0.07599535232604326,-0.12365315546434075,0.023255813953488358,-0.2891986094477197,-1.5500000000000007,0.1304572395473455
2026-04-10,1.1237424277600347,0.3488372093023256,0.11627906976744186,86,0.23255813953488375,19.23,21.86,107.3,0.08559738615959733,-0.10608424336973477,0.03488372093023262,-0.29020213027348474,-0.259999999999998,0.17359030327888253
2026-04-13,1.2110396853771574,0.2558139534883721,0.12790697674418605,86,0.12790697674418605,19.12,21.34,102.63,0.0775397172423844,-0.03870292887029303,-0.1046511627906977,0.0872972576171227,-0.10999999999999943,0.0724292470579675
2026-04-14,0.725976776197285,0.2558139534883721,0.12790697674418605,86,0.12790697674418605,18.36,20.82,95.4,0.06295538979926829,-0.02015250544662317,0.0,-0.4850629091798725,-0.7600000000000016,0.0965427106310115
2026-04-15,0.5101827895799462,0.22093023255813954,0.11627906976744186,86,0.10465116279069768,18.17,20.78,97.65,0.06053376003657451,-0.016510731975784343,-0.023255813953488372,-0.21579398661733873,-0.18999999999999773,0.07931526257078396
2026-04-16,0.5025442450610718,0.18604651162790697,0.1511627906976744,86,0.034883720930232565,17.94,20.77,96.8,0.06628566542199921,-0.03790412486064654,-0.06976744186046512,-0.007638544518874468,-0.23000000000000043,0.016845316265318988
2026-04-17,0.3838525213566371,0.11627906976744186,0.16279069767441862,86,-0.04651162790697676,17.48,20.51,95.13,0.04087926324386726,0.05434782608695654,-0.08139534883720932,-0.11869172370443465,-0.46000000000000085,-0.049955041461890046
2026-04-20,0.46758917781864145,0.10465116279069768,0.1511627906976744,86,-0.04651162790697673,18.87,21.24,98.15,0.042231064454227196,-0.055643879173290944,2.7755575615628914e-17,0.08373665646200434,1.3900000000000006,-0.0940572972073256
2026-04-21,0.40464045023962825,0.13953488372093023,0.1511627906976744,86,-0.011627906976744179,19.5,21.51,101.89,0.04211169185319852,-0.0738461538461539,0.03488372093023255,-0.06294872757901321,0.629999999999999,-0.07916236844948463
2026-04-22,0.49261436837053924,0.08139534883720931,0.13953488372093023,86,-0.05813953488372092,18.92,21.24,98.73,0.042237876295327714,-0.07822410147991543,-0.046511627906976744,0.08797391813091099,-0.5799999999999983,-0.10727161626124371
2026-04-23,0.6639290759290908,0.11627906976744186,0.13953488372093023,86,-0.023255813953488372,19.31,21.48,98.57,0.04837320911849807,-0.13205592957017076,0.03488372093023255,0.17131470755855155,0.389999999999997,-0.08476190953296787
2026-04-24,0.36620743080087453,0.10465116279069768,0.16279069767441862,86,-0.058139534883720936,18.71,21.3,97.18,0.04440149032131546,-0.10742918225547848,-0.034883720930232565,-0.29772164512821625,-0.5999999999999979,-0.10060868553711312
2026-04-27,0.23226862174784962,0.08139534883720931,0.1511627906976744,86,-0.0697674418604651,18.02,20.77,93.86,0.049526685962778094,-0.05604883462819077,-0.011627906976744165,-0.1339388090530249,-0.6900000000000013,-0.09034410584885685
2026-04-28,0.40104308474937106,0.09302325581395349,0.1511627906976744,86,-0.05813953488372092,17.83,20.49,91.03,0.05447596565920554,-0.0863712843522153,0.011627906976744179,0.16877446300152144,-0.19000000000000128,-0.07268783297885173
2026-04-29,0.35875388815506953,0.12790697674418605,0.1511627906976744,86,-0.023255813953488358,18.81,21.19,96.02,0.060457011158267404,-0.16321105794790003,0.034883720930232565,-0.042289196594301526,0.9800000000000004,-0.06889778876122837
2026-04-30,0.32097066200365904,0.12790697674418605,0.13953488372093023,86,-0.011627906976744179,16.89,20.08,93.7,0.05262572009016786,-0.09295441089402012,0.011627906976744179,-0.0377832261514105,-1.9199999999999982,0.0036483419789950233
2026-05-01,0.20862402012008943,0.08139534883720931,0.1511627906976744,86,-0.0697674418604651,16.99,20.37,95.17,0.05257753417054056,-0.055326662742789745,-0.05813953488372092,-0.1123466418835696,0.09999999999999787,-0.05766401705907373
2026-05-04,0.1702698606118589,0.13953488372093023,0.13953488372093023,86,0.0,18.29,21.05,98.29,0.057882202197740984,-0.1377802077638054,0.0697674418604651,-0.03835415950823054,1.3000000000000007,-0.029143289205131095
2026-05-05,-0.07369878313696926,0.11627906976744186,0.1511627906976744,86,-0.03488372093023255,17.38,20.82,95.26,0.04209900935380029,-0.07594936708860767,-0.03488372093023255,-0.24396864374882815,-0.9100000000000001,-0.0351543103307979
2026-05-06,0.10171103415855048,0.13953488372093023,0.16279069767441862,86,-0.023255813953488386,17.39,20.57,93.7,0.03169671449790812,-0.11443358251868896,0.011627906976744165,0.17540981729551974,0.010000000000001563,-0.02384368576948856
2026-05-07,0.06195744307037823,0.1744186046511628,0.16279069767441862,86,0.011627906976744179,17.08,20.35,93.61,0.00816041991306471,0.2593676814988293,0.034883720930232565,-0.03975359108817225,-0.3100000000000023,0.020875790039222547
2026-05-08,-0.06691973644490858,0.1744186046511628,0.23255813953488372,86,-0.05813953488372092,17.19,20.5,96.78,0.0021691385808411123,0.10063990692262936,-0.0697674418604651,-0.12887717951528682,0.11000000000000298,-0.052381758391025324
2026-05-11,-0.5265419622639966,0.16279069767441862,0.23255813953488372,86,-0.0697674418604651,18.38,21.24,98.06,-0.0030434194508318635,0.08106637649619164,-0.011627906976744179,-0.45962222581908807,1.1899999999999977,-0.10176627280450931
2026-05-12,-0.1841602345719523,0.1744186046511628,0.2558139534883721,86,-0.08139534883720931,17.99,21.04,98.55,-0.017272210030073953,0.23513062812673713,-0.011627906976744207,0.34238172769204434,-0.39000000000000057,-0.10102016557929669
2026-05-13,-0.6976280717550447,0.20930232558139536,0.2441860465116279,86,-0.03488372093023254,17.87,21.18,98.36,-0.006129514623270493,0.08785674314493574,0.04651162790697677,-0.5134678371830924,-0.11999999999999744,-0.05070114868710254
2026-05-14,-0.3716336442564847,0.20930232558139536,0.22093023255813954,86,-0.011627906976744179,17.26,20.85,94.26,-0.008580937487469353,0.024333719582850355,0.023255813953488358,0.32599442749856,-0.6099999999999994,-0.00809110739209215
2026-05-15,-0.3168899771334325,0.19767441860465115,0.2441860465116279,86,-0.046511627906976744,18.43,21.36,92.94,0.021185924753439833,-0.12099837221920784,-0.034883720930232565,0.05474366712305223,1.1699999999999982,-0.08009687092819487
2026-05-18,0.34617433575263884,0.2441860465116279,0.2558139534883721,86,-0.011627906976744207,17.82,20.92,91.18,0.01581263115142506,-0.07912457912457915,0.03488372093023254,0.6630643128860714,-0.6099999999999994,-0.025858922656440297
2026-05-19,0.10934359172897228,0.23255813953488372,0.2441860465116279,86,-0.011627906976744179,18.06,21.12,94.61,0.009853760920229604,0.021040974529346723,2.7755575615628914e-17,-0.23683074402366655,0.23999999999999844,-0.03347370062687513
2026-05-20,0.29608479820159894,0.26744186046511625,0.26744186046511625,86,0.0,17.44,20.76,96.45,0.007406408094435157,-0.05963302752293598,0.011627906976744179,0.18674120647262665,-0.6199999999999974,-0.0021742838931740893
2026-05-21,0.18770640188867313,0.19767441860465115,0.3023255813953488,86,-0.10465116279069767,16.76,20.0,91.88,0.002248492029297555,0.031026252983293423,-0.10465116279069767,-0.10837839631292581,-0.6799999999999997,-0.08525024243430626
2026-05-22,2.3299242683055397,0.19767441860465115,0.3023255813953488,86,-0.10465116279069767,16.7,20.03,91.16,-0.01617402499865883,0.16706586826347292,0.0,2.1422178664168667,-0.060000000000002274,-0.08334654794169741
2026-05-26,-0.1726800496843293,0.18604651162790697,0.3023255813953488,86,-0.11627906976744184,17.01,19.89,89.55,-0.023115149415792957,0.11052322163433259,-0.011627906976744179,-2.502604317989869,0.3100000000000023,-0.10481020979692013
2026-05-27,-0.22910276629703424,0.1511627906976744,0.27906976744186046,86,-0.12790697674418605,16.29,19.45,87.53,-0.021533459478186856,0.1301411909146717,-0.011627906976744207,-0.056422716612704954,-0.7200000000000024,-0.09359378286235942
2026-05-28,-0.20722121300326482,0.13953488372093023,0.3023255813953488,86,-0.1627906976744186,15.74,19.11,86.03,-0.033938510469122773,0.12134688691232509,-0.03488372093023254,0.021881553293769423,-0.5499999999999989,-0.11102697094367872
2026-05-29,0.263547453638504,0.1744186046511628,0.3023255813953488,86,-0.12790697674418602,15.32,18.66,86.06,-0.020463197969543212,0.07375979112271525,0.034883720930232565,0.47076866664176886,-0.41999999999999993,-0.06281738856518501
2026-06-01,-0.24624702180045596,0.22093023255813954,0.36046511627906974,86,-0.1395348837209302,16.05,19.43,91.6,-0.015516650407361499,,-0.011627906976744179,-0.50979447543896,0.7300000000000004,-0.09760691186866871
2026-06-02,-0.12089772322961677,0.16279069767441862,0.36046511627906974,86,-0.19767441860465113,15.77,19.49,90.53,-0.018181339442052802,,-0.05813953488372092,0.1253492985708392,-0.28000000000000114,-0.14686253912021557
2026-06-03,-0.1736442366363258,0.18604651162790697,0.37209302325581395,86,-0.18604651162790697,16.06,19.76,89.8,,,0.011627906976744151,-0.052746513406709036,0.28999999999999915,-0.1444358221910803
2026-06-04,-0.22581247565914017,0.1511627906976744,0.36046511627906974,86,-0.20930232558139533,15.4,19.23,85.75,,,-0.023255813953488358,-0.05216823902281437,-0.6599999999999984,-0.14675099672587266
2026-06-05,0.516474496769007,0.23255813953488372,0.3372093023255814,86,-0.10465116279069767,21.51,21.82,102.04,,,0.10465116279069767,0.7422869724281472,6.110000000000001,-0.23595938976583067
2026-06-08,0.183058782945257,0.1744186046511628,0.32558139534883723,86,-0.15116279069767444,18.92,20.79,92.4,,,-0.04651162790697677,-0.33341571382375,-2.59,-0.20029487207519722
2026-06-09,0.4084098658622397,0.22093023255813954,0.27906976744186046,86,-0.05813953488372092,19.87,21.31,95.81,,,0.09302325581395351,0.22535108291698272,0.9499999999999993,-0.13741344572754854
2026-06-10,-0.03776286867375817,0.2558139534883721,0.27906976744186046,86,-0.023255813953488358,22.22,22.89,108.16,,,0.034883720930232565,-0.4461727345359979,2.349999999999998,-0.17709109242449123
2026-06-11,0.19089565181910703,0.1744186046511628,0.2558139534883721,86,-0.08139534883720931,19.44,21.42,100.63,,,-0.05813953488372095,0.2286585204928652,-2.7799999999999976,-0.14702611581734112
2026-06-12,0.9486678641176941,0.19767441860465115,0.27906976744186046,86,-0.08139534883720931,17.68,20.51,93.82,,,0.0,0.757772212298587,-1.7600000000000016,-0.09118441070081826
2026-06-15,-0.040593693616945606,0.1511627906976744,0.3023255813953488,86,-0.1511627906976744,16.2,19.36,87.58,,,-0.0697674418604651,-0.9892615577346398,-1.4800000000000004,-0.11399405507693477
2026-06-16,0.021581440008704187,0.14942528735632185,0.2988505747126437,87,-0.14942528735632185,16.41,19.53,87.69,,,0.0017375033413525587,0.06217513362564979,0.21000000000000085,-0.11891948245971282
2026-06-17,-0.3161291311443896,0.16091954022988506,0.3218390804597701,87,-0.16091954022988506,18.44,20.62,94.53,,,-0.011494252873563204,-0.33771057115309383,2.030000000000001,-0.194822065666538
2026-06-18,0.06625053805651962,0.20689655172413793,0.2988505747126437,87,-0.09195402298850577,16.4,19.57,88.43,,,0.06896551724137928,0.38237966920090927,-2.0400000000000027,-0.0611309356764618
2026-06-22,0.021293358604913645,0.20689655172413793,0.3103448275862069,87,-0.10344827586206898,17.28,19.76,91.72,,,-0.011494252873563204,-0.044957179451605975,0.8800000000000026,-0.1005460411082865
2026-06-23,0.004000480436670413,0.21839080459770116,0.2988505747126437,87,-0.08045977011494254,19.49,21.06,99.5,,,0.022988505747126436,-0.017292878168243233,2.2099999999999973,-0.14767694917224816
2026-06-25,0.19827422978573303,0.20689655172413793,0.25287356321839083,87,-0.0459770114942529,18.89,20.33,91.19,,,0.03448275862068964,0.1942737493490626,-0.5999999999999979,-0.09415724562547131
2026-06-26,0.7126541090438651,0.20689655172413793,0.28735632183908044,87,-0.08045977011494251,18.41,20.13,89.02,,,-0.03448275862068961,0.514379879258132,-0.4800000000000004,-0.1134104483052911
2026-06-29,0.05426438364136171,0.20689655172413793,0.2413793103448276,87,-0.03448275862068967,17.65,19.53,88.71,,,0.045977011494252845,-0.6583897254025033,-0.7600000000000016,-0.04331997323799425
2026-06-30,0.020719700006371345,0.19540229885057472,0.22988505747126436,87,-0.03448275862068964,16.45,19.0,86.87,,,2.7755575615628914e-17,-0.03354468363499037,-1.1999999999999993,-0.005246083385819694
